[
  {
    "title": "زرشک پلو به سبک لرستان",
    "location": {
      "province": "لرستان",
      "city": "خرم‌آباد",
      "latitude": 33.4878,
      "longitude": 48.3558
    },
    "ingredients": [
      {
        "name": "تکه مرغ بزرگ",
        "amount": 2.0,
        "unit": null
      },
      {
        "name": "برنج",
        "amount": 2.0,
        "unit": "پیمانه"
      },
      {
        "name": "نمک ، فلفل سیاه ، فلفل قرمز ،دارچین، کاری ، پودر سیر ، زردچوبه",
        "amount": null,
        "unit": null
      },
      {
        "name": "رب گوجه",
        "amount": 2.0,
        "unit": "قاشق غذاخوری"
      },
      {
        "name": "فلفل دلمه",
        "amount": 1.0,
        "unit": "عدد"
      },
      {
        "name": "پیاز",
        "amount": 1.0,
        "unit": "عدد"
      },
      {
        "name": "کره",
        "amount": 15.0,
        "unit": "گرم"
      },
      {
        "name": "شکر",
        "amount": 1.0,
        "unit": "قاشق غذاخوری"
      },
      {
        "name": "آبلیمو",
        "amount": 1.0,
        "unit": "قاشق غذاخوری"
      },
      {
        "name": "زرشک",
        "amount": 5.0,
        "unit": "قاشق غذاخوری"
      },
      {
        "name": "سیب زمینی",
        "amount": 1.0,
        "unit": "عدد"
      }
    ],
    "instructions": [
      "سلام عزیزان ، برای درست کردن این زرشک پلوی خوشمزه اول برنج رو میذاریم دو ساعت با مقداری نمک خیس بخوره. پیاز رو نگینی خرد کرده و تفت میدهیم تا نرم شود.مرغ ها رو اضافه کرده و مقداری نمک ،فلفل سیاه ،فلفل قرمز ،دارچین ، کاری ،پودر سیر و زردچوبه را به همراه فلفل دلمه ای اضافه میکنیم و تا حدی که روی مرغها را آب بگیرد آب اضافه میکنیم و میذاریم مرغمون یک ساعت و نیم با شعله ی ملایم بپزد. نیم ساعت آخر یک قاشق زعفران دم کرده به آب مرغ اضافه میکنیم.",
      "در این زمان برنج رو آبکش میکنیم و با ته دیگ دلخواه (کنجد ، سیب زمینی ، زعفران) میذاریم دم بکشه. سیب زمینی خلالی میکنیم و با مقداری روغن در ماهیتابه سرخ میکنیم و برای تزیین کنار میذاریم. (با باقی مانده ی روغن مرغ ها رو سرخ میکنیم) روش سرخ کردن مرغ :👇",
      "مرغ که پخته شد آب مرغ رو جدا میکنیم و از صافی عبور میدیم و کنار میذاریم. مرغ ها رو با چنگال جدا میکنیم و با زعفران دم کرده سرخ میکنیم تا خوشرنگ شه.",
      "یک ربع زرشک ها رو با آب میذاریم خیس بخوره. بعد آبکش میکنیم و با مقدار کمی شکر و کره تفت میدیم و برای تزیین کنار میذاریم. حالا میریم سراغ سس مرغ : دو قاشق رب گوجه رو با مقداری روغن به خوبی تفت میدیم تا خامی رب گرفته شه... دو قاشق شکر با دو الی سه قاشق آبلیمو مخلوط میکنیم و با آب مرغ اونهارو به رب اضافه میکنیم و میذاریم حدود یک ربع سس غلیظ شه.در آخر اگه سس خیلی شیرین بود مقداری نمک به دلخواه اضافه کنین ،،، امیدوارم از این دستور استفاده کنید و لذت ببرید ، نوش جاااان 😍😍♥️"
    ],
    "meal_type": [
      "غذای اصلی برنجی"
    ],
    "occasion": "ناهار",
    "images": {
      "main": "https:\/\/img-global.cpcdn.com\/recipes\/eaf1e3c7dc27258f\/400x400cq70\/photo.jpg",
      "step1": null,
      "step2": null
    },
    "id": 155,
    "answer": "Good",
    "answer2": "Good",
    "annotator": 1,
    "annotation_id": 83,
    "created_at": "2025-04-27T14:55:32.912294Z",
    "updated_at": "2025-04-27T14:55:32.912294Z",
    "lead_time": 9.717
  },
  {
    "title": "آش رشته لرستان",
    "location": {
      "province": "لرستان",
      "city": "خرم‌آباد",
      "latitude": 33.4878,
      "longitude": 48.3558
    },
    "ingredients": [
      {
        "name": "نخود",
        "amount": 250.0,
        "unit": "گرم"
      },
      {
        "name": "لوبیا قرمز یا چیتی",
        "amount": 250.0,
        "unit": "گرم"
      },
      {
        "name": "عدس قرمز یا معمولی",
        "amount": 250.0,
        "unit": "گرم"
      },
      {
        "name": "بسته رشته آشی متوسط",
        "amount": 1.0,
        "unit": null
      },
      {
        "name": "پیازداغ درشت",
        "amount": 4.0,
        "unit": "عدد"
      },
      {
        "name": "بوته سیرداغ درشت",
        "amount": 5.0,
        "unit": null
      },
      {
        "name": "نمک فلفل سیاه وزردچوبه ",
        "amount": "بمقدارلازم",
        "unit": null
      },
      {
        "name": " دوغ محلی ترش وخالص",
        "amount": 1.0,
        "unit": "کیلو"
      },
      {
        "name": "پونه داغ یا نعناع ",
        "amount": "بمقدارلازم",
        "unit": null
      },
      {
        "name": "سبزی ریزآشی معطر",
        "amount": 500.0,
        "unit": "گرم"
      },
      {
        "name": "کشک محلی یاآماده کوچک",
        "amount": 1.0,
        "unit": "عدد"
      }
    ],
    "instructions": [
      "ابتدااریک روزقبل حبوبات خیس کنیدوطی چندمرتبه آبش روعوض کنیدتانفخشون گرفته بشه",
      "آب روهمراه دوغ وسبزی آش بزایردتاجوش بیاد",
      "حبوبات پخته شده روبهش اضافه کنید",
      "نمک وفلفل سیاه وزردچوبه رو اضافه کنیدوکشک روداخل کمی آب روان کنیدوداخل آش بریزید",
      "بزاریدتاترکیب موادخوب بپزه و۱\/۳آب قابلمه کم بشه وموادبخوبی ترکیب بشن.۱\/۳پیازوسیررواضافه کنیدتاآش طعم هاروبخودش بگیره",
      "رشته های آش رو اضافه کنید.وخوب هم بزنیدودرب قابلمه روبزاریدتاکمی لعاب بندازه",
      "برای اینکه آش زودترلعاب بگیره وابکی نباشه.مقداری آرددرحد۳الی...باتوجه بامقداراشتون داخل آب سردحل کنیدوبه آش اضافه کنیدتاغلیظتربشه",
      "درآخرکمی ازپونه داغی که درست کردیدبه آش اضافه کنید.",
      "وقتی آشتون کاملاجاافتادولعاب انداخت داخل ظروف موردنظربکشیدوبزاریدتاروی آش بسته بشه",
      "بعدباسیرداغ.پونه یانعناع.ومیازداغ وکشک تزیین کنید😍",
      "ماداخل آش رشته پونه محلی داغ میریزیم برای تزیینم همینطوراما.نعناع داغ نمیریزیم.و به خاطرترکیب پونه ودوغ وکشک محلی یه آش بینهایت خوشمزه ومعطرولذیذاست.جاتون سبز",
      "به درخواست همسرجان پختم😍.😘آش میتونه یه میش غذاحساب بشه یایک غذای کامل.سرشارازویتامین وبسیارقوت بخش بدن است.",
      "میتونیدازرنگ ژله ای برای داخل کشک برای تزیین آش هاتون استفاده کنیدخیلی شیک ومجلسی میشه"
    ],
    "meal_type": [
      "آش و سوپ"
    ],
    "occasion": "شام",
    "images": {
      "main": "https:\/\/img-global.cpcdn.com\/recipes\/93b387d8e26a6e38\/400x400cq70\/photo.jpg",
      "step1": null,
      "step2": null
    },
    "id": 156,
    "answer": "Bad",
    "answer2": "Bad",
    "annotator": 1,
    "annotation_id": 82,
    "created_at": "2025-04-27T14:55:15.673949Z",
    "updated_at": "2025-04-27T14:56:26.867999Z",
    "lead_time": 162.147
  },
  {
    "title": "کباب کوبیده لرستان",
    "location": {
      "province": "لرستان",
      "city": "خرم‌آباد",
      "latitude": 33.4878,
      "longitude": 48.3558
    },
    "ingredients": [
      {
        "name": "گوشت گوسفندی بادنبه",
        "amount": 2.0,
        "unit": "کیلو"
      },
      {
        "name": "پیاز رنده شده",
        "amount": 3.0,
        "unit": "عدد"
      },
      {
        "name": "نمک",
        "amount": 1.0,
        "unit": "قاشق مرباخوری"
      },
      {
        "name": "فلفل سیاه",
        "amount": 3.0,
        "unit": "قاشق مرباخوری"
      },
      {
        "name": "ریحان خشک شده",
        "amount": 1.0,
        "unit": "قاشق غذاخوری"
      }
    ],
    "instructions": [
      "ابتدا گوشت گوسفندی که چرخ شده بادنبه فراوان خوب ورزبدیدودریخچال قراربدیدخوب خنک باش",
      "پیازرارنده کنیدوآب پیازرابگیرید",
      "آب پیاز برای خیس کردن سیخ های کبابی است",
      "نمک و فلفل اضافه کنیدباپیازرنده شده خوب ورزبدید",
      "سیخ های مخصوص کباب روباآب پیازخیس کنیدوبمقداریک نارنگی درشت ازگوشت روبه سیخ بزنیدوحالت بدید",
      "میتونید داخل گوشت ریحان پودرشده خشک شده بزنبدخیلی خوشمزست این دلبخواهی هستش",
      "بعدروی منقل کباب کنیددرمرحله اول سریع سیخ گذاشتیدبتبدبرگردونیدتاگوشت نیوفته طی دوتاسه مرحله بعد دیگ گوشت تا مرحله کباب شدن واماده شدن اصلا ازسیخ نمیوفته",
      "بااینکه مهمان بودم و دستگاه کباب زن هم داشت خیلی ذوق کردمن براش کباب بزنم\nجاتون سبزعزیزان"
    ],
    "meal_type": [
      "غذای اصلی گوشتی"
    ],
    "occasion": "شام",
    "images": {
      "main": "https:\/\/img-global.cpcdn.com\/recipes\/979cbd2828d41eb2\/400x400cq70\/photo.jpg",
      "step1": null,
      "step2": null
    },
    "id": 157,
    "answer2": "Good",
    "answer": "Good",
    "annotator": 1,
    "annotation_id": 84,
    "created_at": "2025-04-27T14:57:11.854282Z",
    "updated_at": "2025-04-27T14:57:11.854282Z",
    "lead_time": 17.612
  },
  {
    "title": "کشکینه محلی لرستان",
    "location": {
      "province": "لرستان",
      "city": "خرم‌آباد",
      "latitude": 33.4878,
      "longitude": 48.3558
    },
    "ingredients": [
      {
        "name": "ترخینه",
        "amount": 7.0,
        "unit": "عدد"
      },
      {
        "name": "سبزی",
        "amount": 250.0,
        "unit": "گرم"
      },
      {
        "name": "حبوبات پخته",
        "amount": 2.0,
        "unit": "پیمانه"
      },
      {
        "name": "بوته سیر",
        "amount": 1.0,
        "unit": null
      },
      {
        "name": "پیاز",
        "amount": 2.0,
        "unit": "عدد"
      },
      {
        "name": "نمک",
        "amount": null,
        "unit": null
      },
      {
        "name": "فلفل سیاه",
        "amount": null,
        "unit": null
      },
      {
        "name": "زردچوبه",
        "amount": null,
        "unit": null
      },
      {
        "name": "کشک",
        "amount": 4.0,
        "unit": "پیمانه"
      },
      {
        "name": "پونه خشک ودرشده",
        "amount": 1.0,
        "unit": "پیمانه"
      }
    ],
    "instructions": [
      "ابتداحبوبات که شامل ماش ونخود وعدس هستش روبپزید",
      "ترخینه خشک درآب جوش خیس کنیدتاکاملا نرم بشه به قشنگ ازهم بازش کنید",
      "یک عددپیازراخلالی سرخ کنیدبازردچوبه در روغن سرخ کنیدتاتغییررنگ بدهد",
      "بعدمقداری پونه خشک و فلفل سیاه پودرشده را اضافه کنید",
      "ترخینه ای که کاملا بازشده راباآبی که دارددرقابلمه بریزید",
      "حبوبات پخته شده را اضافه کنیدومقدارآب را اضافه کنیدتاحدی که روی مواد گرفته بشه",
      "هم بزنیدونمک وفلفل را اندازه کنیدوبزاریدبره برای پخت باشعله متوسط ودرب بسته",
      "دراین حین پیاز های خلالی شده یانگینی راسرخ کنیدودرآخرمقداری زردچوبه بزنیدتارنگش عسلی خوشگلی دربیاد",
      "زردچوبه رواگراول کاربزنیدمیسوزه ورنگ پیازکدرمیشه",
      "بعدسیرراسرخ کنیدوکناربگذارید",
      "در آخر پونه ی کوهی پودرشده رادرروغن تمیزی سرخ کنیدبمقداری که تفت بخوره زیادتغییرنگ ندهد",
      "وقتی موادپخت ومشاهده کردید که ترخینه کاملانرم شده سبزی گشنیزوجعفری را اضافه کنیدمیتونیدسبزی دلمه بزنیدکه خیلی خوشمزه میشه",
      "وقتی لعاب انداخت آماده است میتونی برای لعاب بیسترمقداری درحدچندقاشق اردبه آب اضافه کنیدحل که شدداخل آش بریزید لعابش عالی میشه",
      "بعددرظرف بریزیدروی آش که بسته شدمیتونیدهرنوع تزیینی بزنید",
      "برای کشک زردزردچوبه زدم وآب،",
      "خیلی خوشمزه ومقوی هستش حتمادرست کنیدولذتش روببرید"
    ],
    "meal_type": [
      "غذای اصلی"
    ],
    "occasion": "شام",
    "images": {
      "main": "https:\/\/img-global.cpcdn.com\/recipes\/5fdf9081eec49957\/400x400cq70\/photo.jpg",
      "step1": null,
      "step2": null
    },
    "id": 158,
    "answer": "Good",
    "answer2": "Good",
    "annotator": 1,
    "annotation_id": 85,
    "created_at": "2025-04-27T14:57:31.592820Z",
    "updated_at": "2025-04-27T14:57:31.592820Z",
    "lead_time": 17.891
  },
  {
    "title": "جوجوش.حلوای سنتی لرستان",
    "location": {
      "province": "لرستان",
      "city": "خرم‌آباد",
      "latitude": 33.4878,
      "longitude": 48.3558
    },
    "ingredients": [
      {
        "name": "گندم خرد شده یا همان قاووت",
        "amount": 3.0,
        "unit": "قاشق غذاخوری"
      },
      {
        "name": "روغن حیوانی",
        "amount": 4.0,
        "unit": "قاشق غذاخوری"
      },
      {
        "name": "شکر",
        "amount": 2.0,
        "unit": "قاشق غذاخوری"
      },
      {
        "name": "پودر زیره",
        "amount": null,
        "unit": null
      },
      {
        "name": "رازیانه زردچوبهبه",
        "amount": "به مقدار دلخواه",
        "unit": null
      },
      {
        "name": "گردو کشمش",
        "amount": "به مقدار دلخواه",
        "unit": null
      }
    ],
    "instructions": [
      "روغن گرم کردم به مقداری که نیاز بود پودر گندم اضافه کردم که تو عکس مشخص من نخواستم زیاد چرب باشه مثل حلوا رنگش تغییر کرد به اعضای دو قاشق پودر گندم ۱قاشق شکر اضافه کردم",
      "وقتی تغییر رنگ داد بهش مقدار کمی زردچوبه اضافه کردم.توجه کنید زود شکلاتی میشه وباید از رو حرارت برداریم.\nمن برای تزیین از گردو و گل استفاده کردم."
    ],
    "meal_type": [
      "دسر"
    ],
    "occasion": "شام",
    "images": {
      "main": "https:\/\/img-global.cpcdn.com\/recipes\/b8f6e2ed5014d5c4\/400x400cq70\/photo.jpg",
      "step1": null,
      "step2": null
    },
    "id": 159,
    "answer2": "Bad",
    "answer": "Bad",
    "annotator": 1,
    "annotation_id": 86,
    "created_at": "2025-04-27T14:57:51.662426Z",
    "updated_at": "2025-04-27T14:57:51.662426Z",
    "lead_time": 17.835
  },
  {
    "title": "کباب شامی لرستان",
    "location": {
      "province": "لرستان",
      "city": "خرم‌آباد",
      "latitude": 33.4878,
      "longitude": 48.3558
    },
    "ingredients": [
      {
        "name": "گوشت چرخ کرده",
        "amount": 300.0,
        "unit": "گرم"
      },
      {
        "name": "تخم مرغ",
        "amount": 1.0,
        "unit": "عدد"
      },
      {
        "name": "آرد نخودچی من آرد معمولی سفید زدم",
        "amount": 1.0,
        "unit": "قاشق غذاخوری"
      },
      {
        "name": "پودر گردو",
        "amount": 2.0,
        "unit": "قاشق غذاخوری"
      },
      {
        "name": "نمک",
        "amount": null,
        "unit": null
      },
      {
        "name": "فلفل",
        "amount": null,
        "unit": null
      },
      {
        "name": "زردچوبه",
        "amount": null,
        "unit": null
      },
      {
        "name": "فلفل سیاه",
        "amount": null,
        "unit": null
      },
      {
        "name": "قرمز",
        "amount": null,
        "unit": null
      },
      {
        "name": "سماق",
        "amount": null,
        "unit": null
      },
      {
        "name": "پیاز",
        "amount": 1.0,
        "unit": "عدد"
      },
      {
        "name": "سیب زمینی",
        "amount": 1.0,
        "unit": "عدد"
      },
      {
        "name": "پیاز",
        "amount": 1.0,
        "unit": "عدد"
      },
      {
        "name": "پودر گردو",
        "amount": 2.0,
        "unit": "قاشق غذاخوری"
      },
      {
        "name": "رب انار",
        "amount": 2.0,
        "unit": "قاشق غذاخوری"
      }
    ],
    "instructions": [
      "پیاز و سیب زمینی را رنده بزنید و آبشون را بگیرید همه مواد کباب را مخلوط کرده و ورز بدین و با دست بهش شکل بدین و در روغن سرخ کنید",
      "برای سس👇",
      "پیاز را نگینی خرد کرده و با روغن تفت بدین وقتی سرخ شد نمک و ادویه و گردو را اضافه کنید بعد رب انار و کمی آب ریخته سپس کباب ها را روش بچینید و با حرارت ملایم بذارید تا آبش کشیده بشه"
    ],
    "meal_type": [
      "غذای اصلی گوشتی"
    ],
    "occasion": "شام",
    "images": {
      "main": "https:\/\/img-global.cpcdn.com\/recipes\/59196cb1890a4cd4\/400x400cq70\/photo.jpg",
      "step1": null,
      "step2": null
    },
    "id": 160,
    "answer": "Bad",
    "answer2": "Bad",
    "annotator": 1,
    "annotation_id": 87,
    "created_at": "2025-04-27T14:58:14.982408Z",
    "updated_at": "2025-04-27T14:58:14.982408Z",
    "lead_time": 21.231
  },
  {
    "title": "زیربرنجی لرستان😍",
    "location": {
      "province": "لرستان",
      "city": "خرم‌آباد",
      "latitude": 33.4878,
      "longitude": 48.3558
    },
    "ingredients": [
      {
        "name": "گوشت گوسفندی",
        "amount": 2.0,
        "unit": "کیلو"
      },
      {
        "name": "زردچوبه",
        "amount": 1.0,
        "unit": "قاشق غ"
      },
      {
        "name": "نمک",
        "amount": 2.0,
        "unit": "قاشق غ"
      },
      {
        "name": "دنبه",
        "amount": 250.0,
        "unit": "گرم"
      },
      {
        "name": "پیاز",
        "amount": 2.0,
        "unit": "عدد"
      }
    ],
    "instructions": [
      "ابتداگوشت راسته گوسفندی روبادنبه وپیازدرسته وزردچوبه درکمی روغن تفت بدین خوددنبه روغن داره",
      "روی گوشت باید آب بگیره اگردرقابلمه درست میکنیدوگرنه درزودپزبرقی ۱\/۲گوشت بایدآب بریزید",
      "میره برای پخت بهمین سادگی وخوشمزگی",
      "معمولاباپلوساده وزرشک وزعفران سرومیشه",
      "آب خورش بایدغلیظ بشه وبعددنبه روبکوبیدوداخل آب خورش بریزیدیااگردوست داشتیدبهمراه گوشت سروکنید",
      "ازقدیم الایام رسم براین بوددرمجمع(سینی روحی)گوشت میزاشتن وروش برنج میریختن بازرشک وبرنج زعفرانی😍",
      "ودرکاسه آب گوشت بهمراه غذاسرومیشد.همراهش دوغ هم سرومیشه",
      "غذای عروسی منم همین زیربرنجی بودومنوهمسری بشدت عاشق این غذاهستیم بادخترم نرگس جان اونم خیلی دوست داره برعکس آقاابوالفضل جان اصلانمیخوره🙊",
      "ببینم برای مراسمات عروسی شمارسم چی بوده برای دادن غذا😍😁\nیه جمله معروفم داریم برای این غذا\nمیگن سه نفریک مجمع(درعروسی ها هرسینی بزرگ برای سه نفرسرومیشد)بخاطرهمین این جمله معروف شدبااین زیربرنجی لرهای عزیزلرستان😍🍀🌷🌹"
    ],
    "meal_type": [
      "غذای اصلی برنجی"
    ],
    "occasion": "ناهار",
    "images": {
      "main": "https:\/\/img-global.cpcdn.com\/recipes\/2f0cb7b671a47348\/400x400cq70\/photo.jpg",
      "step1": null,
      "step2": null
    },
    "id": 161,
    "answer2": "Bad",
    "answer": "Bad",
    "annotator": 1,
    "annotation_id": 88,
    "created_at": "2025-04-27T14:59:21.801288Z",
    "updated_at": "2025-04-27T14:59:21.801288Z",
    "lead_time": 64.96
  },
  {
    "title": "نان محلی لرستان",
    "location": {
      "province": "لرستان",
      "city": "خرم‌آباد",
      "latitude": 33.4878,
      "longitude": 48.3558
    },
    "ingredients": [
      {
        "name": "آرد گندم",
        "amount": 1.0,
        "unit": "کیلو"
      },
      {
        "name": "آب",
        "amount": "بمقدارلازم",
        "unit": null
      },
      {
        "name": "نمک",
        "amount": "بمقدارلازم",
        "unit": null
      },
      {
        "name": "خمیرمایه",
        "amount": 3.0,
        "unit": "قاشق غ"
      }
    ],
    "instructions": [
      "خمیرمایه روباآب ولرم بزاریدتاوربیاد",
      "بعدش آردوآب ونمک ومخلوط خمیرمایه روترکیب کنیدوکاملاورزبدین",
      "خمیربایدکمی شل باش",
      "بزارید۱ساعت بمونه چون مخلوطش زیاداست",
      "بعدروش بپوشونیدبرای استراحت بایدجای گرمی باش\r\nاگه درفصل زمستان وپاییزدرست کردیدپتوبپیچونیدتاگرم باش",
      "خمیروراومدپفش بگیرید",
      "روی سطح کارآردپاشی کنیدودستتون روباآب خیس کنیدوخمیربه اندازه پرتقال بزرگ چونه بگیرید",
      "خمیرروشکل گردبزنید",
      "بادست کمی خمیربازکنیدوروی وسیله مخصوص که مثل دم کن هستش بکشیدتاسطح کارکامل بپوشونه",
      "روی ساج که وسیله پخت نون هست قراربدین وبره تانان بپزه",
      "نان روبرگردونیدتاطرف دیگه آش پخته بشه",
      "اگه ساج نداشتیددرتابه ای که باآب اسپری کردیدنون بپزید",
      "اسپری آب باعث میشه تاحالت نچسب بگیره",
      "این نون محلی ماست خیلی خوش عطروخوشمزست",
      "اگه داخل نون موادوادویه معطربریزیم میشه چزنک یاهمون چرک که باروغن محلی وشیره خرماوانگورسرومیشه انشالله دستوراین نون خوشمزه روهم براتون میفرستم"
    ],
    "meal_type": [
      "نان و شیرینی"
    ],
    "occasion": "شام",
    "images": {
      "main": "https:\/\/img-global.cpcdn.com\/recipes\/68b98748ceb5f851\/400x400cq70\/photo.jpg",
      "step1": null,
      "step2": null
    },
    "id": 162,
    "answer2": "Good",
    "answer": "Good",
    "annotator": 1,
    "annotation_id": 89,
    "created_at": "2025-04-27T14:59:45.228267Z",
    "updated_at": "2025-04-27T14:59:45.228267Z",
    "lead_time": 20.583
  },
  {
    "title": "حلیم گندم لرستان",
    "location": {
      "province": "لرستان",
      "city": "خرم‌آباد",
      "latitude": 33.4878,
      "longitude": 48.3558
    },
    "ingredients": [
      {
        "name": "گندم با پوستش",
        "amount": 1.0,
        "unit": "کیلو"
      },
      {
        "name": "آب",
        "amount": "بمقدارلازم",
        "unit": null
      },
      {
        "name": "گوشت قرمزگوسفندی بادنبه",
        "amount": 250.0,
        "unit": "گرم"
      },
      {
        "name": "قلم گوسفندی کوچک",
        "amount": 1.0,
        "unit": "عدد"
      },
      {
        "name": "خوری دارچین",
        "amount": 1.0,
        "unit": "قاشق غ"
      },
      {
        "name": "شکر",
        "amount": "بمقدارلازم",
        "unit": null
      },
      {
        "name": "روغن",
        "amount": "بمقدارلازم",
        "unit": null
      }
    ],
    "instructions": [
      "ابتداگندم پاک کنیدوتمیزبشوریدوبزاریدداخل قابلمه ی بزرگ تاخوب پخته بشه وحین کارمدام همش بزنیدتاته نگیره",
      "گوشت گوسفندی بادنبه روباقلم بزاریدخوب بپزه",
      "گوشت هاروریش ریش کنیدوبادنبه خوب بکوبید.",
      "آب گوشت وقلم روبه گندم های درحال پخت اضافه کنید.",
      "وگوشت هاروبانمک ودارچین مخلوط کنیدوبه گندم اضافه کنید",
      "مدام هم بزنیدتاته نگیره",
      "روغن محلی روداغ کنیدوداخل حلیم بریزید",
      "وقتی حلیم خوب پخته شددرظرف بریزیدوروغن داغ روی کاسه هاتون بریزیدومخلوط شکروپودردارچین راروی روغن بریزید.",
      "نگم ازعطروطعمش ازبچگی عاشق حلیم اومدم وخاطره های ماه رمضان وعزاداری برام زنده میشه.",
      "نوش جونتون باش الهی همیشه تندرست وشادباشید."
    ],
    "meal_type": [
      "آش و سوپ"
    ],
    "occasion": "صبحانه",
    "images": {
      "main": "https:\/\/img-global.cpcdn.com\/recipes\/caba2874500c4c7f\/400x400cq70\/photo.jpg",
      "step1": null,
      "step2": null
    },
    "id": 163,
    "answer2": "Bad",
    "answer": "Bad",
    "annotator": 1,
    "annotation_id": 90,
    "created_at": "2025-04-27T14:59:57.698456Z",
    "updated_at": "2025-04-27T14:59:57.698456Z",
    "lead_time": 10.73
  },
  {
    "title": "شب یلدا (شو چله) لرستان",
    "location": {
      "province": "لرستان",
      "city": "خرم‌آباد",
      "latitude": 33.4878,
      "longitude": 48.3558
    },
    "ingredients": [
      {
        "name": "گندم",
        "amount": null,
        "unit": null
      },
      {
        "name": "شیر",
        "amount": null,
        "unit": null
      },
      {
        "name": "نمک",
        "amount": null,
        "unit": null
      },
      {
        "name": "زردچوبه",
        "amount": null,
        "unit": null
      },
      {
        "name": "گردو",
        "amount": null,
        "unit": null
      },
      {
        "name": "کشمش",
        "amount": null,
        "unit": null
      },
      {
        "name": "شاهدانه",
        "amount": null,
        "unit": null
      },
      {
        "name": "کنجد سیاه",
        "amount": null,
        "unit": null
      },
      {
        "name": "کلنگ یا پسته کوهی",
        "amount": null,
        "unit": null
      }
    ],
    "instructions": [
      "خانم های خوش سلیقه لرستان اول کار به سراغ یه گندم خیلی خوب می‌گردن و از این و اون سوال میپرسن که گندم خوب کی داره بعد از تهیه گندم مرغوب، شروع میکنن و اونو خوب پاک میکنن و حتی گندم های شکسته رو هم جدا میکنن.",
      "بعد شیر محلی تهیه میکنن و گندم رو همراه با نمک و زردچوبه داخل شیر میریزن به طوری که روی گندم شیر بیاد و دو روز صبر میکنن که شیر به خورد گندم بره و طی این دو روز چندین بار هم میزنن.",
      "بعد از دو روز گندم رو از صافی رد میکنن و اجازه میدن که شیر اضافی به خوبی گرفته بشه و بعد اونو روی یه پارچه تمیز میریزن و در هوای آزاد یا کنار بخاری میزارن که خشک بشه و باز هم روزی چند بار هم میزنن که گندم زیرش کپک نزنه.",
      "وقتی که گندم به خوبی خشک شد ، روز ۳۰ آذر یا یک روز قبل شروع میکنن به برشته کردن گندم با حرارت ملایم که باید با دقت و درست این کار انجام بشه که گندم نسوزه یا سفت و خام باقی نمونه و حسابی هنرو تجربه می‌طلبه.",
      "بعد از برشته کردن گندم ، کنجد سیاه و شاهدانه رو هم برشته کرده به گندم برشته اضافه میکنیم.\nگردوی خرد شده و کشمش و پسته کوهی رو هم به گندم اضافه میکنیم. \nلرستانی ها به این نوع گندم (گندم شیر) می‌گويند. که خیییییلی طرفدار داره.\nنوووووووش جان.",
      "شب چله لرستان جذابیت های دیگه ای هم داره که آن شاءالله بعد ها در موردش بازم میگم."
    ],
    "meal_type": [
      "غذای اصلی"
    ],
    "occasion": "شام",
    "images": {
      "main": "https:\/\/img-global.cpcdn.com\/recipes\/1eb5d532f176ffe3\/400x400cq70\/photo.jpg",
      "step1": null,
      "step2": null
    },
    "id": 164,
    "answer": "Good",
    "answer2": "Good",
    "annotator": 1,
    "annotation_id": 91,
    "created_at": "2025-04-27T15:00:26.061367Z",
    "updated_at": "2025-04-27T15:00:26.061367Z",
    "lead_time": 26.383
  },
  {
    "title": "گَنِم شادونَه لرستان مخصوصِ شُو چِلَه😄❤❤❤(گندم شاهدونه مخصوص یلدا)",
    "location": {
      "province": "لرستان",
      "city": "خرم‌آباد",
      "latitude": 33.4878,
      "longitude": 48.3558
    },
    "ingredients": [
      {
        "name": "گندم شیر",
        "amount": null,
        "unit": null
      },
      {
        "name": "شاهدانه",
        "amount": null,
        "unit": null
      },
      {
        "name": "کشمش",
        "amount": null,
        "unit": null
      },
      {
        "name": "گردو",
        "amount": null,
        "unit": null
      },
      {
        "name": "زردچوبه ",
        "amount": null,
        "unit": null
      },
      {
        "name": "رازیانه پودر شده ",
        "amount": null,
        "unit": null
      },
      {
        "name": "نمک",
        "amount": null,
        "unit": null
      },
      {
        "name": "شیر محلی جوشیده شده",
        "amount": null,
        "unit": null
      }
    ],
    "instructions": [
      "ابتدا گندم‌ها را شسته و داخل یک ظرف مناسب بریزید. بعد تمام مواد شامل: شیر، زردچوبه زیره و رازیانه و نمک را به گندم اضافه کرده و مخلوط کنید.\n\nاجازه دهید گندم تا ۳ روز در مخلوط شیر، ادویه ها و نمک خیس بخورد.ب\n\nبعد از ۳ روز که گندم در مواد ماند، آن را داخل یک آبکش بزرگ ریخته و جلوی آفتاب بگذارید تا خوب خشک شود.\n\nوقتی گندم‌ها خوب خشک شد، یک تابه بزرگ را روی شعله گاز بگذارید و یک مقدار از گندم را داخل تابه بدون روغن بریزید.\n\nبا یک پارچه نخی مرتب گندم‌ها را هم بزنید و تفت دهید تا وقتی که برشته شود،",
      "شاهدانه رو هم پاک کرده شستشو می دهیم یه کوچولو نمک زده و توی تابه کمی تفتش می دهیم با حرارت ملایم",
      "گندم شیر و شاهدانه برشته شده رو به همراه کشمش و گردو مخلوط کرده و تمااام👌😋",
      "توجه 👈ترجیحااا مخلوط گندم و شیر رو در جای خنک یا یخچال قرار دهید در طی این سه روز👌"
    ],
    "meal_type": [
      "غذای اصلی"
    ],
    "occasion": "شام",
    "images": {
      "main": "https:\/\/img-global.cpcdn.com\/recipes\/e3d989c19a90bb00\/400x400cq70\/photo.jpg",
      "step1": null,
      "step2": null
    },
    "id": 165,
    "answer2": "Good",
    "answer": "Good",
    "annotator": 1,
    "annotation_id": 92,
    "created_at": "2025-04-27T15:00:40.201701Z",
    "updated_at": "2025-04-27T15:00:40.201701Z",
    "lead_time": 12.161
  },
  {
    "title": "چزنک رغو(میان وعده محلی استان لرستان)",
    "location": {
      "province": "لرستان",
      "city": "خرم‌آباد",
      "latitude": 33.4878,
      "longitude": 48.3558
    },
    "ingredients": [
      {
        "name": "آرد",
        "amount": 3.0,
        "unit": "پیمانه"
      },
      {
        "name": "نمک، زیره ، رازیانه",
        "amount": null,
        "unit": null
      },
      {
        "name": "آب",
        "amount": "به مقدار کافی",
        "unit": null
      },
      {
        "name": "روغن حیوانی",
        "amount": 0.5,
        "unit": "پیمانه"
      },
      {
        "name": "شیره خرما",
        "amount": null,
        "unit": null
      }
    ],
    "instructions": [
      "ابتدا آرد، نمک ، زیره، رازیانه و آب رو باهم مخلوط کنید و خوب هم بزنید تا خمیری نسبتاً شل به دست بیاد. بعد ساچ یا تابه رو روی حرارت بگذارید تا داغ بشه سپس از خمیر یک لایه نازک توی تابه بریزید\nتا مثل نان برشته بشه",
      "وقتی یک طرف اون پخت برگردونید تا طرف دیگه هم بپزد وقتی آماده شد داخل سینی یا بشقاب بگذارید و روی نان مقداری روغن حیوانی و شیره بریزید"
    ],
    "meal_type": [
      "غذای اصلی"
    ],
    "occasion": "شام",
    "images": {
      "main": "https:\/\/img-global.cpcdn.com\/recipes\/759cceb7713542e7\/400x400cq70\/photo.jpg",
      "step1": null,
      "step2": null
    },
    "id": 166,
    "answer2": "Good",
    "answer": "Good",
    "annotator": 1,
    "annotation_id": 93,
    "created_at": "2025-04-27T15:01:45.668770Z",
    "updated_at": "2025-04-27T15:01:45.668770Z",
    "lead_time": 61.727
  },
  {
    "title": "ماست کِز زده (دودی) لرستان😋👌",
    "location": {
      "province": "لرستان",
      "city": "خرم‌آباد",
      "latitude": 33.4878,
      "longitude": 48.3558
    },
    "ingredients": [
      {
        "name": "شیر محلی پر چرب",
        "amount": 1.0,
        "unit": "کیلو"
      },
      {
        "name": "ماست محلی",
        "amount": 2.0,
        "unit": "ق غ"
      }
    ],
    "instructions": [
      "ابتدا قابلمه ای که از جنس روی هست رو روی اجاق گذاشته تا حسابی داغ داغ بشه طوری که کمی هم دود کنه بعد با احتیاط و حفظ فاصله از قابلمه مقدار کمی از شیر رو داخلش می ریزیم می ذاریم کمی ته دیگ ببنده و قهوه ای بشه بعد بلا فاصله بقیه شیر رو اضافه می کنیم و می ذاریم تا شیر به مدت ۲۰ دقیقه بجوشه",
      "شیر جوشیده شده وقتی از دما افتاد برای سنجش دماش انگشت کوچک رو در شیر فرو می بریم اگر گرماش قابل تحمل بود آماده اس 👌مایه ماست رو بهش اضافه و مخلوط کرده روش صافی گذاشته که ماست آب نندازه",
      "بعد با پارچه ضخیمی می پوشیم به مدت ۸ ساعت تا ببنده بعد از طی زمان ماست رو یک شب می ذاریمش توی یخچال تا آماده بشه به همین آسونی یه ماست کز زده یا دودی خوشمزه داریم 😋👌"
    ],
    "meal_type": [
      "پیش غذا و مکمل"
    ],
    "occasion": "شام",
    "images": {
      "main": "https:\/\/img-global.cpcdn.com\/recipes\/c90faed81aaae2e9\/400x400cq70\/photo.jpg",
      "step1": null,
      "step2": null
    },
    "id": 167,
    "answer2": "Good",
    "answer": "Good",
    "annotator": 1,
    "annotation_id": 94,
    "created_at": "2025-04-27T15:02:01.975102Z",
    "updated_at": "2025-04-27T15:02:01.975102Z",
    "lead_time": 14.131
  },
  {
    "title": "نان کلوا لرستان",
    "location": {
      "province": "لرستان",
      "city": "خرم‌آباد",
      "latitude": 33.4878,
      "longitude": 48.3558
    },
    "ingredients": [
      {
        "name": "خمیر",
        "amount": null,
        "unit": null
      },
      {
        "name": "شیرتقریبا",
        "amount": 1.0,
        "unit": "پیمانه"
      },
      {
        "name": "خمیرمایه",
        "amount": 2.0,
        "unit": "قاشق غذاخوری"
      },
      {
        "name": "شکر",
        "amount": 2.0,
        "unit": "پیمانه"
      },
      {
        "name": "رازیانه",
        "amount": null,
        "unit": null
      },
      {
        "name": "زیره",
        "amount": null,
        "unit": null
      },
      {
        "name": "زردچوبه",
        "amount": 1.0,
        "unit": "قاشق مربا خوری"
      },
      {
        "name": "نمک",
        "amount": 1.0,
        "unit": "پنس"
      },
      {
        "name": "زرده تخم مرغ",
        "amount": 1.0,
        "unit": "عدد"
      },
      {
        "name": "قاشق مربا خوری زعفران دم کرده",
        "amount": 1.0,
        "unit": null
      },
      {
        "name": "شیر",
        "amount": 2.0,
        "unit": "قاشق غذاخوری"
      },
      {
        "name": "کنجد",
        "amount": null,
        "unit": null
      },
      {
        "name": "رازیانه",
        "amount": "به دلخواه",
        "unit": null
      }
    ],
    "instructions": [
      "آرد را سه بار الک کنید زیره رازیانه+زردچوبه +نمک+شکر را با آرد مخلوط کرده و کنار گذاشتم",
      "خمیر مایه را با ۱ لیوان شیر ولرم و ۱ قاشق مرباخوری شکر مخلوط کردم تا عمل بیاد",
      "کم کم شیری که خمیرمایه داره را به آرد اضافه کرده و مخلوط کردم بقیه شیر را کنار دستم گذاشتم تا اگه نیاز بود استفاده کنم تا جایی شیر را اضافه کردم که خمیر یکدست و لطیفی به دست بیاد",
      "من از روغن مایع استفاده کردم که اونم اضافه و مخلوط کردم",
      "باید مراقب باشین شیر را زیاد اضافه نکنید چون خمیر شل میشه",
      "خمیر را حسابی ورز دادم و برای ۲ ساعت اجازه دادم استراحت کنه (من روی کاسه را سلفون کشیدم و لای پتو گذاشتم)",
      "بعد از استراحت خمیر دوباره ۵ دقیقه ورز دادم و خمیر را به چهار قسمت تقسیم کردم",
      "کف سینی توستر کاغذ روغنی پهن کردم و چونه ها را با فاصله گذاشتم روی چونه های خمیر را پوشاندم و ۱ ساعت دیگه استراحت دادم",
      "الان زمان رومال هست اول با چنگال به خمیر شکل دادم بعد همه مواد رومال را مخلوط و بعد روی خمیر رومال زدم و روشون کنجد و رازیانه پاشیدم",
      "نانها را در توستر از قبل گرم شده با دمای ۱۷۰ درجه سانتی گراد به مدت ۱۵ تا ۲۰ دقیقه گذاشتم بپزه",
      "۵ دقیقه قبل از پایان زمان پخت زیر نان ها را چک کردم طلایی شده بود سپس گریل را روشن کنید تا روی نان ها طلایی بشن",
      "یک ظرف آب داخل توستر گذاشتم تا رطوبت ایجاد کنه"
    ],
    "meal_type": [
      "نان و شیرینی"
    ],
    "occasion": "شام",
    "images": {
      "main": "https:\/\/img-global.cpcdn.com\/recipes\/abd43a5955aaea9a\/400x400cq70\/photo.jpg",
      "step1": null,
      "step2": null
    },
    "id": 168,
    "answer2": "Good",
    "answer": "Good",
    "annotator": 1,
    "annotation_id": 95,
    "created_at": "2025-04-27T15:02:40.044141Z",
    "updated_at": "2025-04-27T15:02:40.044141Z",
    "lead_time": 35.725
  },
  {
    "title": "نان چزنک رغو لرستان(شلکینه)",
    "location": {
      "province": "لرستان",
      "city": "خرم‌آباد",
      "latitude": 33.4878,
      "longitude": 48.3558
    },
    "ingredients": [
      {
        "name": "آرد",
        "amount": 1.0,
        "unit": "لیوان"
      },
      {
        "name": "آب",
        "amount": 3.0,
        "unit": "لیوان"
      },
      {
        "name": "پودر زیره سبز",
        "amount": 0.5,
        "unit": "ق چ"
      },
      {
        "name": "رازیانه",
        "amount": 0.5,
        "unit": "ق چ"
      },
      {
        "name": "نمک",
        "amount": 0.5,
        "unit": "ق چ"
      },
      {
        "name": "شیره برای من شیره انگور",
        "amount": "به مقدار دلخواه",
        "unit": null
      },
      {
        "name": "کره یا روغن محلی",
        "amount": "به مقدار دلخواه",
        "unit": null
      }
    ],
    "instructions": [
      "آرد الک شده+زیره +رازیانه +نمک را با هم مخلوط کنید.",
      "آب رو کم کم اضافه کنید و هم بزنید.\nمیزان آبخوری آرد ها متفاوت است حواستون باشه آب تا جایی اضافه کنید که خمیر سفت نشه و تقریبا شل و روان باشه.",
      "تابه نچسب روی حرارت متوسط بزارید تا کاملا داغ بشه بعد با ملاقه از خمیر نان برداشته داخل تابه بریزید.",
      "باشد سرعت عمل داشته باشید خمیر رو با دست روی تابه پهن کنید.\n(من با کاردک این کار رو انجام دادم)",
      "وقتی یک سمت نان پخت برگردونید سمت دیگه اش هم بپزه",
      "بعد پخت کره یا روغن محلی با برس روی نان بزنید بعد شیره بریزید و نوش جان کنید.",
      "معمولا این نان روی ساج پخته میشه ولی اگه مثل من ساج ندارید میتونید داخل تابه نسوز هم درست کنید.👌"
    ],
    "meal_type": [
      "نان و شیرینی"
    ],
    "occasion": "شام",
    "images": {
      "main": "https:\/\/img-global.cpcdn.com\/recipes\/ee5a9856e6401227\/400x400cq70\/photo.jpg",
      "step1": null,
      "step2": null
    },
    "id": 169,
    "answer": "Good",
    "answer2": "Good",
    "annotator": 1,
    "annotation_id": 96,
    "created_at": "2025-04-27T15:03:07.478795Z",
    "updated_at": "2025-04-27T15:03:07.478795Z",
    "lead_time": 24.751
  },
  {
    "title": "آبگوشت کشک (آبگوشت دودار)",
    "location": {
      "province": "لرستان",
      "city": "خرم‌آباد",
      "latitude": 33.4878,
      "longitude": 48.3558
    },
    "ingredients": [
      {
        "name": "گوشت چرب با دنبه",
        "amount": 500.0,
        "unit": "گرم"
      },
      {
        "name": "لوبیا سفید",
        "amount": 50.0,
        "unit": "گرم"
      },
      {
        "name": "نخود",
        "amount": 50.0,
        "unit": "گرم"
      },
      {
        "name": "زردچوبه",
        "amount": 2.0,
        "unit": "ق غ"
      },
      {
        "name": "یا متوسط",
        "amount": 2.0,
        "unit": "عدد"
      },
      {
        "name": "نمک",
        "amount": null,
        "unit": null
      },
      {
        "name": "فلفل سیاه",
        "amount": null,
        "unit": null
      },
      {
        "name": "نعناع خشک",
        "amount": 1.0,
        "unit": "ق غ"
      },
      {
        "name": "کشک مایع حدودا",
        "amount": 200.0,
        "unit": "گرم"
      },
      {
        "name": "سیر",
        "amount": 2.0,
        "unit": "حبه"
      },
      {
        "name": "سیب زمینی متوسط",
        "amount": 1.0,
        "unit": "عدد"
      },
      {
        "name": "سرخ شده",
        "amount": 2.0,
        "unit": "عدد"
      }
    ],
    "instructions": [
      "ابتدا گوشت و یک عدد پیاز و فلفل و زردچوبه و سیر را داخل قابلمه ریخته به مقدار لازم آب اضافه میکنیم و می‌زاریم روی حرارت تا گوشت بپزه",
      "بعد از اینکه گوشت پخته شد بادمجان و سیب زمینی و حبوبات پخته شده را اضافه میکنیم",
      "یک عدد پیاز دیگه را نگینی خرد میکنیم و تفت میدیم و دنبه که با گوشت پخته شده را به آن اضافه میکنیم و کمی تفت میدیم و نعناع خشک را اضافه میکنیم و به آبگوشت اضافه میکنیم",
      "در آخر کشک را با 1\/4 لیوان آب مخلوط میکنیم و اضافه میکنیم",
      "(دقت کنید که نمک را بعد از اضافه کردن کشک اضافه کنید که شور نشه)",
      "سپس آب آن را جدا میکنیم و بقیه مواد را میکوبیم",
      "نوش جان 🌹"
    ],
    "meal_type": [
      "غذای اصلی گوشتی"
    ],
    "occasion": "شام",
    "images": {
      "main": "https:\/\/img-global.cpcdn.com\/recipes\/3c5ab0cb47f58ddf\/400x400cq70\/photo.jpg",
      "step1": null,
      "step2": null
    },
    "id": 171,
    "answer": "Bad",
    "answer2": "Bad",
    "annotator": 1,
    "annotation_id": 98,
    "created_at": "2025-04-27T15:06:21.498414Z",
    "updated_at": "2025-04-27T15:06:21.498414Z",
    "lead_time": 169.543
  },
  {
    "title": "آش ترخینه دوغ یا کشکینه لرستان",
    "location": {
      "province": "لرستان",
      "city": "خرم‌آباد",
      "latitude": 33.4878,
      "longitude": 48.3558
    },
    "ingredients": [
      {
        "name": "ترخینه",
        "amount": 4.0,
        "unit": "عدد"
      },
      {
        "name": "سبزی آش",
        "amount": 250.0,
        "unit": "گرم"
      },
      {
        "name": "پیاز نگینی شده درشت",
        "amount": 1.0,
        "unit": "عدد"
      },
      {
        "name": "نعناع خشک",
        "amount": "مقداری",
        "unit": null
      },
      {
        "name": "نمک، فلفل، زرچوبه",
        "amount": null,
        "unit": null
      },
      {
        "name": "حبوبات ،عدس وماش هست که من نخود ولوبیا هم میریزم توش چون خوشمزه",
        "amount": null,
        "unit": null
      },
      {
        "name": "کافیه",
        "amount": 1.0,
        "unit": "لیوان"
      }
    ],
    "instructions": [
      "ابتدا ترخینه هایی که از قبل در آب خیسانده بودم را صاف میکنم و میپزم وکنار میگذارم، بعد پیازهای خرد شده را تفت میدهم و نمک فلفل زرچوبه را اضافه میکنم، بعد مقداری بر آب روش میریزم و اجازه میدم جوش بیاد",
      "حالا سبزی آش رو اضافه میکنم، بعد از چند دقیقه حبوبات پخته رو اضافه میکنم و در ظرف رو میبندم تا یه کم مزه ها به خورد هم بره",
      "حالا ترخینه های پخته رو اضافه میکنم و اجازه میدم مواد خوب با هم بپزن و مزه ها ترکیب بشن",
      "در آخر نعناع داغ رو آماده میکنم و روی آشم میریزم تا هم تزیینش کنم هم خوشمزه تر بشه، بفرمایید آش ترخینه..."
    ],
    "meal_type": [
      "آش و سوپ"
    ],
    "occasion": "شام",
    "images": {
      "main": "https:\/\/img-global.cpcdn.com\/recipes\/4a3bacc3836b9d27\/400x400cq70\/photo.jpg",
      "step1": null,
      "step2": null
    },
    "id": 172,
    "answer": "Bad",
    "answer2": "Bad",
    "annotator": 1,
    "annotation_id": 99,
    "created_at": "2025-04-27T15:06:45.767197Z",
    "updated_at": "2025-04-27T15:06:45.767197Z",
    "lead_time": 21.709
  },
  {
    "title": "آش بادمجان",
    "location": {
      "province": "لرستان",
      "city": "خرم‌آباد",
      "latitude": 33.4878,
      "longitude": 48.3558
    },
    "ingredients": [
      {
        "name": "گندم پوست کنده",
        "amount": 3.0,
        "unit": "ق غ"
      },
      {
        "name": "برنج ",
        "amount": 3.0,
        "unit": "پیمانه"
      },
      {
        "name": "ماش",
        "amount": 2.0,
        "unit": "ق غ"
      },
      {
        "name": "بادمجان",
        "amount": 4.0,
        "unit": "عدد"
      },
      {
        "name": "یاز",
        "amount": 1.0,
        "unit": "عدد"
      },
      {
        "name": "سیر",
        "amount": 3.0,
        "unit": "حبه"
      },
      {
        "name": "ادویه مخلوط",
        "amount": null,
        "unit": null
      },
      {
        "name": "دلخواه",
        "amount": null,
        "unit": null
      },
      {
        "name": "کشک",
        "amount": 150.0,
        "unit": "گرم"
      },
      {
        "name": "نعناع داغ",
        "amount": 4.0,
        "unit": "ق غ"
      }
    ],
    "instructions": [
      "به نام خدا\r\nبادمجانها رو پوست بگیرید و داخل یک ظرف آب نمک قرار بدید تا آب تیره اون خارج بشه.\r\nگندم و برنج و ماش رو بشویید و با مقدار لازم آب بگذارید تا بپزن",
      "اواسط پخت نمک بزنید و بادمجانها رو هم آبکش کنید و اضافه کنید. تقریبا ۴۵ دقیقه بعد جا میفته و حرارت رو خاموش کنید.",
      "پیاز رو خلالی کنید و با روغن سرخ کنید و نعناع هم بریزید و سیر داغم درست کنید و روی آش ریخته و کشک رو هم اضافه و نوش جان کنید."
    ],
    "meal_type": [
      "آش و سوپ"
    ],
    "occasion": "شام",
    "images": {
      "main": "https:\/\/img-global.cpcdn.com\/recipes\/d07d02b6188cbf33\/400x400cq70\/photo.jpg",
      "step1": null,
      "step2": null
    },
    "id": 173,
    "answer": "Bad",
    "answer2": "Bad",
    "annotator": 1,
    "annotation_id": 100,
    "created_at": "2025-04-27T15:07:02.521010Z",
    "updated_at": "2025-04-27T15:07:02.521010Z",
    "lead_time": 14.606
  },
  {
    "title": "آش شله - آش محلی خرم آباد",
    "location": {
      "province": "لرستان",
      "city": "خرم‌آباد",
      "latitude": 33.4878,
      "longitude": 48.3558
    },
    "ingredients": [
      {
        "name": "ماش",
        "amount": 1.0,
        "unit": "کاسه"
      },
      {
        "name": "برنج",
        "amount": 1.0,
        "unit": "کاسه"
      },
      {
        "name": "پیاز",
        "amount": 2.0,
        "unit": "عدد"
      },
      {
        "name": "زردچوبه فلفل سیاه نمک",
        "amount": null,
        "unit": null
      }
    ],
    "instructions": [
      "ماش رو شستم گذاشتم پخت یکم که نرم شد برنج نیم دانه رو اضافه کردم. زمان دادم تا کامل بپزه بعد پیازها رو نگینی سرخ کردم زردچوبه و فلفل سیاه و نمک هم اضافه کردم. و به آش اضافه کردم. یه کم دیگه گداشتم بپزه بعد زیرشو خاموش کردم 😊"
    ],
    "meal_type": [
      "آش و سوپ"
    ],
    "occasion": "شام",
    "images": {
      "main": "https:\/\/img-global.cpcdn.com\/recipes\/4c67068815e76940\/400x400cq70\/photo.jpg",
      "step1": null,
      "step2": null
    },
    "id": 174,
    "answer": "Good",
    "answer2": "Good",
    "annotator": 1,
    "annotation_id": 101,
    "created_at": "2025-04-27T15:08:13.054462Z",
    "updated_at": "2025-04-27T15:08:13.054462Z",
    "lead_time": 68.531
  },
  {
    "title": "آبگوشت لری گُولَه ریزه",
    "location": {
      "province": "لرستان",
      "city": "خرم‌آباد",
      "latitude": 33.4878,
      "longitude": 48.3558
    },
    "ingredients": [
      {
        "name": "گوشت چرخ کرده",
        "amount": 500.0,
        "unit": "گرم"
      },
      {
        "name": "برنج نیم دانه",
        "amount": 100.0,
        "unit": "گرم"
      },
      {
        "name": "آرد گندم",
        "amount": 100.0,
        "unit": "گرم"
      },
      {
        "name": "روغن",
        "amount": 100.0,
        "unit": "گرم"
      },
      {
        "name": "سیب زمینی",
        "amount": 2.0,
        "unit": "عدد"
      },
      {
        "name": "رب گوجه",
        "amount": 3.0,
        "unit": "قاشق غذاخوری"
      },
      {
        "name": "نمک و زردچوبه",
        "amount": null,
        "unit": null
      }
    ],
    "instructions": [
      "رب گوجه و نمک و زردچوبه را داخل قابلمه با روغن مخلوط کرده و پس از افزودن ۱.۵ لیتر آب، روی حرارت ملایم می‌گذاریم تا بجوشد.",
      "گوشت چرخ کرده، برنج نیم دانه، آرد گندم و ادویه‌ها را خوب ورز می‌دهیم و گلوله‌های کوچک (گُله ریزه) درست می‌کنیم.",
      "گلوله‌ها را به آب در حال جوش اضافه می‌کنیم تا نیم پز شوند.",
      "سیب زمینی‌های خلال شده را به قابلمه اضافه کرده و اجازه می‌دهیم همه مواد با حرارت ملایم بپزند.",
      "پس از ۳۰ دقیقه آبگوشت لری گُله ریزه آماده سرو است."
    ],
    "meal_type": [
      "غذای اصلی گوشتی"
    ],
    "occasion": "ناهار",
    "images": {
      "main": null,
      "step1": null,
      "step2": null
    },
    "id": 175,
    "answer": "Good",
    "answer2": "Good",
    "annotator": 1,
    "annotation_id": 102,
    "created_at": "2025-04-27T15:10:54.542009Z",
    "updated_at": "2025-04-27T15:10:54.542009Z",
    "lead_time": 159.604
  },
  {
    "title": "پرتله",
    "location": {
      "province": "لرستان",
      "city": "خرم‌آباد",
      "latitude": 33.4878,
      "longitude": 48.3558
    },
    "ingredients": [
      {
        "name": "گندم شیر",
        "amount": 1000.0,
        "unit": "گرم"
      },
      {
        "name": "شیر تازه",
        "amount": 2000.0,
        "unit": "میلی‌لیتر"
      },
      {
        "name": "نمک",
        "amount": null,
        "unit": null
      }
    ],
    "instructions": [
      "گندم شیر را کوبیده و با یک لیتر آب بپزید.",
      "شیر را طی دو مرحله اضافه کرده و مرتب هم بزنید.",
      "نمک را افزوده و با حرارت کم اجازه دهید لعاب بیندازد و جا بیفتد."
    ],
    "meal_type": [
      "آش و سوپ"
    ],
    "occasion": "ناهار",
    "images": {
      "main": null,
      "step1": null,
      "step2": null
    },
    "id": 176,
    "answer2": "Good",
    "answer": "Good",
    "annotator": 1,
    "annotation_id": 103,
    "created_at": "2025-04-27T15:11:46.277789Z",
    "updated_at": "2025-04-27T15:13:02.741528Z",
    "lead_time": 62.113
  },
  {
    "title": "ماسوا",
    "location": {
      "province": "لرستان",
      "city": "خرم‌آباد",
      "latitude": 33.4878,
      "longitude": 48.3558
    },
    "ingredients": [
      {
        "name": "بلغور گندم",
        "amount": 2.0,
        "unit": "پیمانه"
      },
      {
        "name": "عدس درشت",
        "amount": 0.5,
        "unit": "پیمانه"
      },
      {
        "name": "نخود",
        "amount": 1.0,
        "unit": "پیمانه"
      },
      {
        "name": "پیاز داغ",
        "amount": null,
        "unit": null
      },
      {
        "name": "کشک",
        "amount": null,
        "unit": null
      },
      {
        "name": "زردچوبه و نمک",
        "amount": null,
        "unit": null
      },
      {
        "name": "سبزی آش",
        "amount": 500.0,
        "unit": "گرم"
      }
    ],
    "instructions": [
      "حبوبات و بلغور را می‌پزیم.",
      "پیاز داغ و سبزی خرد شده را اضافه کرده و نمک و زردچوبه می‌زنیم.",
      "وقتی پخته شد، کشک اضافه می‌کنیم و آش را جا می‌اندازیم."
    ],
    "meal_type": [
      "آش و سوپ"
    ],
    "occasion": "ناهار",
    "images": {
      "main": null,
      "step1": null,
      "step2": null
    },
    "id": 177,
    "answer": "Good",
    "answer2": "Good",
    "annotator": 1,
    "annotation_id": 104,
    "created_at": "2025-04-27T15:12:49.925538Z",
    "updated_at": "2025-04-27T15:12:49.925538Z",
    "lead_time": 48.726
  },
  {
    "title": "گیپه",
    "location": {
      "province": "لرستان",
      "city": "خرم‌آباد",
      "latitude": 33.4878,
      "longitude": 48.3558
    },
    "ingredients": [
      {
        "name": "شکمبه گوسفند",
        "amount": 1200.0,
        "unit": "گرم"
      },
      {
        "name": "برنج",
        "amount": 250.0,
        "unit": "گرم"
      },
      {
        "name": "زعفران دم کرده",
        "amount": 0.5,
        "unit": "فنجان"
      },
      {
        "name": "گوشت چرخ کرده",
        "amount": 250.0,
        "unit": "گرم"
      },
      {
        "name": "پیاز داغ عسلی",
        "amount": 3.0,
        "unit": "قاشق سوپخوری"
      },
      {
        "name": "زیره",
        "amount": 1.0,
        "unit": "قاشق سوپخوری"
      },
      {
        "name": "لپه",
        "amount": 1.0,
        "unit": "فنجان"
      },
      {
        "name": "زردچوبه",
        "amount": null,
        "unit": null
      },
      {
        "name": "فلفل",
        "amount": null,
        "unit": null
      },
      {
        "name": "نمک",
        "amount": null,
        "unit": null
      }
    ],
    "instructions": [
      "برنج و لپه را خیس کرده، سپس با مواد دیگر مخلوط و در شکمبه بسته‌بندی می‌کنیم.",
      "شکمبه‌های پر شده را با نخ می‌بندیم و سوراخ می‌کنیم تا باد نکند.",
      "در قابلمه آب ریخته و با حرارت ملایم چند ساعت می‌پزیم تا آب جذب شود."
    ],
    "meal_type": [
      "غذای اصلی گوشتی"
    ],
    "occasion": "ناهار",
    "images": {
      "main": null,
      "step1": null,
      "step2": null
    },
    "id": 178,
    "answer2": "Good",
    "answer": "Good",
    "annotator": 1,
    "annotation_id": 105,
    "created_at": "2025-04-27T15:13:36.032127Z",
    "updated_at": "2025-04-27T15:13:36.032127Z",
    "lead_time": 24.803
  },
  {
    "title": "خورش قلیه ترش",
    "location": {
      "province": "لرستان",
      "city": "خرم‌آباد",
      "latitude": 33.4878,
      "longitude": 48.3558
    },
    "ingredients": [
      {
        "name": "گوشت گوسفند",
        "amount": 500.0,
        "unit": "گرم"
      },
      {
        "name": "پیاز",
        "amount": 1.0,
        "unit": "عدد"
      },
      {
        "name": "آب انار",
        "amount": 1.0,
        "unit": "فنجان"
      },
      {
        "name": "رب انار",
        "amount": 2.0,
        "unit": "قاشق سوپخوری"
      },
      {
        "name": "سیب زمینی",
        "amount": 4.0,
        "unit": "عدد"
      },
      {
        "name": "نمک، زردچوبه، فلفل",
        "amount": null,
        "unit": null
      }
    ],
    "instructions": [
      "گوشت، پیاز و سیب زمینی را جداگانه پخته و مخلوط می‌کنیم.",
      "آب انار، رب انار، ادویه و پیاز داغ را اضافه کرده و روی حرارت ملایم جا می‌اندازیم."
    ],
    "meal_type": [
      "غذای اصلی گوشتی"
    ],
    "occasion": "ناهار",
    "images": {
      "main": null,
      "step1": null,
      "step2": null
    },
    "id": 179,
    "answer": "Good",
    "answer2": "Good",
    "annotator": 1,
    "annotation_id": 106,
    "created_at": "2025-04-27T15:14:47.863848Z",
    "updated_at": "2025-04-27T15:14:47.863848Z",
    "lead_time": 69.908
  },
  {
    "title": "بلی شیر (شیر بلوط)",
    "location": {
      "province": "لرستان",
      "city": "خرم‌آباد",
      "latitude": 33.4878,
      "longitude": 48.3558
    },
    "ingredients": [
      {
        "name": "مغز بلوط",
        "amount": 500.0,
        "unit": "گرم"
      },
      {
        "name": "شیر",
        "amount": 2.0,
        "unit": "لیتر"
      },
      {
        "name": "نمک و زردچوبه",
        "amount": null,
        "unit": null
      }
    ],
    "instructions": [
      "بلوط‌ها را شب قبل در شیر خیس کرده، سپس خرد کرده و می‌پزیم.",
      "مقداری از بلوط را کوبیده و به بقیه بازمی‌گردانیم تا مخلوط لعاب بیندازد."
    ],
    "meal_type": [
      "دسر"
    ],
    "occasion": "عصرانه",
    "images": {
      "main": null,
      "step1": null,
      "step2": null
    },
    "id": 180,
    "answer": "Good",
    "answer2": "Good",
    "annotator": 1,
    "annotation_id": 107,
    "created_at": "2025-04-27T15:15:13.542484Z",
    "updated_at": "2025-04-27T15:15:13.542484Z",
    "lead_time": 23.86
  },
  {
    "title": "بلی ماس (ماست بلوط)",
    "location": {
      "province": "لرستان",
      "city": "خرم‌آباد",
      "latitude": 33.4878,
      "longitude": 48.3558
    },
    "ingredients": [
      {
        "name": "بلوط",
        "amount": 500.0,
        "unit": "گرم"
      },
      {
        "name": "ماست",
        "amount": 1000.0,
        "unit": "گرم"
      },
      {
        "name": "روغن حیوانی",
        "amount": 100.0,
        "unit": "گرم"
      },
      {
        "name": "نمک و پونه",
        "amount": null,
        "unit": null
      }
    ],
    "instructions": [
      "بلوط‌ها را داخل آتش برشته کرده، پوست می‌کنیم و آسیاب می‌کنیم.",
      "با نمک، پونه و روغن تفت داده و به ماست اضافه می‌کنیم."
    ],
    "meal_type": [
      "دسر"
    ],
    "occasion": "عصرانه",
    "images": {
      "main": null,
      "step1": null,
      "step2": null
    },
    "id": 181,
    "answer2": "Good",
    "answer": "Good",
    "annotator": 1,
    "annotation_id": 108,
    "created_at": "2025-04-27T15:15:30.535770Z",
    "updated_at": "2025-04-27T15:15:30.535770Z",
    "lead_time": 14.429
  },
  {
    "title": "دلمه برگ مو",
    "location": {
      "province": "لرستان",
      "city": "بروجرد",
      "latitude": 33.8972,
      "longitude": 48.7518
    },
    "ingredients": [
      {
        "name": "برگ مو",
        "amount": 500.0,
        "unit": "عدد"
      },
      {
        "name": "سبزی (تره، پیازچه، شوید، مرزه، ترخون و نعناع)",
        "amount": 1000.0,
        "unit": "گرم"
      },
      {
        "name": "باقلا",
        "amount": 250.0,
        "unit": "گرم"
      },
      {
        "name": "گوشت چرخ کرده",
        "amount": 250.0,
        "unit": "گرم"
      },
      {
        "name": "ماست ساده کم چرب",
        "amount": 1.0,
        "unit": "فنجان"
      },
      {
        "name": "روغن حیوانی",
        "amount": 100.0,
        "unit": "گرم"
      },
      {
        "name": "برنج",
        "amount": 500.0,
        "unit": "گرم"
      }
    ],
    "instructions": [
      "سبزیجات را خرد کرده و باقلا را می‌پزیم.",
      "برنج را آبکش کرده، با مواد مخلوط می‌کنیم و داخل برگ مو می‌پیچیم.",
      "با آب و حرارت ملایم می‌پزیم تا آب بخار شود."
    ],
    "meal_type": [
      "غذای اصلی گیاهی"
    ],
    "occasion": "ناهار",
    "images": {
      "main": null,
      "step1": null,
      "step2": null
    },
    "id": 182,
    "answer2": "Good",
    "answer": "Good",
    "annotator": 1,
    "annotation_id": 109,
    "created_at": "2025-04-27T15:15:47.988784Z",
    "updated_at": "2025-04-27T15:15:47.988784Z",
    "lead_time": 13.33
  },
  {
    "title": "شومی کوو",
    "location": {
      "province": "لرستان",
      "city": "خرم‌آباد",
      "latitude": 33.4878,
      "longitude": 48.3558
    },
    "ingredients": [
      {
        "name": "گوشت چرخ کرده",
        "amount": 250.0,
        "unit": "گرم"
      },
      {
        "name": "سیب زمینی",
        "amount": 4.0,
        "unit": "عدد"
      },
      {
        "name": "سبزی معطر",
        "amount": 2.0,
        "unit": "قاشق غذاخوری"
      },
      {
        "name": "تخم مرغ",
        "amount": 2.0,
        "unit": "عدد"
      },
      {
        "name": "رب انار",
        "amount": 1.0,
        "unit": "قاشق غذاخوری"
      },
      {
        "name": "آرد",
        "amount": 1.0,
        "unit": "قاشق غذاخوری"
      },
      {
        "name": "نمک و ادویه",
        "amount": null,
        "unit": null
      },
      {
        "name": "پیاز",
        "amount": 2.0,
        "unit": "عدد"
      },
      {
        "name": "مغز گردو",
        "amount": 2.0,
        "unit": "قاشق غذاخوری"
      }
    ],
    "instructions": [
      "سیب زمینی و پیاز رنده شده را با گوشت و تخم مرغ و بقیه مواد مخلوط می‌کنیم.",
      "کتلت‌ها را سرخ کرده و با سس رب انار و گردو می‌پزیم."
    ],
    "meal_type": [
      "غذای اصلی گوشتی"
    ],
    "occasion": "ناهار",
    "images": {
      "main": null,
      "step1": null,
      "step2": null
    },
    "id": 183,
    "answer2": "Good",
    "answer": "Good",
    "annotator": 1,
    "annotation_id": 110,
    "created_at": "2025-04-27T15:16:03.026655Z",
    "updated_at": "2025-04-27T15:16:03.026655Z",
    "lead_time": 13.296
  },
  {
    "title": "کوفته نخودچی",
    "location": {
      "province": "لرستان",
      "city": "بروجرد",
      "latitude": 33.8972,
      "longitude": 48.7518
    },
    "ingredients": [
      {
        "name": "گوشت چرخ کرده",
        "amount": 400.0,
        "unit": "گرم"
      },
      {
        "name": "هویج رنده شده",
        "amount": 5.0,
        "unit": "عدد متوسط"
      },
      {
        "name": "پیاز رنده شده",
        "amount": 1.0,
        "unit": "عدد متوسط"
      },
      {
        "name": "تره خرد شده",
        "amount": 0.5,
        "unit": "پیمانه"
      },
      {
        "name": "آرد نخودچی",
        "amount": 4.0,
        "unit": "قاشق غذاخوری"
      },
      {
        "name": "گردو خرد شده",
        "amount": 0.5,
        "unit": "پیمانه"
      },
      {
        "name": "تخم مرغ",
        "amount": 1.0,
        "unit": "عدد"
      },
      {
        "name": "نمک و زردچوبه",
        "amount": null,
        "unit": null
      },
      {
        "name": "روغن",
        "amount": null,
        "unit": null
      },
      {
        "name": "پیاز خرد شده (برای سس)",
        "amount": 1.0,
        "unit": "عدد کوچک"
      },
      {
        "name": "گوشت چرخ کرده (برای سس)",
        "amount": 100.0,
        "unit": "گرم"
      },
      {
        "name": "تره خرد شده (برای سس)",
        "amount": 0.33,
        "unit": "پیمانه"
      },
      {
        "name": "سرکه",
        "amount": 0.33,
        "unit": "استکان"
      },
      {
        "name": "شکر",
        "amount": 3.0,
        "unit": "قاشق غذاخوری"
      },
      {
        "name": "نمک و زردچوبه (برای سس)",
        "amount": null,
        "unit": null
      },
      {
        "name": "رب گوجه فرنگی",
        "amount": 1.0,
        "unit": "قاشق غذاخوری"
      },
      {
        "name": "آرد سفید",
        "amount": 1.0,
        "unit": "قاشق غذاخوری"
      }
    ],
    "instructions": [
      "برای سس: پیاز خرد شده را تفت داده، گوشت، نمک، زردچوبه، تره و رب گوجه را اضافه کرده و تفت می‌دهیم. سپس آرد سفید افزوده و ۳ لیوان آب اضافه می‌کنیم و بعد از غلیظ شدن، سرکه و شکر را اضافه کرده و می‌جوشانیم.",
      "برای کوفته: گوشت چرخ کرده، هویج، پیاز، نمک، زردچوبه، گردو، تره، آرد نخودچی و تخم مرغ را مخلوط می‌کنیم. کوفته‌ها را شکل داده و در روغن داغ سرخ می‌کنیم.",
      "در نهایت کوفته‌ها را در سس ریخته و حدود نیم ساعت می‌گذاریم تا خوب بپزد."
    ],
    "meal_type": [
      "غذای اصلی گوشتی"
    ],
    "occasion": "ناهار",
    "images": {
      "main": null,
      "step1": null,
      "step2": null
    },
    "id": 184,
    "answer2": "Good",
    "answer": "Good",
    "annotator": 1,
    "annotation_id": 111,
    "created_at": "2025-04-27T15:16:29.287963Z",
    "updated_at": "2025-04-27T15:16:29.287963Z",
    "lead_time": 24.612
  },
  {
    "title": "نان کلوا شیر ورقه‌ای",
    "location": {
      "province": "لرستان",
      "city": "خرم‌آباد",
      "latitude": 33.4878,
      "longitude": 48.3558
    },
    "ingredients": [
      {
        "name": "پودر خمیر ترش (یا بکینگ پودر)",
        "amount": 1.0,
        "unit": "قاشق مرباخوری"
      },
      {
        "name": "شکر",
        "amount": 1.0,
        "unit": "قاشق چایخوری"
      },
      {
        "name": "آب ولرم",
        "amount": 0.5,
        "unit": "پیمانه"
      },
      {
        "name": "شیر ولرم",
        "amount": 2.0,
        "unit": "پیمانه"
      },
      {
        "name": "آرد",
        "amount": 5.0,
        "unit": "تا 6 پیمانه"
      },
      {
        "name": "روغن مایع",
        "amount": 0.5,
        "unit": "پیمانه"
      },
      {
        "name": "بهبود دهنده آرد",
        "amount": 0.5,
        "unit": "قاشق چایخوری"
      }
    ],
    "instructions": [
      "پودر خمیر ترش و شکر را در آب ولرم حل کرده و اجازه می‌دهیم پف کند.",
      "شیر، مخلوط خمیر، نصف پیمانه آرد و بهبوددهنده را مخلوط کرده، سپس روغن و بقیه آرد را اضافه کرده و ورز می‌دهیم.",
      "خمیر را استراحت داده تا دو برابر شود، سپس چانه‌گیری کرده و باز می‌کنیم.",
      "خمیرهای باز شده را روی ساج داغ پخته و هر طرف را جداگانه می‌پزیم."
    ],
    "meal_type": [
      "نان و شیرینی"
    ],
    "occasion": "عصرانه",
    "images": {
      "main": null,
      "step1": null,
      "step2": null
    },
    "id": 185,
    "answer2": "Good",
    "answer": "Good",
    "annotator": 1,
    "annotation_id": 112,
    "created_at": "2025-04-27T15:16:40.709426Z",
    "updated_at": "2025-04-27T15:16:40.709426Z",
    "lead_time": 9.567
  }
]