[
  {
    "title": "زرشک پلو به سبک لرستان",
    "location": {
      "province": "لرستان",
      "city": "خرم‌آباد",
      "latitude": 33.4878,
      "longitude": 48.3558
    },
    "ingredients": [
      {
        "name": "تکه مرغ بزرگ",
        "amount": 2.0,
        "unit": null
      },
      {
        "name": "برنج",
        "amount": 2.0,
        "unit": "پیمانه"
      },
      {
        "name": "نمک ، فلفل سیاه ، فلفل قرمز ،دارچین، کاری ، پودر سیر ، زردچوبه",
        "amount": null,
        "unit": null
      },
      {
        "name": "رب گوجه",
        "amount": 2.0,
        "unit": "قاشق غذاخوری"
      },
      {
        "name": "فلفل دلمه",
        "amount": 1.0,
        "unit": "عدد"
      },
      {
        "name": "پیاز",
        "amount": 1.0,
        "unit": "عدد"
      },
      {
        "name": "کره",
        "amount": 15.0,
        "unit": "گرم"
      },
      {
        "name": "شکر",
        "amount": 1.0,
        "unit": "قاشق غذاخوری"
      },
      {
        "name": "آبلیمو",
        "amount": 1.0,
        "unit": "قاشق غذاخوری"
      },
      {
        "name": "زرشک",
        "amount": 5.0,
        "unit": "قاشق غذاخوری"
      },
      {
        "name": "سیب زمینی",
        "amount": 1.0,
        "unit": "عدد"
      }
    ],
    "instructions": [
      "سلام عزیزان ، برای درست کردن این زرشک پلوی خوشمزه اول برنج رو میذاریم دو ساعت با مقداری نمک خیس بخوره. پیاز رو نگینی خرد کرده و تفت میدهیم تا نرم شود.مرغ ها رو اضافه کرده و مقداری نمک ،فلفل سیاه ،فلفل قرمز ،دارچین ، کاری ،پودر سیر و زردچوبه را به همراه فلفل دلمه ای اضافه میکنیم و تا حدی که روی مرغها را آب بگیرد آب اضافه میکنیم و میذاریم مرغمون یک ساعت و نیم با شعله ی ملایم بپزد. نیم ساعت آخر یک قاشق زعفران دم کرده به آب مرغ اضافه میکنیم.",
      "در این زمان برنج رو آبکش میکنیم و با ته دیگ دلخواه (کنجد ، سیب زمینی ، زعفران) میذاریم دم بکشه. سیب زمینی خلالی میکنیم و با مقداری روغن در ماهیتابه سرخ میکنیم و برای تزیین کنار میذاریم. (با باقی مانده ی روغن مرغ ها رو سرخ میکنیم) روش سرخ کردن مرغ :👇",
      "مرغ که پخته شد آب مرغ رو جدا میکنیم و از صافی عبور میدیم و کنار میذاریم. مرغ ها رو با چنگال جدا میکنیم و با زعفران دم کرده سرخ میکنیم تا خوشرنگ شه.",
      "یک ربع زرشک ها رو با آب میذاریم خیس بخوره. بعد آبکش میکنیم و با مقدار کمی شکر و کره تفت میدیم و برای تزیین کنار میذاریم. حالا میریم سراغ سس مرغ : دو قاشق رب گوجه رو با مقداری روغن به خوبی تفت میدیم تا خامی رب گرفته شه... دو قاشق شکر با دو الی سه قاشق آبلیمو مخلوط میکنیم و با آب مرغ اونهارو به رب اضافه میکنیم و میذاریم حدود یک ربع سس غلیظ شه.در آخر اگه سس خیلی شیرین بود مقداری نمک به دلخواه اضافه کنین ،،، امیدوارم از این دستور استفاده کنید و لذت ببرید ، نوش جاااان 😍😍♥️"
    ],
    "meal_type": [
      "غذای اصلی برنجی"
    ],
    "occasion": [
      "ناهار"
    ]
  },
  {
    "title": "کباب کوبیده لرستان",
    "location": {
      "province": "لرستان",
      "city": "خرم‌آباد",
      "latitude": 33.4878,
      "longitude": 48.3558
    },
    "ingredients": [
      {
        "name": "گوشت گوسفندی بادنبه",
        "amount": 2.0,
        "unit": "کیلو"
      },
      {
        "name": "پیاز رنده شده",
        "amount": 3.0,
        "unit": "عدد"
      },
      {
        "name": "نمک",
        "amount": 1.0,
        "unit": "قاشق مرباخوری"
      },
      {
        "name": "فلفل سیاه",
        "amount": 3.0,
        "unit": "قاشق مرباخوری"
      },
      {
        "name": "ریحان خشک شده",
        "amount": 1.0,
        "unit": "قاشق غذاخوری"
      }
    ],
    "instructions": [
      "ابتدا گوشت گوسفندی که چرخ شده بادنبه فراوان خوب ورزبدیدودریخچال قراربدیدخوب خنک باش",
      "پیازرارنده کنیدوآب پیازرابگیرید",
      "آب پیاز برای خیس کردن سیخ های کبابی است",
      "نمک و فلفل اضافه کنیدباپیازرنده شده خوب ورزبدید",
      "سیخ های مخصوص کباب روباآب پیازخیس کنیدوبمقداریک نارنگی درشت ازگوشت روبه سیخ بزنیدوحالت بدید",
      "میتونید داخل گوشت ریحان پودرشده خشک شده بزنبدخیلی خوشمزست این دلبخواهی هستش",
      "بعدروی منقل کباب کنیددرمرحله اول سریع سیخ گذاشتیدبتبدبرگردونیدتاگوشت نیوفته طی دوتاسه مرحله بعد دیگ گوشت تا مرحله کباب شدن واماده شدن اصلا ازسیخ نمیوفته",
      "بااینکه مهمان بودم و دستگاه کباب زن هم داشت خیلی ذوق کردمن براش کباب بزنم\nجاتون سبزعزیزان"
    ],
    "meal_type": [
      "غذای اصلی گوشتی"
    ],
    "occasion": [
      "شام"
    ]
  },
  {
    "title": "کشکینه محلی لرستان",
    "location": {
      "province": "لرستان",
      "city": "خرم‌آباد",
      "latitude": 33.4878,
      "longitude": 48.3558
    },
    "ingredients": [
      {
        "name": "ترخینه",
        "amount": 7.0,
        "unit": "عدد"
      },
      {
        "name": "سبزی",
        "amount": 250.0,
        "unit": "گرم"
      },
      {
        "name": "حبوبات پخته",
        "amount": 2.0,
        "unit": "پیمانه"
      },
      {
        "name": "بوته سیر",
        "amount": 1.0,
        "unit": null
      },
      {
        "name": "پیاز",
        "amount": 2.0,
        "unit": "عدد"
      },
      {
        "name": "نمک",
        "amount": null,
        "unit": null
      },
      {
        "name": "فلفل سیاه",
        "amount": null,
        "unit": null
      },
      {
        "name": "زردچوبه",
        "amount": null,
        "unit": null
      },
      {
        "name": "کشک",
        "amount": 4.0,
        "unit": "پیمانه"
      },
      {
        "name": "پونه خشک ودرشده",
        "amount": 1.0,
        "unit": "پیمانه"
      }
    ],
    "instructions": [
      "ابتداحبوبات که شامل ماش ونخود وعدس هستش روبپزید",
      "ترخینه خشک درآب جوش خیس کنیدتاکاملا نرم بشه به قشنگ ازهم بازش کنید",
      "یک عددپیازراخلالی سرخ کنیدبازردچوبه در روغن سرخ کنیدتاتغییررنگ بدهد",
      "بعدمقداری پونه خشک و فلفل سیاه پودرشده را اضافه کنید",
      "ترخینه ای که کاملا بازشده راباآبی که دارددرقابلمه بریزید",
      "حبوبات پخته شده را اضافه کنیدومقدارآب را اضافه کنیدتاحدی که روی مواد گرفته بشه",
      "هم بزنیدونمک وفلفل را اندازه کنیدوبزاریدبره برای پخت باشعله متوسط ودرب بسته",
      "دراین حین پیاز های خلالی شده یانگینی راسرخ کنیدودرآخرمقداری زردچوبه بزنیدتارنگش عسلی خوشگلی دربیاد",
      "زردچوبه رواگراول کاربزنیدمیسوزه ورنگ پیازکدرمیشه",
      "بعدسیرراسرخ کنیدوکناربگذارید",
      "در آخر پونه ی کوهی پودرشده رادرروغن تمیزی سرخ کنیدبمقداری که تفت بخوره زیادتغییرنگ ندهد",
      "وقتی موادپخت ومشاهده کردید که ترخینه کاملانرم شده سبزی گشنیزوجعفری را اضافه کنیدمیتونیدسبزی دلمه بزنیدکه خیلی خوشمزه میشه",
      "وقتی لعاب انداخت آماده است میتونی برای لعاب بیسترمقداری درحدچندقاشق اردبه آب اضافه کنیدحل که شدداخل آش بریزید لعابش عالی میشه",
      "بعددرظرف بریزیدروی آش که بسته شدمیتونیدهرنوع تزیینی بزنید",
      "برای کشک زردزردچوبه زدم وآب،",
      "خیلی خوشمزه ومقوی هستش حتمادرست کنیدولذتش روببرید"
    ],
    "meal_type": [
      "غذای اصلی"
    ],
    "occasion": [
      "شام"
    ]
  },
  {
    "title": "نان محلی لرستان",
    "location": {
      "province": "لرستان",
      "city": "خرم‌آباد",
      "latitude": 33.4878,
      "longitude": 48.3558
    },
    "ingredients": [
      {
        "name": "آرد گندم",
        "amount": 1.0,
        "unit": "کیلو"
      },
      {
        "name": "آب",
        "amount": "بمقدارلازم",
        "unit": null
      },
      {
        "name": "نمک",
        "amount": "بمقدارلازم",
        "unit": null
      },
      {
        "name": "خمیرمایه",
        "amount": 3.0,
        "unit": "قاشق غ"
      }
    ],
    "instructions": [
      "خمیرمایه روباآب ولرم بزاریدتاوربیاد",
      "بعدش آردوآب ونمک ومخلوط خمیرمایه روترکیب کنیدوکاملاورزبدین",
      "خمیربایدکمی شل باش",
      "بزارید۱ساعت بمونه چون مخلوطش زیاداست",
      "بعدروش بپوشونیدبرای استراحت بایدجای گرمی باش\r\nاگه درفصل زمستان وپاییزدرست کردیدپتوبپیچونیدتاگرم باش",
      "خمیروراومدپفش بگیرید",
      "روی سطح کارآردپاشی کنیدودستتون روباآب خیس کنیدوخمیربه اندازه پرتقال بزرگ چونه بگیرید",
      "خمیرروشکل گردبزنید",
      "بادست کمی خمیربازکنیدوروی وسیله مخصوص که مثل دم کن هستش بکشیدتاسطح کارکامل بپوشونه",
      "روی ساج که وسیله پخت نون هست قراربدین وبره تانان بپزه",
      "نان روبرگردونیدتاطرف دیگه آش پخته بشه",
      "اگه ساج نداشتیددرتابه ای که باآب اسپری کردیدنون بپزید",
      "اسپری آب باعث میشه تاحالت نچسب بگیره",
      "این نون محلی ماست خیلی خوش عطروخوشمزست",
      "اگه داخل نون موادوادویه معطربریزیم میشه چزنک یاهمون چرک که باروغن محلی وشیره خرماوانگورسرومیشه انشالله دستوراین نون خوشمزه روهم براتون میفرستم"
    ],
    "meal_type": [
      "نان و شیرینی"
    ],
    "occasion": [
      "شام"
    ]
  },
  {
    "title": "شب یلدا (شو چله) لرستان",
    "location": {
      "province": "لرستان",
      "city": "خرم‌آباد",
      "latitude": 33.4878,
      "longitude": 48.3558
    },
    "ingredients": [
      {
        "name": "گندم",
        "amount": null,
        "unit": null
      },
      {
        "name": "شیر",
        "amount": null,
        "unit": null
      },
      {
        "name": "نمک",
        "amount": null,
        "unit": null
      },
      {
        "name": "زردچوبه",
        "amount": null,
        "unit": null
      },
      {
        "name": "گردو",
        "amount": null,
        "unit": null
      },
      {
        "name": "کشمش",
        "amount": null,
        "unit": null
      },
      {
        "name": "شاهدانه",
        "amount": null,
        "unit": null
      },
      {
        "name": "کنجد سیاه",
        "amount": null,
        "unit": null
      },
      {
        "name": "کلنگ یا پسته کوهی",
        "amount": null,
        "unit": null
      }
    ],
    "instructions": [
      "خانم های خوش سلیقه لرستان اول کار به سراغ یه گندم خیلی خوب می‌گردن و از این و اون سوال میپرسن که گندم خوب کی داره بعد از تهیه گندم مرغوب، شروع میکنن و اونو خوب پاک میکنن و حتی گندم های شکسته رو هم جدا میکنن.",
      "بعد شیر محلی تهیه میکنن و گندم رو همراه با نمک و زردچوبه داخل شیر میریزن به طوری که روی گندم شیر بیاد و دو روز صبر میکنن که شیر به خورد گندم بره و طی این دو روز چندین بار هم میزنن.",
      "بعد از دو روز گندم رو از صافی رد میکنن و اجازه میدن که شیر اضافی به خوبی گرفته بشه و بعد اونو روی یه پارچه تمیز میریزن و در هوای آزاد یا کنار بخاری میزارن که خشک بشه و باز هم روزی چند بار هم میزنن که گندم زیرش کپک نزنه.",
      "وقتی که گندم به خوبی خشک شد ، روز ۳۰ آذر یا یک روز قبل شروع میکنن به برشته کردن گندم با حرارت ملایم که باید با دقت و درست این کار انجام بشه که گندم نسوزه یا سفت و خام باقی نمونه و حسابی هنرو تجربه می‌طلبه.",
      "بعد از برشته کردن گندم ، کنجد سیاه و شاهدانه رو هم برشته کرده به گندم برشته اضافه میکنیم.\nگردوی خرد شده و کشمش و پسته کوهی رو هم به گندم اضافه میکنیم. \nلرستانی ها به این نوع گندم (گندم شیر) می‌گويند. که خیییییلی طرفدار داره.\nنوووووووش جان.",
      "شب چله لرستان جذابیت های دیگه ای هم داره که آن شاءالله بعد ها در موردش بازم میگم."
    ],
    "meal_type": [
      "غذای اصلی"
    ],
    "occasion": [
      "شام"
    ]
  },
  {
    "title": "گَنِم شادونَه لرستان مخصوصِ شُو چِلَه😄❤❤❤(گندم شاهدونه مخصوص یلدا)",
    "location": {
      "province": "لرستان",
      "city": "خرم‌آباد",
      "latitude": 33.4878,
      "longitude": 48.3558
    },
    "ingredients": [
      {
        "name": "گندم شیر",
        "amount": null,
        "unit": null
      },
      {
        "name": "شاهدانه",
        "amount": null,
        "unit": null
      },
      {
        "name": "کشمش",
        "amount": null,
        "unit": null
      },
      {
        "name": "گردو",
        "amount": null,
        "unit": null
      },
      {
        "name": "زردچوبه ",
        "amount": null,
        "unit": null
      },
      {
        "name": "رازیانه پودر شده ",
        "amount": null,
        "unit": null
      },
      {
        "name": "نمک",
        "amount": null,
        "unit": null
      },
      {
        "name": "شیر محلی جوشیده شده",
        "amount": null,
        "unit": null
      }
    ],
    "instructions": [
      "ابتدا گندم‌ها را شسته و داخل یک ظرف مناسب بریزید. بعد تمام مواد شامل: شیر، زردچوبه زیره و رازیانه و نمک را به گندم اضافه کرده و مخلوط کنید.\n\nاجازه دهید گندم تا ۳ روز در مخلوط شیر، ادویه ها و نمک خیس بخورد.ب\n\nبعد از ۳ روز که گندم در مواد ماند، آن را داخل یک آبکش بزرگ ریخته و جلوی آفتاب بگذارید تا خوب خشک شود.\n\nوقتی گندم‌ها خوب خشک شد، یک تابه بزرگ را روی شعله گاز بگذارید و یک مقدار از گندم را داخل تابه بدون روغن بریزید.\n\nبا یک پارچه نخی مرتب گندم‌ها را هم بزنید و تفت دهید تا وقتی که برشته شود،",
      "شاهدانه رو هم پاک کرده شستشو می دهیم یه کوچولو نمک زده و توی تابه کمی تفتش می دهیم با حرارت ملایم",
      "گندم شیر و شاهدانه برشته شده رو به همراه کشمش و گردو مخلوط کرده و تمااام👌😋",
      "توجه 👈ترجیحااا مخلوط گندم و شیر رو در جای خنک یا یخچال قرار دهید در طی این سه روز👌"
    ],
    "meal_type": [
      "غذای اصلی"
    ],
    "occasion": [
      "شام"
    ]
  },
  {
    "title": "چزنک رغو(میان وعده محلی استان لرستان)",
    "location": {
      "province": "لرستان",
      "city": "خرم‌آباد",
      "latitude": 33.4878,
      "longitude": 48.3558
    },
    "ingredients": [
      {
        "name": "آرد",
        "amount": 3.0,
        "unit": "پیمانه"
      },
      {
        "name": "نمک، زیره ، رازیانه",
        "amount": null,
        "unit": null
      },
      {
        "name": "آب",
        "amount": "به مقدار کافی",
        "unit": null
      },
      {
        "name": "روغن حیوانی",
        "amount": 0.5,
        "unit": "پیمانه"
      },
      {
        "name": "شیره خرما",
        "amount": null,
        "unit": null
      }
    ],
    "instructions": [
      "ابتدا آرد، نمک ، زیره، رازیانه و آب رو باهم مخلوط کنید و خوب هم بزنید تا خمیری نسبتاً شل به دست بیاد. بعد ساچ یا تابه رو روی حرارت بگذارید تا داغ بشه سپس از خمیر یک لایه نازک توی تابه بریزید\nتا مثل نان برشته بشه",
      "وقتی یک طرف اون پخت برگردونید تا طرف دیگه هم بپزد وقتی آماده شد داخل سینی یا بشقاب بگذارید و روی نان مقداری روغن حیوانی و شیره بریزید"
    ],
    "meal_type": [
      "غذای اصلی"
    ],
    "occasion": [
      "شام"
    ]
  },
  {
    "title": "ماست کِز زده (دودی) لرستان😋👌",
    "location": {
      "province": "لرستان",
      "city": "خرم‌آباد",
      "latitude": 33.4878,
      "longitude": 48.3558
    },
    "ingredients": [
      {
        "name": "شیر محلی پر چرب",
        "amount": 1.0,
        "unit": "کیلو"
      },
      {
        "name": "ماست محلی",
        "amount": 2.0,
        "unit": "ق غ"
      }
    ],
    "instructions": [
      "ابتدا قابلمه ای که از جنس روی هست رو روی اجاق گذاشته تا حسابی داغ داغ بشه طوری که کمی هم دود کنه بعد با احتیاط و حفظ فاصله از قابلمه مقدار کمی از شیر رو داخلش می ریزیم می ذاریم کمی ته دیگ ببنده و قهوه ای بشه بعد بلا فاصله بقیه شیر رو اضافه می کنیم و می ذاریم تا شیر به مدت ۲۰ دقیقه بجوشه",
      "شیر جوشیده شده وقتی از دما افتاد برای سنجش دماش انگشت کوچک رو در شیر فرو می بریم اگر گرماش قابل تحمل بود آماده اس 👌مایه ماست رو بهش اضافه و مخلوط کرده روش صافی گذاشته که ماست آب نندازه",
      "بعد با پارچه ضخیمی می پوشیم به مدت ۸ ساعت تا ببنده بعد از طی زمان ماست رو یک شب می ذاریمش توی یخچال تا آماده بشه به همین آسونی یه ماست کز زده یا دودی خوشمزه داریم 😋👌"
    ],
    "meal_type": [
      "پیش غذا و مکمل"
    ],
    "occasion": [
      "شام"
    ]
  },
  {
    "title": "نان کلوا لرستان",
    "location": {
      "province": "لرستان",
      "city": "خرم‌آباد",
      "latitude": 33.4878,
      "longitude": 48.3558
    },
    "ingredients": [
      {
        "name": "خمیر",
        "amount": null,
        "unit": null
      },
      {
        "name": "شیرتقریبا",
        "amount": 1.0,
        "unit": "پیمانه"
      },
      {
        "name": "خمیرمایه",
        "amount": 2.0,
        "unit": "قاشق غذاخوری"
      },
      {
        "name": "شکر",
        "amount": 2.0,
        "unit": "پیمانه"
      },
      {
        "name": "رازیانه",
        "amount": null,
        "unit": null
      },
      {
        "name": "زیره",
        "amount": null,
        "unit": null
      },
      {
        "name": "زردچوبه",
        "amount": 1.0,
        "unit": "قاشق مربا خوری"
      },
      {
        "name": "نمک",
        "amount": 1.0,
        "unit": "پنس"
      },
      {
        "name": "زرده تخم مرغ",
        "amount": 1.0,
        "unit": "عدد"
      },
      {
        "name": "قاشق مربا خوری زعفران دم کرده",
        "amount": 1.0,
        "unit": null
      },
      {
        "name": "شیر",
        "amount": 2.0,
        "unit": "قاشق غذاخوری"
      },
      {
        "name": "کنجد",
        "amount": null,
        "unit": null
      },
      {
        "name": "رازیانه",
        "amount": "به دلخواه",
        "unit": null
      }
    ],
    "instructions": [
      "آرد را سه بار الک کنید زیره رازیانه+زردچوبه +نمک+شکر را با آرد مخلوط کرده و کنار گذاشتم",
      "خمیر مایه را با ۱ لیوان شیر ولرم و ۱ قاشق مرباخوری شکر مخلوط کردم تا عمل بیاد",
      "کم کم شیری که خمیرمایه داره را به آرد اضافه کرده و مخلوط کردم بقیه شیر را کنار دستم گذاشتم تا اگه نیاز بود استفاده کنم تا جایی شیر را اضافه کردم که خمیر یکدست و لطیفی به دست بیاد",
      "من از روغن مایع استفاده کردم که اونم اضافه و مخلوط کردم",
      "باید مراقب باشین شیر را زیاد اضافه نکنید چون خمیر شل میشه",
      "خمیر را حسابی ورز دادم و برای ۲ ساعت اجازه دادم استراحت کنه (من روی کاسه را سلفون کشیدم و لای پتو گذاشتم)",
      "بعد از استراحت خمیر دوباره ۵ دقیقه ورز دادم و خمیر را به چهار قسمت تقسیم کردم",
      "کف سینی توستر کاغذ روغنی پهن کردم و چونه ها را با فاصله گذاشتم روی چونه های خمیر را پوشاندم و ۱ ساعت دیگه استراحت دادم",
      "الان زمان رومال هست اول با چنگال به خمیر شکل دادم بعد همه مواد رومال را مخلوط و بعد روی خمیر رومال زدم و روشون کنجد و رازیانه پاشیدم",
      "نانها را در توستر از قبل گرم شده با دمای ۱۷۰ درجه سانتی گراد به مدت ۱۵ تا ۲۰ دقیقه گذاشتم بپزه",
      "۵ دقیقه قبل از پایان زمان پخت زیر نان ها را چک کردم طلایی شده بود سپس گریل را روشن کنید تا روی نان ها طلایی بشن",
      "یک ظرف آب داخل توستر گذاشتم تا رطوبت ایجاد کنه"
    ],
    "meal_type": [
      "نان و شیرینی"
    ],
    "occasion": [
      "شام"
    ]
  },
  {
    "title": "نان چزنک رغو لرستان(شلکینه)",
    "location": {
      "province": "لرستان",
      "city": "خرم‌آباد",
      "latitude": 33.4878,
      "longitude": 48.3558
    },
    "ingredients": [
      {
        "name": "آرد",
        "amount": 1.0,
        "unit": "لیوان"
      },
      {
        "name": "آب",
        "amount": 3.0,
        "unit": "لیوان"
      },
      {
        "name": "پودر زیره سبز",
        "amount": 0.5,
        "unit": "ق چ"
      },
      {
        "name": "رازیانه",
        "amount": 0.5,
        "unit": "ق چ"
      },
      {
        "name": "نمک",
        "amount": 0.5,
        "unit": "ق چ"
      },
      {
        "name": "شیره برای من شیره انگور",
        "amount": "به مقدار دلخواه",
        "unit": null
      },
      {
        "name": "کره یا روغن محلی",
        "amount": "به مقدار دلخواه",
        "unit": null
      }
    ],
    "instructions": [
      "آرد الک شده+زیره +رازیانه +نمک را با هم مخلوط کنید.",
      "آب رو کم کم اضافه کنید و هم بزنید.\nمیزان آبخوری آرد ها متفاوت است حواستون باشه آب تا جایی اضافه کنید که خمیر سفت نشه و تقریبا شل و روان باشه.",
      "تابه نچسب روی حرارت متوسط بزارید تا کاملا داغ بشه بعد با ملاقه از خمیر نان برداشته داخل تابه بریزید.",
      "باشد سرعت عمل داشته باشید خمیر رو با دست روی تابه پهن کنید.\n(من با کاردک این کار رو انجام دادم)",
      "وقتی یک سمت نان پخت برگردونید سمت دیگه اش هم بپزه",
      "بعد پخت کره یا روغن محلی با برس روی نان بزنید بعد شیره بریزید و نوش جان کنید.",
      "معمولا این نان روی ساج پخته میشه ولی اگه مثل من ساج ندارید میتونید داخل تابه نسوز هم درست کنید.👌"
    ],
    "meal_type": [
      "نان و شیرینی"
    ],
    "occasion": [
      "شام"
    ]
  },
  {
    "title": "آش شله - آش محلی خرم آباد",
    "location": {
      "province": "لرستان",
      "city": "خرم‌آباد",
      "latitude": 33.4878,
      "longitude": 48.3558
    },
    "ingredients": [
      {
        "name": "ماش",
        "amount": 1.0,
        "unit": "کاسه"
      },
      {
        "name": "برنج",
        "amount": 1.0,
        "unit": "کاسه"
      },
      {
        "name": "پیاز",
        "amount": 2.0,
        "unit": "عدد"
      },
      {
        "name": "زردچوبه فلفل سیاه نمک",
        "amount": null,
        "unit": null
      }
    ],
    "instructions": [
      "ماش رو شستم گذاشتم پخت یکم که نرم شد برنج نیم دانه رو اضافه کردم. زمان دادم تا کامل بپزه بعد پیازها رو نگینی سرخ کردم زردچوبه و فلفل سیاه و نمک هم اضافه کردم. و به آش اضافه کردم. یه کم دیگه گداشتم بپزه بعد زیرشو خاموش کردم 😊"
    ],
    "meal_type": [
      "آش و سوپ"
    ],
    "occasion": [
      "شام"
    ]
  },
  {
    "title": "آبگوشت لری گُولَه ریزه",
    "location": {
      "province": "لرستان",
      "city": "خرم‌آباد",
      "latitude": 33.4878,
      "longitude": 48.3558
    },
    "ingredients": [
      {
        "name": "گوشت چرخ کرده",
        "amount": 500.0,
        "unit": "گرم"
      },
      {
        "name": "برنج نیم دانه",
        "amount": 100.0,
        "unit": "گرم"
      },
      {
        "name": "آرد گندم",
        "amount": 100.0,
        "unit": "گرم"
      },
      {
        "name": "روغن",
        "amount": 100.0,
        "unit": "گرم"
      },
      {
        "name": "سیب زمینی",
        "amount": 2.0,
        "unit": "عدد"
      },
      {
        "name": "رب گوجه",
        "amount": 3.0,
        "unit": "قاشق غذاخوری"
      },
      {
        "name": "نمک و زردچوبه",
        "amount": null,
        "unit": null
      }
    ],
    "instructions": [
      "رب گوجه و نمک و زردچوبه را داخل قابلمه با روغن مخلوط کرده و پس از افزودن ۱.۵ لیتر آب، روی حرارت ملایم می‌گذاریم تا بجوشد.",
      "گوشت چرخ کرده، برنج نیم دانه، آرد گندم و ادویه‌ها را خوب ورز می‌دهیم و گلوله‌های کوچک (گُله ریزه) درست می‌کنیم.",
      "گلوله‌ها را به آب در حال جوش اضافه می‌کنیم تا نیم پز شوند.",
      "سیب زمینی‌های خلال شده را به قابلمه اضافه کرده و اجازه می‌دهیم همه مواد با حرارت ملایم بپزند.",
      "پس از ۳۰ دقیقه آبگوشت لری گُله ریزه آماده سرو است."
    ],
    "meal_type": [
      "غذای اصلی گوشتی"
    ],
    "occasion": [
      "ناهار"
    ]
  },
  {
    "title": "پرتله",
    "location": {
      "province": "لرستان",
      "city": "خرم‌آباد",
      "latitude": 33.4878,
      "longitude": 48.3558
    },
    "ingredients": [
      {
        "name": "گندم شیر",
        "amount": 1000.0,
        "unit": "گرم"
      },
      {
        "name": "شیر تازه",
        "amount": 2000.0,
        "unit": "میلی‌لیتر"
      },
      {
        "name": "نمک",
        "amount": null,
        "unit": null
      }
    ],
    "instructions": [
      "گندم شیر را کوبیده و با یک لیتر آب بپزید.",
      "شیر را طی دو مرحله اضافه کرده و مرتب هم بزنید.",
      "نمک را افزوده و با حرارت کم اجازه دهید لعاب بیندازد و جا بیفتد."
    ],
    "meal_type": [
      "آش و سوپ"
    ],
    "occasion": [
      "ناهار"
    ]
  },
  {
    "title": "ماسوا",
    "location": {
      "province": "لرستان",
      "city": "خرم‌آباد",
      "latitude": 33.4878,
      "longitude": 48.3558
    },
    "ingredients": [
      {
        "name": "بلغور گندم",
        "amount": 2.0,
        "unit": "پیمانه"
      },
      {
        "name": "عدس درشت",
        "amount": 0.5,
        "unit": "پیمانه"
      },
      {
        "name": "نخود",
        "amount": 1.0,
        "unit": "پیمانه"
      },
      {
        "name": "پیاز داغ",
        "amount": null,
        "unit": null
      },
      {
        "name": "کشک",
        "amount": null,
        "unit": null
      },
      {
        "name": "زردچوبه و نمک",
        "amount": null,
        "unit": null
      },
      {
        "name": "سبزی آش",
        "amount": 500.0,
        "unit": "گرم"
      }
    ],
    "instructions": [
      "حبوبات و بلغور را می‌پزیم.",
      "پیاز داغ و سبزی خرد شده را اضافه کرده و نمک و زردچوبه می‌زنیم.",
      "وقتی پخته شد، کشک اضافه می‌کنیم و آش را جا می‌اندازیم."
    ],
    "meal_type": [
      "آش و سوپ"
    ],
    "occasion": [
      "ناهار"
    ]
  },
  {
    "title": "گیپه",
    "location": {
      "province": "لرستان",
      "city": "خرم‌آباد",
      "latitude": 33.4878,
      "longitude": 48.3558
    },
    "ingredients": [
      {
        "name": "شکمبه گوسفند",
        "amount": 1200.0,
        "unit": "گرم"
      },
      {
        "name": "برنج",
        "amount": 250.0,
        "unit": "گرم"
      },
      {
        "name": "زعفران دم کرده",
        "amount": 0.5,
        "unit": "فنجان"
      },
      {
        "name": "گوشت چرخ کرده",
        "amount": 250.0,
        "unit": "گرم"
      },
      {
        "name": "پیاز داغ عسلی",
        "amount": 3.0,
        "unit": "قاشق سوپخوری"
      },
      {
        "name": "زیره",
        "amount": 1.0,
        "unit": "قاشق سوپخوری"
      },
      {
        "name": "لپه",
        "amount": 1.0,
        "unit": "فنجان"
      },
      {
        "name": "زردچوبه",
        "amount": null,
        "unit": null
      },
      {
        "name": "فلفل",
        "amount": null,
        "unit": null
      },
      {
        "name": "نمک",
        "amount": null,
        "unit": null
      }
    ],
    "instructions": [
      "برنج و لپه را خیس کرده، سپس با مواد دیگر مخلوط و در شکمبه بسته‌بندی می‌کنیم.",
      "شکمبه‌های پر شده را با نخ می‌بندیم و سوراخ می‌کنیم تا باد نکند.",
      "در قابلمه آب ریخته و با حرارت ملایم چند ساعت می‌پزیم تا آب جذب شود."
    ],
    "meal_type": [
      "غذای اصلی گوشتی"
    ],
    "occasion": [
      "ناهار"
    ]
  },
  {
    "title": "خورش قلیه ترش",
    "location": {
      "province": "لرستان",
      "city": "خرم‌آباد",
      "latitude": 33.4878,
      "longitude": 48.3558
    },
    "ingredients": [
      {
        "name": "گوشت گوسفند",
        "amount": 500.0,
        "unit": "گرم"
      },
      {
        "name": "پیاز",
        "amount": 1.0,
        "unit": "عدد"
      },
      {
        "name": "آب انار",
        "amount": 1.0,
        "unit": "فنجان"
      },
      {
        "name": "رب انار",
        "amount": 2.0,
        "unit": "قاشق سوپخوری"
      },
      {
        "name": "سیب زمینی",
        "amount": 4.0,
        "unit": "عدد"
      },
      {
        "name": "نمک، زردچوبه، فلفل",
        "amount": null,
        "unit": null
      }
    ],
    "instructions": [
      "گوشت، پیاز و سیب زمینی را جداگانه پخته و مخلوط می‌کنیم.",
      "آب انار، رب انار، ادویه و پیاز داغ را اضافه کرده و روی حرارت ملایم جا می‌اندازیم."
    ],
    "meal_type": [
      "غذای اصلی گوشتی"
    ],
    "occasion": [
      "ناهار"
    ]
  },
  {
    "title": "بلی شیر (شیر بلوط)",
    "location": {
      "province": "لرستان",
      "city": "خرم‌آباد",
      "latitude": 33.4878,
      "longitude": 48.3558
    },
    "ingredients": [
      {
        "name": "مغز بلوط",
        "amount": 500.0,
        "unit": "گرم"
      },
      {
        "name": "شیر",
        "amount": 2.0,
        "unit": "لیتر"
      },
      {
        "name": "نمک و زردچوبه",
        "amount": null,
        "unit": null
      }
    ],
    "instructions": [
      "بلوط‌ها را شب قبل در شیر خیس کرده، سپس خرد کرده و می‌پزیم.",
      "مقداری از بلوط را کوبیده و به بقیه بازمی‌گردانیم تا مخلوط لعاب بیندازد."
    ],
    "meal_type": [
      "دسر"
    ],
    "occasion": [
      "عصرانه"
    ]
  },
  {
    "title": "بلی ماس (ماست بلوط)",
    "location": {
      "province": "لرستان",
      "city": "خرم‌آباد",
      "latitude": 33.4878,
      "longitude": 48.3558
    },
    "ingredients": [
      {
        "name": "بلوط",
        "amount": 500.0,
        "unit": "گرم"
      },
      {
        "name": "ماست",
        "amount": 1000.0,
        "unit": "گرم"
      },
      {
        "name": "روغن حیوانی",
        "amount": 100.0,
        "unit": "گرم"
      },
      {
        "name": "نمک و پونه",
        "amount": null,
        "unit": null
      }
    ],
    "instructions": [
      "بلوط‌ها را داخل آتش برشته کرده، پوست می‌کنیم و آسیاب می‌کنیم.",
      "با نمک، پونه و روغن تفت داده و به ماست اضافه می‌کنیم."
    ],
    "meal_type": [
      "دسر"
    ],
    "occasion": [
      "عصرانه"
    ]
  },
  {
    "title": "دلمه برگ مو",
    "location": {
      "province": "لرستان",
      "city": "بروجرد",
      "latitude": 33.8972,
      "longitude": 48.7518
    },
    "ingredients": [
      {
        "name": "برگ مو",
        "amount": 500.0,
        "unit": "عدد"
      },
      {
        "name": "سبزی (تره، پیازچه، شوید، مرزه، ترخون و نعناع)",
        "amount": 1000.0,
        "unit": "گرم"
      },
      {
        "name": "باقلا",
        "amount": 250.0,
        "unit": "گرم"
      },
      {
        "name": "گوشت چرخ کرده",
        "amount": 250.0,
        "unit": "گرم"
      },
      {
        "name": "ماست ساده کم چرب",
        "amount": 1.0,
        "unit": "فنجان"
      },
      {
        "name": "روغن حیوانی",
        "amount": 100.0,
        "unit": "گرم"
      },
      {
        "name": "برنج",
        "amount": 500.0,
        "unit": "گرم"
      }
    ],
    "instructions": [
      "سبزیجات را خرد کرده و باقلا را می‌پزیم.",
      "برنج را آبکش کرده، با مواد مخلوط می‌کنیم و داخل برگ مو می‌پیچیم.",
      "با آب و حرارت ملایم می‌پزیم تا آب بخار شود."
    ],
    "meal_type": [
      "غذای اصلی گیاهی"
    ],
    "occasion": [
      "ناهار"
    ]
  },
  {
    "title": "شومی کوو",
    "location": {
      "province": "لرستان",
      "city": "خرم‌آباد",
      "latitude": 33.4878,
      "longitude": 48.3558
    },
    "ingredients": [
      {
        "name": "گوشت چرخ کرده",
        "amount": 250.0,
        "unit": "گرم"
      },
      {
        "name": "سیب زمینی",
        "amount": 4.0,
        "unit": "عدد"
      },
      {
        "name": "سبزی معطر",
        "amount": 2.0,
        "unit": "قاشق غذاخوری"
      },
      {
        "name": "تخم مرغ",
        "amount": 2.0,
        "unit": "عدد"
      },
      {
        "name": "رب انار",
        "amount": 1.0,
        "unit": "قاشق غذاخوری"
      },
      {
        "name": "آرد",
        "amount": 1.0,
        "unit": "قاشق غذاخوری"
      },
      {
        "name": "نمک و ادویه",
        "amount": null,
        "unit": null
      },
      {
        "name": "پیاز",
        "amount": 2.0,
        "unit": "عدد"
      },
      {
        "name": "مغز گردو",
        "amount": 2.0,
        "unit": "قاشق غذاخوری"
      }
    ],
    "instructions": [
      "سیب زمینی و پیاز رنده شده را با گوشت و تخم مرغ و بقیه مواد مخلوط می‌کنیم.",
      "کتلت‌ها را سرخ کرده و با سس رب انار و گردو می‌پزیم."
    ],
    "meal_type": [
      "غذای اصلی گوشتی"
    ],
    "occasion": [
      "ناهار"
    ]
  },
  {
    "title": "کوفته نخودچی",
    "location": {
      "province": "لرستان",
      "city": "بروجرد",
      "latitude": 33.8972,
      "longitude": 48.7518
    },
    "ingredients": [
      {
        "name": "گوشت چرخ کرده",
        "amount": 400.0,
        "unit": "گرم"
      },
      {
        "name": "هویج رنده شده",
        "amount": 5.0,
        "unit": "عدد متوسط"
      },
      {
        "name": "پیاز رنده شده",
        "amount": 1.0,
        "unit": "عدد متوسط"
      },
      {
        "name": "تره خرد شده",
        "amount": 0.5,
        "unit": "پیمانه"
      },
      {
        "name": "آرد نخودچی",
        "amount": 4.0,
        "unit": "قاشق غذاخوری"
      },
      {
        "name": "گردو خرد شده",
        "amount": 0.5,
        "unit": "پیمانه"
      },
      {
        "name": "تخم مرغ",
        "amount": 1.0,
        "unit": "عدد"
      },
      {
        "name": "نمک و زردچوبه",
        "amount": null,
        "unit": null
      },
      {
        "name": "روغن",
        "amount": null,
        "unit": null
      },
      {
        "name": "پیاز خرد شده (برای سس)",
        "amount": 1.0,
        "unit": "عدد کوچک"
      },
      {
        "name": "گوشت چرخ کرده (برای سس)",
        "amount": 100.0,
        "unit": "گرم"
      },
      {
        "name": "تره خرد شده (برای سس)",
        "amount": 0.33,
        "unit": "پیمانه"
      },
      {
        "name": "سرکه",
        "amount": 0.33,
        "unit": "استکان"
      },
      {
        "name": "شکر",
        "amount": 3.0,
        "unit": "قاشق غذاخوری"
      },
      {
        "name": "نمک و زردچوبه (برای سس)",
        "amount": null,
        "unit": null
      },
      {
        "name": "رب گوجه فرنگی",
        "amount": 1.0,
        "unit": "قاشق غذاخوری"
      },
      {
        "name": "آرد سفید",
        "amount": 1.0,
        "unit": "قاشق غذاخوری"
      }
    ],
    "instructions": [
      "برای سس: پیاز خرد شده را تفت داده، گوشت، نمک، زردچوبه، تره و رب گوجه را اضافه کرده و تفت می‌دهیم. سپس آرد سفید افزوده و ۳ لیوان آب اضافه می‌کنیم و بعد از غلیظ شدن، سرکه و شکر را اضافه کرده و می‌جوشانیم.",
      "برای کوفته: گوشت چرخ کرده، هویج، پیاز، نمک، زردچوبه، گردو، تره، آرد نخودچی و تخم مرغ را مخلوط می‌کنیم. کوفته‌ها را شکل داده و در روغن داغ سرخ می‌کنیم.",
      "در نهایت کوفته‌ها را در سس ریخته و حدود نیم ساعت می‌گذاریم تا خوب بپزد."
    ],
    "meal_type": [
      "غذای اصلی گوشتی"
    ],
    "occasion": [
      "ناهار"
    ]
  },
  {
    "title": "نان کلوا شیر ورقه‌ای",
    "location": {
      "province": "لرستان",
      "city": "خرم‌آباد",
      "latitude": 33.4878,
      "longitude": 48.3558
    },
    "ingredients": [
      {
        "name": "پودر خمیر ترش (یا بکینگ پودر)",
        "amount": 1.0,
        "unit": "قاشق مرباخوری"
      },
      {
        "name": "شکر",
        "amount": 1.0,
        "unit": "قاشق چایخوری"
      },
      {
        "name": "آب ولرم",
        "amount": 0.5,
        "unit": "پیمانه"
      },
      {
        "name": "شیر ولرم",
        "amount": 2.0,
        "unit": "پیمانه"
      },
      {
        "name": "آرد",
        "amount": 5.0,
        "unit": "تا 6 پیمانه"
      },
      {
        "name": "روغن مایع",
        "amount": 0.5,
        "unit": "پیمانه"
      },
      {
        "name": "بهبود دهنده آرد",
        "amount": 0.5,
        "unit": "قاشق چایخوری"
      }
    ],
    "instructions": [
      "پودر خمیر ترش و شکر را در آب ولرم حل کرده و اجازه می‌دهیم پف کند.",
      "شیر، مخلوط خمیر، نصف پیمانه آرد و بهبوددهنده را مخلوط کرده، سپس روغن و بقیه آرد را اضافه کرده و ورز می‌دهیم.",
      "خمیر را استراحت داده تا دو برابر شود، سپس چانه‌گیری کرده و باز می‌کنیم.",
      "خمیرهای باز شده را روی ساج داغ پخته و هر طرف را جداگانه می‌پزیم."
    ],
    "meal_type": [
      "نان و شیرینی"
    ],
    "occasion": [
      "عصرانه"
    ]
  }
]