[
  {
    "title": "پلو شوشتری خوزستان",
    "location": {
      "province": "خوزستان",
      "city": "شوشتر",
      "coordinates": {
        "latitude": 32.045,
        "longitude": 48.8594
      }
    },
    "ingredients": [
      {
        "name": "برنج",
        "amount": 4.0,
        "unit": "پیمانه"
      },
      {
        "name": "فیله مرغ",
        "amount": 500.0,
        "unit": "گرم"
      },
      {
        "name": "لوبیا چشم بلبلی",
        "amount": 1.0,
        "unit": "پیمانه"
      },
      {
        "name": "شویدتازه",
        "amount": 1.0,
        "unit": "پیمانه"
      },
      {
        "name": "پیاز سرخ شده",
        "amount": 1.0,
        "unit": "عدد"
      },
      {
        "name": "زعفران",
        "amount": 1.0,
        "unit": "ق چ"
      },
      {
        "name": "نمک و فلفل",
        "amount": null,
        "unit": null
      }
    ],
    "instructions": [
      "ابتدا برنج را خیس و آبکش کرده و کنار بگذارید. سپس یک عدد پیاز سرخ شده را با فیله‌مرغ تکه‌تکه شده تفت دهید و زعفران را به آن اضافه کنید و با ادویه‌ها و یک استکان آب بگذارید تا جایی بپزد که آب آن بخار شود بعد شوید خرد شده را به آن اضافه کنید و لوبیای چشم‌بلبلی پخته شده را هم به آن بیفزائید و لابه‌لای برنج آبکش شده ریخته و دم کنید پس از ۴۵ دقیقه این غذا آماده است."
    ],
    "meal_type": [
      "غذای اصلی برنجی"
    ],
    "occasion": [
      "ناهار"
    ]
  },
  {
    "title": "اشکنه دزفولی",
    "location": {
      "province": "خوزستان",
      "city": "دزفول",
      "coordinates": {
        "latitude": 32.3811,
        "longitude": 48.4058
      }
    },
    "ingredients": [
      {
        "name": "پیاز درشت",
        "amount": 1.0,
        "unit": "عدد"
      },
      {
        "name": "تخم مرغ",
        "amount": 2.0,
        "unit": "عدد"
      },
      {
        "name": "رب انار",
        "amount": 1.0,
        "unit": "استکان"
      },
      {
        "name": "نمک وفلفل",
        "amount": null,
        "unit": null
      },
      {
        "name": "زردچوبه",
        "amount": null,
        "unit": null
      },
      {
        "name": "قاشق روغن",
        "amount": null,
        "unit": null
      }
    ],
    "instructions": [
      "اول روغن رو میذاریم داغ بشه و پیاز رو سرخ میکنیم. زردچوبه رو هم داخلش سرخ میکنیم. یک و نیم لیوان آب میریزیم. جوش که آمد رب انار را اضافه میکنیم. و هم میزنیم و تخم مرغ را هم میشکنیم و هم میزنیم. تخم مرغ بعدی را میشکنیم ولی هم نمیزنیم. در این غذا نان تلیت میکنیم و میل میکنیم. نوش جان😊 یه شام سبک و خوشمزه"
    ],
    "meal_type": [
      "آش و سوپ"
    ],
    "occasion": [
      "شام"
    ]
  },
  {
    "title": "تثخانه غذای سنتی خوزستان 🥘🐟",
    "location": {
      "province": "خوزستان",
      "city": "اهواز",
      "coordinates": {
        "latitude": 31.3183,
        "longitude": 48.6706
      }
    },
    "ingredients": [
      {
        "name": "پیاز بزرگ خرد شده",
        "amount": 2.0,
        "unit": "عدد"
      },
      {
        "name": "گوجه فرنگی خرد شده",
        "amount": 5.0,
        "unit": "عدد"
      },
      {
        "name": "رب گوجه فرنگی",
        "amount": 3.0,
        "unit": "قاشق غذاخوری"
      },
      {
        "name": "بوته سیرکامل له شده",
        "amount": null,
        "unit": null
      },
      {
        "name": "لیمو عمانی",
        "amount": 2.0,
        "unit": "عدد"
      },
      {
        "name": "ماهی قباد متوسط",
        "amount": 1.0,
        "unit": "عدد"
      },
      {
        "name": "برنج",
        "amount": 1.0,
        "unit": "لیوان"
      },
      {
        "name": "ادویه نمک و فلفل و کاری و زردچوبه و ادویه ماهی",
        "amount": null,
        "unit": null
      }
    ],
    "instructions": [
      "#سرآشپز_طلایی",
      "ماهی را از روز قبل نمک زده و در فریزر قرار دهید. \r\n\r\nپیاز را خرد کرده و تفت دادم بعد سیر را به آن اضافه کرده و کمی تفت دادم. \r\nبعد تکه های ماهی نمک زده رو شستم و در این مرحله به سیر و پیاز تفت داده اضافه شون کردم و کمی تفت دادم و ادویه ها رو هم اضافه کردم تا ماهی بوی سیر و ادویه ها رو به خودش بگیره.",
      "بعد تکه های ماهی رو از قابلمه خارج کردم ، و گوجه فرنگی و رب گوجه رو به قابلمه اضافه کردم و تفت دادم تا گوجه فرنگی نرم و له بشه.",
      "بعد ماهی رو در این مرحله اضافه کردم و آب ولرم + لیمو عمانی رو هم \r\n اضافه کردم و وقتی خورش جوش اومد و قل قل زد برنج نیم دانه رو که از قبل خیس کرده بودیم رو اضافه کردم \r\nو اجازه دادم خورش با شعله ملایم بپزه و جابیافه. بعد که جا افتاد خورش ما آماده است نوش جان 😍",
      "بفرمایید دوستان گل 😊😋"
    ],
    "meal_type": [
      "غذای اصلی برنجی"
    ],
    "occasion": [
      "شام"
    ]
  },
  {
    "title": "حمص غذای عربی خوزستان",
    "location": {
      "province": "خوزستان",
      "city": "اهواز",
      "coordinates": {
        "latitude": 31.3183,
        "longitude": 48.6706
      }
    },
    "ingredients": [
      {
        "name": "برنج",
        "amount": 0.5,
        "unit": "پیمانه"
      },
      {
        "name": "آب",
        "amount": null,
        "unit": null
      },
      {
        "name": "نمک و ادویه و فلفل",
        "amount": null,
        "unit": null
      },
      {
        "name": "اسفناج خردشده",
        "amount": 1.0,
        "unit": "کیلو"
      },
      {
        "name": "لیموعمانی",
        "amount": 2.0,
        "unit": "عدد"
      },
      {
        "name": "پیازسرخ شده",
        "amount": 1.0,
        "unit": "عدد"
      }
    ],
    "instructions": [
      "اسفناج روخورد کرده ومیریزیم داخل قابلمه تا کمی ازحجمش کم بشه بعدبرنجی روکه از قبل خیس کرده بودیم روداخل اسفناج میریزیم ومقداری آب تاحدی که برنج بپزه میریزیم",
      "حدود۲۰ دقیقه صبرمیکنیم بعدپیازوادویه هارواضافه میکنیم",
      "لیموعمانی روبایدپوست وهستشو جداکنیم وفقط سیاهی داخل لیمو روداخل موادمیریزیم ومخلوط میکنیم",
      "حدود ۱ساعت طول میکشه تا موادخوب جابیفته یعنی باید آب برنج واسفناج خوب جمع بشه وبذاری دم بکشه",
      "این غذا یه سبزی دیگه هم داره که اسمش توله هست که مال خوزستان ولی با اسفناجم میشه پخت خیلی خوش طعمه امیدوارم خوشتون بیاد"
    ],
    "meal_type": [
      "غذای اصلی برنجی"
    ],
    "occasion": [
      "شام"
    ]
  },
  {
    "title": "قلیه میگو",
    "location": {
      "province": "",
      "city": "",
      "coordinates": {
        "latitude": 0.0,
        "longitude": 0.0
      }
    },
    "ingredients": [
      {
        "name": "میگو",
        "amount": 0.5,
        "unit": "کیلوگرم"
      },
      {
        "name": "پیاز",
        "amount": 1,
        "unit": "عدد بزرگ"
      },
      {
        "name": "سیر خرد شده",
        "amount": 1,
        "unit": "بوته کامل"
      },
      {
        "name": "آرد",
        "amount": 2,
        "unit": "قاشق غذاخوری"
      },
      {
        "name": "شنبلیله",
        "amount": 50,
        "unit": "گرم"
      },
      {
        "name": "گشنیز",
        "amount": 250,
        "unit": "گرم"
      },
      {
        "name": "رب گوجه فرنگی",
        "amount": 1,
        "unit": "قاشق غذاخوری"
      },
      {
        "name": "عصاره تمر هندی",
        "amount": 1,
        "unit": "پیمانه"
      },
      {
        "name": "نمک",
        "amount": "به مقدار لازم",
        "unit": null
      },
      {
        "name": "فلفل قرمز و سیاه",
        "amount": "به مقدار لازم",
        "unit": null
      },
      {
        "name": "پودر دانه گشنیز",
        "amount": "به مقدار لازم",
        "unit": null
      },
      {
        "name": "پودر سیر",
        "amount": "به مقدار لازم",
        "unit": null
      }
    ],
    "instructions": [
      "میگوها را تمیز کرده و در نمک و آب جوش به مدت نیم ساعت قرار دهید و سپس آبکشی کنید.",
      "تمر هندی را در آب گرم بریزید و با دست کمی له کرده و صاف کنید.",
      "عصاره تمر هندی را با آرد مخلوط کنید.",
      "گشنیز و جعفری را خرد کنید.",
      "پیازها را نگینی خرد کرده و در روغن تفت دهید، سپس سیر خرد شده را اضافه کنید.",
      "سبزی‌های خرد شده را اضافه کرده و اجازه دهید با پیاز و سیر سرخ شوند.",
      "آب را اضافه کرده و بگذارید بجوشد.",
      "ادویه‌ها و عصاره تمر هندی مخلوط با آرد را اضافه کنید.",
      "در 5 دقیقه آخر میگوها را اضافه کنید و تا زمانی که میگو سفت نشود، خورش را بپزید."
    ],
    "meal_type": [
      "غذای اصلی دریایی"
    ],
    "occasion": [
      [
        "شام"
      ]
    ]
  },
  {
    "title": "شعله نوروزانی",
    "location": {
      "province": "",
      "city": "",
      "coordinates": {
        "latitude": 0.0,
        "longitude": 0.0
      }
    },
    "ingredients": [
      {
        "name": "ماهی صبور",
        "amount": 2,
        "unit": "عدد"
      },
      {
        "name": "سبزی پلویی",
        "amount": 300,
        "unit": "گرم"
      },
      {
        "name": "پیاز",
        "amount": 2,
        "unit": "عدد متوسط"
      },
      {
        "name": "سیر",
        "amount": 1,
        "unit": "حبه"
      },
      {
        "name": "آب تمر هندی",
        "amount": 0.5,
        "unit": "لیوان"
      },
      {
        "name": "نمک",
        "amount": "به میزان کافی",
        "unit": null
      },
      {
        "name": "فلفل",
        "amount": "به میزان کافی",
        "unit": null
      },
      {
        "name": "رب گوجه‌فرنگی",
        "amount": 1,
        "unit": "قاشق غذاخوری"
      }
    ],
    "instructions": [
      "داخل شکم ماهی را تمیز کرده و آن را می‌جوشانیم (فلس ماهی تمیز نمی‌شود).",
      "مقداری آب تمر هندی داخل شکم ماهی می‌ریزیم تا جذب ماهی شود.",
      "سبزی‌ها را شسته و به همراه پیازهای خرد شده و سیر رنده شده به سبزی اضافه می‌کنیم.",
      "فلفل، نمک و بقیه آب تمر هندی را به همراه رب گوجه‌فرنگی به مواد اضافه کرده و هم می‌زنیم.",
      "مواد را داخل شکم ماهی قرار می‌دهیم.",
      "ماهی‌ها را داخل توری ماهی قرار داده و آن را کباب می‌کنیم یا می‌توانیم آن‌ها را در فر بگذاریم."
    ],
    "meal_type": [
      "غذای اصلی دریایی"
    ],
    "occasion": [
      [
        "ناهار"
      ]
    ]
  },
  {
    "title": "ارده پلو",
    "location": {
      "province": "خوزستان",
      "city": "اهواز",
      "coordinates": {
        "latitude": 31.3183,
        "longitude": 48.6706
      }
    },
    "ingredients": [
      {
        "name": "برنج",
        "amount": 4,
        "unit": "پیمانه"
      },
      {
        "name": "ماش",
        "amount": 2,
        "unit": "پیمانه"
      }
    ],
    "instructions": [
      "ماش را قبلا خیس کرده و بپزید",
      "برنج را داخل آب جوش ریخته و ماشی که قبلا پخته و آب آن را کشیده اید، داخل برنج بریزید و آبکش کنید",
      "سپس پلو ماش دم کشیده را در سینی بریزید تا کمی بخار آن خارج شود",
      "سپس به میزان دلخواه ارده روی پلو بریزید و با چنگال هم زده و سپس همراه با شیره خرما سرو نمایید."
    ],
    "meal_type": [
      "غذای اصلی برنجی"
    ],
    "occasion": [
      "ناهار"
    ]
  },
  {
    "title": "کلوچه دزفولی",
    "location": {
      "province": "خوزستان",
      "city": "دزفول",
      "coordinates": {
        "latitude": 32.3811,
        "longitude": 48.4058
      }
    },
    "ingredients": [
      {
        "name": "آرد",
        "amount": 1,
        "unit": "پیمانه"
      },
      {
        "name": "شیر",
        "amount": 1,
        "unit": "کیلو"
      },
      {
        "name": "شکر",
        "amount": 2,
        "unit": null
      },
      {
        "name": "روغن",
        "amount": 1,
        "unit": "ق غ"
      },
      {
        "name": "بکینگ پودر",
        "amount": 1,
        "unit": null
      },
      {
        "name": "زیره",
        "amount": 1,
        "unit": "ق چ"
      },
      {
        "name": "خرما",
        "amount": 15,
        "unit": "ق غ"
      },
      {
        "name": "دارچین و رازیانه کمی کره",
        "amount": null,
        "unit": null
      }
    ],
    "instructions": [
      "هسته خرما را می گیریم و با دارچین، رازیانه و کره روی حرارت تقت می دهیم تا نرم شود",
      "شیر و شکر را روی حرارت قرار می دهیم در حدی که شکر در شیر حل شده و شیر ولرم گردد",
      "آرد، روغن، زیره، شیر و بکینگ پودر را با هم مخلوط کرده و خمیر کلوچه را درست می کنیم",
      "از خمیر به اندازه یک نارنگی برداشته، در دست پهن کرده و ۱خرما وسط خمیر قرار می دهیم و خمیر را دو بار گلوله کرده و با وردنه پهن می کنیم",
      "با چنگال(نام وسیله اصلی این کار سک سک است) روی کلوچه ها را سوراخ می کنیم",
      "کلوچه ها را با درجه ۱۸۰ به مدت ۱۰ دقیقه در فر می گذاریم(فر باید از قبل گرم شده باشد) و سپس کلوچه ها را بر عکس می کنیم و اجازه می دهیم به مدت 5 دقیقه دیگر در فر بماند."
    ],
    "meal_type": [
      "دسر"
    ],
    "occasion": [
      "شام"
    ]
  }
]