[
  {
    "title": "ماسوآ",
    "location": {
      "province": "ایلام",
      "city": "ایلام",
      "coordinates": {
        "latitude": 33.6374,
        "longitude": 46.4227
      }
    },
    "ingredients": [
      {
        "name": "نخود سفید",
        "amount": 100.0,
        "unit": "گرم"
      },
      {
        "name": "بلغور خشک",
        "amount": 2.0,
        "unit": "فنجان"
      },
      {
        "name": "اسفناج",
        "amount": 30.0,
        "unit": "فنجان"
      },
      {
        "name": "پیاز",
        "amount": 2.0,
        "unit": "عدد"
      },
      {
        "name": "نعناع خشک",
        "amount": 10,
        "unit": "قاشق غذاخوری"
      },
      {
        "name": "سیر",
        "amount": 2.0,
        "unit": "حبه"
      },
      {
        "name": "روغن آفتابگردان",
        "amount": 1.0,
        "unit": "قاشق غذاخوری"
      },
      {
        "name": "نمک",
        "amount": 1.0,
        "unit": "قاشق چای‌خوری"
      },
      {
        "name": "پودر فلفل سیاه",
        "amount": null,
        "unit": "قاشق چای‌خوری"
      },
      {
        "name": "پودر زردچوبه",
        "amount": 1.0,
        "unit": "قاشق چای‌خوری"
      }
    ],
    "instructions": [
      "ماسوآ یا ماسوا یا آش ماست لری یکی از غذاهای بومی استان ایلامه! محتویات این خوراک شامل سبزیجات، کشک، نخود و بلغور گندم میشه. سالم و مغذیه و یه وعده خوب برای شام یا ناهاره. همچنین غذای مناسبی برای علاقه‌مندان به گیاهخواری 🥗 هست.",
      "ماسوا یا ماسوآ  به معنی \"آش با ماست\" است. ماس کوتاه شده واژه «ماست» و «وا» همان «با» به معنی آش است. در اصل این واژه «ماستبا» بوده که در گویش لری به شکل «ماسوا» تلفظ می‌شود.",
      "اگر شبها ترجیح میدین غذای سبکی داشته باشین، بهتره ماسوا طبق رسپی جانبو مگ درست کنید. بریم ببینیم چه خبره!",
      "برای یه آش لری درجه یک آماده هستین؟!",
      "اول بلغور و نخود رو به طور جداگانه از شب قبل در آب بخیسانید. بهتره که تا 3 بار آب حبوبات رو عوض کنیم تا سنگینی مواد بخوابه.",
      "پیاز رو نگینی خرد کنید و با روغن تفت بدید، طلایی که شد، زردچوبه و فلفل رو با هر ادویه مناسبی که دلتون میخواد تفت بدید.",
      "اجازه بدید طعم‌ ادویه جات  با هم خوب مخلوط بشن.",
      "بریم سر وقت اسفناج",
      "بشویید، به سایز متوسط خرد کنید و به پیاز داغ کنید.",
      "نخود و بلغور رو آبکش کنید و به سایر دوستان ملحق کنید",
      "آب جوش رو اضافه کنید.",
      "در قابلمه رو محکم بزارید. شعله رو کم کنید و به قول مامانم “بزارید به حال خودش آروم آروم بپزه”.",
      "تجربه نشان داده که بلغور رو باید در حین پخت برای جلوگیری از ته گرفتن هم زد.",
      "بعد از قوام آمدن مواد با هم کشک رو با کمی آب حل کنید و بریزید تو آش",
      "نمک و فلفل یادتون نره",
      "10 دقیقه که گذشت زیر شعله رو خاموش کنید",
      "هنوز تمام نشده!",
      "در تابه‌ای دیگر روغن بریزید",
      "داغ که شد نعنا و پونه خشک رو اضافه کنید",
      "تا کمتر از 1 دقیقه در روغن تفت بدید",
      "آش ماسوآ رو در ظرف مورد نظرتون سرو کنید",
      "اگه دوست دارین روی آش رو با کشک، پیاز داغ و سیر داغ تزئین کنید.",
      "نوش جان!"
    ],
    "meal_type": [
      "غذای اصلی گیاهی"
    ],
    "occasion": [
      "شام"
    ]
  },
  {
    "title": "پِرُشکه",
    "location": {
      "province": "ایلام",
      "city": "ایلام",
      "coordinates": {
        "latitude": 33.6374,
        "longitude": 46.4227
      }
    },
    "ingredients": [
      {
        "name": "آرد گندم",
        "amount": 1.0,
        "unit": "فنجان"
      },
      {
        "name": "عدس",
        "amount": 2.0,
        "unit": "فنجان"
      },
      {
        "name": "پیاز",
        "amount": 2.0,
        "unit": "عدد"
      },
      {
        "name": "اسفناج",
        "amount": 5.0,
        "unit": "فنجان"
      },
      {
        "name": "سیر",
        "amount": 1.0,
        "unit": "حبه"
      },
      {
        "name": "کشک",
        "amount": 7.0,
        "unit": "قاشق غذاخوری"
      },
      {
        "name": "نمک",
        "amount": 1.0,
        "unit": "قاشق چای‌خوری"
      },
      {
        "name": "روغن آفتابگردان",
        "amount": 1.0,
        "unit": "قاشق غذاخوری"
      },
      {
        "name": "پودر زردچوبه",
        "amount": 2.0,
        "unit": "قاشق چای‌خوری"
      },
      {
        "name": "پودر فلفل سیاه",
        "amount": 1.0,
        "unit": "قاشق چای‌خوری"
      }
    ],
    "instructions": [
      "رسپی پرشکه تا حدود زیادی به اوماج شباهت دارد. برای تهیه این آش از خمیر، آب و دانه‌هایی به اندازه استفاده شده است. برای طبخ این غذا باید یک نصف روز از وقتتون رو اختصاص بدید. این غذا خوراک زمستان‌های سرد ایلام است. یک کاسه آش پرشکه با چشم اندازی کم نظیر از منطقه حفاظت شده مانِشت ایلام (مکانی مرتفع با دره‌های ژرف و مراتع سرسبز) شاید تمام زندگی باشد. بریم با جانبو مگ یه پِرُشکه خوب درست کنیم.",
      "اول از همه به خودتون قول بدید که مثل یک ایلامی اصیل پرشکه درست کنید",
      "آرد رو پس از الک با آب خمیر کنید",
      "این خمیر باید کم آب و تقریبا خشک باشه",
      "روی سینی خمیر رو پهن کنید",
      "با خمیر بازی کنید و به شکل دانه‌های عدس اون رو دربیارید",
      "به این خمیرهای عدسی شکل پرشکه میگن.",
      "پرشکه‌ها رو تو یک سینی بزرگ بچینید تا کاملا خشک بشن",
      "بریم سراغ عدس!",
      "این دیگه عدسه با پرشکه اشتباه نگیرید یه وقت!",
      "عدس رو شسته حدود 5 ساعت بزارید تا خیس بخوره",
      "پیازی که از قبل به قشنگی خلالی کردیم رو داخل روغن داغ تفت میدیم تا طلایی بشه.",
      "سیر رنده شده رو هم اضافه می‌کنیم تا با پیاز رفیق بشه.",
      "نوبت به ادویه و زردچوبه میرسه.",
      "پس از تفت ادویه و پیاز و سیر، عدس رو اضافه می‌کنیم.",
      "آب می‌ریزیم تا خوب بپزه.",
      "پس از پخت عدس، سبزی معطر بلمک یا سبزی آش یا اسفناج خرد شده رو به قابلمه اضافه می‌کنیم.",
      "سبزی که پخت، پرشکه رو همراه با کشک و نعناع به دیگر دوستان قابلمه‌ای ملحق می‌کنیم.",
      "برای 30 دقیقه آش رو هر چند 3 دقیقه یکبار هم بزنید تا آش خوب جا بیفته."
    ],
    "meal_type": [
      "غذای اصلی گیاهی"
    ],
    "occasion": [
      "شام"
    ]
  },
  {
    "title": "مکش ایلامی",
    "location": {
      "province": "ایلام",
      "city": "ایلام",
      "coordinates": {
        "latitude": 33.6374,
        "longitude": 46.4227
      }
    },
    "ingredients": [
      {
        "name": "برنج سفید",
        "amount": 3.0,
        "unit": "فنجان"
      },
      {
        "name": "روغن حیوانی",
        "amount": 2.0,
        "unit": "قاشق غذاخوری"
      },
      {
        "name": "پیاز",
        "amount": 1.0,
        "unit": "عدد"
      },
      {
        "name": "زیره",
        "amount": 1.0,
        "unit": "قاشق غذاخوری"
      },
      {
        "name": "نمک",
        "amount": 1.0,
        "unit": "قاشق چای‌خوری"
      },
      {
        "name": "دارچین",
        "amount": 1.0,
        "unit": "قاشق چای‌خوری"
      },
      {
        "name": "زعفران",
        "amount": 0.5,
        "unit": "قاشق چای‌خوری"
      },
      {
        "name": "پودر فلفل سیاه",
        "amount": 0.5,
        "unit": "قاشق چای‌خوری"
      },
      {
        "name": "پودر زردچوبه",
        "amount": 1.0,
        "unit": "قاشق چای‌خوری"
      }
    ],
    "instructions": [
      "مکش ایلامی یکی از غذاهای محلی و اصیل ایران است که طعم آن یادآور سنت‌های دیرینه و فرهنگ غنی مردم ایلام است. این غذا که ترکیبی از برنج، کشمش، زیره و ادویه‌های معطر است، به‌عنوان یکی از غذاهای ساده و خوشمزه در سفره‌های مردمان این منطقه جایگاه ویژه‌ای دارد. مکش ایلامی برخلاف بسیاری از غذاهای ایرانی، فاقد گوشت است و همین موضوع آن را به گزینه‌ای سالم‌تر و سبک‌تر تبدیل کرده است.",
      "این غذای سنتی به دلیل داشتن موادی همچون کشمش و زیره، علاوه بر طعم دلچسب، خواص بی‌نظیری برای سلامتی دارد. در گذشته، زنان ایلامی مکش را به‌عنوان یکی از غذاهای سریع‌پخت و درعین‌حال مغذی برای پذیرایی از مهمانان یا تغذیه خانواده آماده می‌کردند. همچنین، این غذا معمولاً در مناسبت‌ها و دورهمی‌های خانوادگی سرو می‌شد و امروز هم همچنان محبوبیت خود را حفظ کرده است.",
      "آنچه مکش ایلامی را از سایر غذاهای مشابه متمایز می‌کند، سادگی در تهیه و درعین‌حال استفاده از موادی با طعم و عطر قوی است. کشمش شیرینی طبیعی به غذا می‌بخشد، زیره عطر خاصی ایجاد می‌کند، و زعفران زیبایی و جذابیت بصری آن را دوچندان می‌کند. همچنین، این غذا نیازی به مواد اولیه پیچیده ندارد و می‌توان آن را با کمترین امکانات تهیه کرد.",
      "مکش ایلامی نمادی از هنرآشپزی ایرانیاست که نشان می‌دهد چگونه می‌توان با ترکیب چند ماده ساده، غذایی منحصربه‌فرد خلق کرد.",
      "مکش ایلامی علاوه بر طعم لذیذ و منحصر به فرد، خواص زیادی برای سلامتی دارد. این غذا به دلیل استفاده از مواد ساده و طبیعی، می‌تواند نقش موثری در تغذیه سالم ایفا کند. در اینجا به برخی از مهم‌ترین خواص مکش ایلامی اشاره می‌کنیم:",
      "سرشار از انرژیبرنج که ماده اصلی مکش است، منبع غنی از کربوهیدرات‌ها است. کربوهیدرات‌ها انرژی مورد نیاز بدن را تأمین می‌کنند و به حفظ فعالیت‌های روزانه کمک می‌کنند. برای افرادی که نیاز به انرژی سریع دارند، مکش ایلامی می‌تواند یک گزینه مناسب باشد.",
      "حاوی آنتی‌اکسیدان‌هاکشمش که یکی از مواد اصلی این غذا است، حاوی آنتی‌اکسیدان‌های قوی مانند پلی‌فنول‌ها است که به کاهش استرس اکسیداتیو در بدن کمک می‌کند. این ویژگی می‌تواند در پیشگیری از بیماری‌های قلبی و حتی سرطان مفید باشد.",
      "تقویت سیستم گوارشیکشمش همچنین منبع خوبی از فیبر است که به بهبود عملکرد دستگاه گوارش کمک می‌کند. فیبر موجود در کشمش می‌تواند به پیشگیری از یبوست و بهبود هضم کمک کند. این ویژگی برای افرادی که مشکلات گوارشی دارند، بسیار مفید است.",
      "کمک به سیستم ایمنی بدنزیره که در تهیه مکش ایلامی استفاده می‌شود، به تقویت سیستم ایمنی بدن کمک می‌کند. زیره دارای خواص ضدباکتری و ضدویروسی است که به حفظ سلامت بدن در برابر بیماری‌ها کمک می‌کند.",
      "تنظیم قند خونزیره همچنین به تنظیم سطح قند خون کمک می‌کند. این ویژگی می‌تواند برای افرادی که مبتلا به دیابت هستند مفید باشد و به آن‌ها کمک کند تا سطح قند خون خود را کنترل کنند.",
      "برنج را بشویید و به مدت ۱-۲ ساعت در آب و کمی نمک خیس کنید. این کار به بهتر پختن دانه‌های برنج کمک می‌کند.",
      "در یک قابلمه، آب را به جوش بیاورید و برنج را در آن بریزید. اجازه دهید برنج کمی نرم شود (نه کاملاً بپزد). سپس آن را آبکش کنید.",
      "پیاز را به‌صورت نگینی خرد کرده و در روغن یا کره تفت دهید تا طلایی شود.",
      "کشمش شسته‌شده را اضافه کرده و به مدت ۲-۳ دقیقه با پیاز تفت دهید تا نرم شود.",
      "زیره و دارچین را به مواد اضافه کنید و کمی تفت دهید تا عطر آن بلند شود.",
      "در قابلمه‌ای دیگر، مقداری روغن بریزید.",
      "یک لایه برنج در کف قابلمه بریزید، سپس مقداری از مخلوط کشمش و زیره را روی آن پخش کنید. این کار را لایه‌لایه ادامه دهید تا تمام مواد استفاده شوند.",
      "زعفران دم‌کرده را روی برنج بریزید و قابلمه را با دم‌کنی بپوشانید.",
      "قابلمه را روی حرارت کم قرار دهید و اجازه دهید مکش به مدت ۳۰ تا ۴۰ دقیقه دم بکشد.",
      "قبل از سرو، برنج را به‌آرامی مخلوط کنید تا کشمش و زیره در آن پخش شود.",
      "انتخاب برنج مناسب:برای تهیه مکش ایلامی، استفاده از برنج دانه‌بلند ایرانی مانند طارم یا هاشمی بهترین گزینه است. کیفیت برنج در طعم و بافت نهایی غذا تأثیر زیادی دارد.",
      "آماده‌سازی کشمش:کشمش‌ها را قبل از استفاده بشویید تا گردوغبار آن‌ها پاک شود. بهتر است کشمش را چند دقیقه در آب ولرم خیس کنید تا نرم‌تر شود. این کار باعث می‌شود که کشمش هنگام سرخ‌شدن نسوزد و طعمی دلپذیر داشته باشد.",
      "زعفران دم‌کرده:استفاده از زعفران دم‌کرده تازه عطر و رنگ بی‌نظیری به مکش می‌بخشد. برای دم‌کردن زعفران، مقداری از آن را با کمی شکر ساییده و در آب جوش بریزید. سپس روی ظرف را بپوشانید و اجازه دهید دم بکشد.",
      "اضافه‌کردن زیره:زیره یکی از مواد اصلی مکش ایلامی است که طعمی خاص و منحصربه‌فرد به غذا می‌دهد. می‌توانید از زیره سبز یا زیره سیاه استفاده کنید. بهتر است زیره را چند دقیقه در روغن تفت دهید تا عطر آن بیشتر آزاد شود.",
      "کنترل حرارت:هنگام دم‌کردن برنج، حرارت باید ملایم باشد تا برنج به‌خوبی پخته و عطر مواد به آن منتقل شود. حرارت زیاد ممکن است باعث سوختن ته‌دیگ یا خشک‌شدن غذا شود.",
      "روغن مناسب:برای سرخ‌کردن کشمش و تهیه مکش، استفاده از روغن حیوانی یا ترکیب کره و روغن مایع توصیه می‌شود. این ترکیب باعث می‌شود غذا عطر و طعم سنتی‌تری داشته باشد.",
      "تزئین غذا:برای تزئین مکش، می‌توانید از کشمش طلایی، خلال بادام و زرشک استفاده کنید. این تزئینات ظاهر غذا را جذاب‌تر می‌کنند و طعم آن را غنی‌تر می‌سازند.",
      "استفاده از نمک به میزان مناسب:نمک برنج باید به‌اندازه باشد تا طعم غذا متعادل بماند. اگر کشمش شما شیرین است، می‌توانید مقدار نمک را کمی افزایش دهید تا تعادلی بین طعم‌ها ایجاد شود.",
      "دم‌کنی مناسب:برای دم‌کشیدن بهتر برنج، استفاده از دم‌کنی الزامی است. دم‌کنی باعث می‌شود بخار به‌خوبی در ظرف بماند و برنج به‌صورت کامل دم بکشد.",
      "توجه به طبع غذا:مکش ایلامی به دلیل داشتن کشمش و زعفران، طبع گرمی دارد. می‌توانید این غذا را با سالاد شیرازی یا دوغ سرو کنید تا طبع گرم آن متعادل شود.",
      "آیا می‌توان مکش ایلامی را با مواد دیگری تهیه کرد؟بله، موادی مانند خلال بادام، خلال پسته یا هویج رنده‌شده قابل اضافه‌کردن هستند، اما بهتر است اصالت طعم غذا حفظ شود.",
      "چگونه از خشک‌شدن مکش جلوگیری کنیم؟استفاده از کمی کره یا روغن حیوانی هنگام دم‌کردن برنج می‌تواند از خشک‌شدن غذا جلوگیری کرده و عطر و طعم آن را بهبود بخشد.",
      "آیا مکش ایلامی برای افراد دیابتی مناسب است؟به دلیل وجود کشمش، مکش حاوی قند طبیعی است. افراد دیابتی می‌توانند مقدار کشمش را کاهش دهند یا از کشمش کم‌شیرین استفاده کنند.",
      "مکش ایلامی چگونه سرو می‌شود؟مکش به‌صورت گرم سرو می‌شود و می‌توان آن را با ماست محلی، سالاد شیرازی یا دوغ همراه کرد.",
      "آیا این غذا در مناطق دیگر ایران نیز طبخ می‌شود؟مکش با دستور ایلامی خاص این منطقه است، اما نسخه‌های مشابهی از غذاهای برنجی و شیرین در دیگر مناطق ایران نیز وجود دارد.",
      "آیا مکش ایلامی برای افراد دیابتی مناسب است؟به دلیل وجود کشمش، این غذا حاوی قند طبیعی است. افراد دیابتی بهتر است مقدار کشمش را کاهش دهند یا از کشمش کم‌شیرین استفاده کنند."
    ],
    "meal_type": [
      "غذای اصلی برنجی"
    ],
    "occasion": [
      "شام"
    ]
  },
  {
    "title": "پِرُشکه",
    "location": {
      "province": "ایلام",
      "city": "ایلام",
      "coordinates": {
        "latitude": 33.6374,
        "longitude": 46.4227
      }
    },
    "ingredients": [
      {
        "name": "آرد گندم",
        "amount": 1.0,
        "unit": "فنجان"
      },
      {
        "name": "عدس",
        "amount": 2.0,
        "unit": "فنجان"
      },
      {
        "name": "پیاز",
        "amount": 2.0,
        "unit": "عدد"
      },
      {
        "name": "اسفناج",
        "amount": 5.0,
        "unit": "فنجان"
      },
      {
        "name": "سیر",
        "amount": 1.0,
        "unit": "حبه"
      },
      {
        "name": "کشک",
        "amount": 7.0,
        "unit": "قاشق غذاخوری"
      },
      {
        "name": "نمک",
        "amount": 1.0,
        "unit": "قاشق چای‌خوری"
      },
      {
        "name": "روغن آفتابگردان",
        "amount": 1.0,
        "unit": "قاشق غذاخوری"
      },
      {
        "name": "پودر زردچوبه",
        "amount": 2.0,
        "unit": "قاشق چای‌خوری"
      },
      {
        "name": "پودر فلفل سیاه",
        "amount": 1.0,
        "unit": "قاشق چای‌خوری"
      }
    ],
    "instructions": [
      "رسپی پرشکه تا حدود زیادی به اوماج شباهت دارد. برای تهیه این آش از خمیر، آب و دانه‌هایی به اندازه استفاده شده است. برای طبخ این غذا باید یک نصف روز از وقتتون رو اختصاص بدید. این غذا خوراک زمستان‌های سرد ایلام است. یک کاسه آش پرشکه با چشم اندازی کم نظیر از منطقه حفاظت شده مانِشت ایلام (مکانی مرتفع با دره‌های ژرف و مراتع سرسبز) شاید تمام زندگی باشد. بریم با جانبو مگ یه پِرُشکه خوب درست کنیم.",
      "اول از همه به خودتون قول بدید که مثل یک ایلامی اصیل پرشکه درست کنید",
      "آرد رو پس از الک با آب خمیر کنید",
      "این خمیر باید کم آب و تقریبا خشک باشه",
      "روی سینی خمیر رو پهن کنید",
      "با خمیر بازی کنید و به شکل دانه‌های عدس اون رو دربیارید",
      "به این خمیرهای عدسی شکل پرشکه میگن.",
      "پرشکه‌ها رو تو یک سینی بزرگ بچینید تا کاملا خشک بشن",
      "بریم سراغ عدس!",
      "این دیگه عدسه با پرشکه اشتباه نگیرید یه وقت!",
      "عدس رو شسته حدود 5 ساعت بزارید تا خیس بخوره",
      "پیازی که از قبل به قشنگی خلالی کردیم رو داخل روغن داغ تفت میدیم تا طلایی بشه.",
      "سیر رنده شده رو هم اضافه می‌کنیم تا با پیاز رفیق بشه.",
      "نوبت به ادویه و زردچوبه میرسه.",
      "پس از تفت ادویه و پیاز و سیر، عدس رو اضافه می‌کنیم.",
      "آب می‌ریزیم تا خوب بپزه.",
      "پس از پخت عدس، سبزی معطر بلمک یا سبزی آش یا اسفناج خرد شده رو به قابلمه اضافه می‌کنیم.",
      "سبزی که پخت، پرشکه رو همراه با کشک و نعناع به دیگر دوستان قابلمه‌ای ملحق می‌کنیم.",
      "برای 30 دقیقه آش رو هر چند 3 دقیقه یکبار هم بزنید تا آش خوب جا بیفته."
    ],
    "meal_type": [
      "غذای اصلی گیاهی"
    ],
    "occasion": [
      "شام"
    ]
  },
  {
    "title": "بابایاری",
    "location": {
      "province": "ایلام",
      "city": "ایلام",
      "coordinates": {
        "latitude": 33.6374,
        "longitude": 46.4227
      }
    },
    "ingredients": [
      {
        "name": "عدس",
        "amount": 2.0,
        "unit": "فنجان"
      },
      {
        "name": "پیاز",
        "amount": 1.0,
        "unit": "عدد"
      },
      {
        "name": "روغن آفتابگردان",
        "amount": 2.0,
        "unit": "قاشق غذاخوری"
      },
      {
        "name": "آب",
        "amount": 3.0,
        "unit": "فنجان"
      },
      {
        "name": "تره",
        "amount": 70.0,
        "unit": "گرم"
      },
      {
        "name": "جعفری",
        "amount": 1.0,
        "unit": "فنجان"
      },
      {
        "name": "گشنیز",
        "amount": 1.0,
        "unit": "فنجان"
      },
      {
        "name": "سیب زمینی",
        "amount": 200.0,
        "unit": "گرم"
      },
      {
        "name": "نمک",
        "amount": 1.0,
        "unit": "قاشق چای‌خوری"
      },
      {
        "name": "پودر فلفل سیاه",
        "amount": 1.0,
        "unit": "قاشق چای‌خوری"
      },
      {
        "name": "پودر زردچوبه",
        "amount": 1.0,
        "unit": "قاشق چای‌خوری"
      }
    ],
    "instructions": [
      "بابایاری یکی از غذاهای سنتی و مقوی ایرانی است که اصالت آن به مناطق غربی کشور، به‌ویژه استان‌های ایلام و کردستان، بازمی‌گردد. این غذا که از مواد اولیه ساده و گیاهی تهیه می‌شود، نشان‌دهنده فرهنگ غذایی سالم و پایدار در این مناطق است. بابایاری، که معمولاً در روزهای سرد سال طبخ می‌شود، انتخابی مناسب برای وعده‌های سبک و سالم است و به دلیل طعم خاص و ترکیبات مغذی‌اش، جایگاهی ویژه در میان غذاهای ایرانی دارد.",
      "نام «بابایاری» از دو کلمه «بابا» و «یاری» تشکیل شده است. در فرهنگ محلی، «بابا» به معنای پدر یا بزرگ خانواده و «یاری» به معنای کمک و همراهی است. این نام نمادی از همبستگی و روحیه تعاون در جوامع محلی است، چرا که تهیه و مصرف این غذا به‌طور معمول با دورهمی‌های خانوادگی همراه بوده و حس گرما و صمیمیت را در میان اعضای خانواده تقویت می‌کند.",
      "بابایاری از ترکیباتی مانند عدس، گوجه‌فرنگی، سبزیجات معطر و ادویه‌جات تهیه می‌شود که هر یک دارای خواص سلامتی قابل‌توجهی هستند:",
      "عدس:این ماده اصلی سرشار از پروتئین گیاهی، فیبر، آهن و اسیدفولیک است که به بهبود عملکرد قلب، کاهش کلسترول و تقویت سیستم ایمنی کمک می‌کند. عدس همچنین با تنظیم سطح قند خون، غذایی مناسب برای افراد دیابتی محسوب می‌شود.",
      "گوجه‌فرنگی:منبع غنی ویتامین C و آنتی‌اکسیدان‌های قوی است که به سلامت پوست و کاهش التهابات بدن کمک می‌کند.",
      "سبزیجات معطر:ترکیباتی مانند جعفری، گشنیز و تره علاوه بر عطر و طعم، حاوی آنتی‌اکسیدان‌ها و ویتامین‌های ضروری برای بدن هستند.",
      "ادویه‌ها:موادی مانند زردچوبه و فلفل، علاوه بر طعم‌دهی، خواص ضدالتهابی و تقویت‌کننده برای سیستم ایمنی دارند.",
      "این غذا به دلیل عدم استفاده از گوشت و روغن زیاد، یک گزینه عالی برایرژیم‌های گیاهیو کاهش وزن است. فیبر موجود در عدس و سبزیجات، احساس سیری طولانی‌مدتی را ایجاد کرده و به کنترل اشتها کمک می‌کند. همچنین، بابایاری به دلیل کالری پایین و محتوای بالای مواد مغذی، انتخابی مناسب برای افرادی است که به دنبال سبک زندگی سالم هستند.",
      "در حالی که این غذا در گذشته به‌عنوان یک غذای محلی شناخته می‌شد، امروزه به‌واسطه ارزش غذایی بالا و سادگی در تهیه، در سراسر ایران و حتی در میان ایرانیان مقیم خارج از کشور مورد توجه قرار گرفته است. بابایاری یکی از مثال‌های موفق از غذاهای سنتی است که توانسته است جایگاهی در آشپزی مدرن پیدا کند.",
      "عدس‌ها را پاک کرده و بشویید. سپس آن‌ها را در ظرفی با آب ولرم به مدت ۱ ساعت خیس کنید تا راحت‌تر پخته شوند.",
      "پیاز را به‌صورت نگینی خرد کنید. سیب‌زمینی‌ها را پوست گرفته و به قطعات کوچک تقسیم کنید. گوجه‌فرنگی‌ها را رنده کرده یا اگر از رب گوجه‌فرنگی استفاده می‌کنید، آن را آماده کنار بگذارید.",
      "سبزیجات معطر را شسته و ریز خرد کنید.",
      "در یک قابلمه مناسب، روغن را گرم کنید و پیاز خردشده را اضافه کنید. پیاز را تا زمانی که سبک و طلایی شود، تفت دهید.",
      "زردچوبه و فلفل را به پیاز اضافه کرده و کمی تفت دهید تا عطر ادویه‌ها بلند شود.",
      "عدس خیس‌خورده را به قابلمه اضافه کرده و برای چند دقیقه همراه با پیاز تفت دهید. این کار باعث می‌شود عدس عطر و طعم بهتری پیدا کند.",
      "سیب‌زمینی‌های خردشده را به قابلمه اضافه کنید و کمی تفت دهید.",
      "گوجه‌فرنگی رنده‌شده یا رب گوجه‌فرنگی را به مواد اضافه کرده و هم بزنید. اجازه دهید مواد برای چند دقیقه با هم ترکیب شوند.",
      "آب را به قابلمه اضافه کنید و حرارت را زیاد کنید تا مواد به جوش بیاید.",
      "پس از به جوش آمدن، حرارت را کم کرده و درب قابلمه را بگذارید. اجازه دهید مواد به‌آرامی پخته و جا بیفتد. این مرحله حدود ۳۰ تا ۴۰ دقیقه زمان می‌برد.",
      "در ۱۰ دقیقه پایانی پخت، سبزیجات معطر خردشده را به قابلمه اضافه کنید. افزودن سبزیجات در این مرحله باعث می‌شود عطر و طعم آن‌ها حفظ شود.",
      "نمک غذا را تنظیم کرده و در صورت نیاز مقداری آب جوش به قابلمه اضافه کنید.",
      "بابایاری را در کاسه‌های مناسب سرو کرده و با نان تازه میل کنید. می‌توانید این غذا را با سبزی‌خوردن یا ماست همراه کنید تا طعم آن دلپذیرتر شود.",
      "کیفیت عدس:استفاده از عدس تازه و باکیفیت نقش مهمی در طعم نهایی بابایاری دارد. عدس کهنه ممکن است دیرپز باشد و طعم مناسبی نداشته باشد.",
      "بهتر است عدس را از فروشگاه‌های معتبر خریداری کنید و به تاریخ تولید آن دقت کنید.",
      "خیس کردن عدس:حتماً عدس را قبل از پخت خیس کنید تا هم زودتر بپزد و هم نفخ آن گرفته شود.",
      "افزودن کمی نمک به آب خیس‌کردن می‌تواند به کاهش نفخ عدس کمک کند.",
      "سبزیجات معطر:ترکیب تره، جعفری و گشنیز بهترین انتخاب برای این غذا است، اما می‌توانید متناسب با ذائقه خود از سبزیجات دیگری نیز استفاده کنید.",
      "سبزیجات را به‌صورت تازه و باکیفیت استفاده کنید تا طعم بهتری به غذا بدهند.",
      "تنظیم ادویه:زردچوبه و فلفل به این غذا عطر و رنگ می‌دهند، اما در مصرف آن‌ها زیاده‌روی نکنید.",
      "می‌توانید کمی دارچین یا پودر زنجبیل برای عطر متفاوت اضافه کنید.",
      "سیب‌زمینی:برای قوام بیشتر غذا، سیب‌زمینی‌ها را به قطعات کوچک خرد کنید تا در حین پخت نرم شوند و غذا حالت غلیظ‌تری پیدا کند.",
      "استفاده از سیب‌زمینی‌های آردی به جای نوع مومی می‌تواند قوام بهتری به غذا بدهد.",
      "آب:مقدار آب را به‌گونه‌ای تنظیم کنید که بابایاری نه خیلی رقیق و نه خیلی غلیظ باشد.",
      "در صورت تمایل می‌توانید از آب سبزیجات یا آب قلم استفاده کنید تا طعم بهتری به غذا بدهید.",
      "زمان پخت:اجازه دهید غذا به‌آرامی پخته و جا بیفتد. پخت سریع ممکن است باعث شود طعم‌ها به‌خوبی ترکیب نشوند.",
      "استفاده از قابلمه با درب محکم به حفظ عطر و طعم غذا کمک می‌کند.",
      "آیا بابایاری برای گیاه‌خواران مناسب است؟",
      "بله، بابایاری یک غذای کاملاً گیاهی است و گزینه‌ای عالی برای گیاه‌خواران به شمار می‌رود. این غذا با مواد ساده و طبیعی تهیه می‌شود و سرشار از پروتئین گیاهی و فیبر است.",
      "می‌توان بابایاری را بدون سیب‌زمینی تهیه کرد؟",
      "بله، اگر به سیب‌زمینی علاقه ندارید یا نمی‌توانید از آن استفاده کنید، می‌توانید این ماده را از دستور حذف کنید. البته سیب‌زمینی به قوام غذا کمک می‌کند.",
      "بابایاری در کدام شهرهای ایران طبخ می‌شود؟",
      "بابایاری بیشتر در استان ایلام و کردستان تهیه می‌شود، اما به دلیل طعم بی‌نظیر آن، در سایر مناطق ایران نیز طرفداران خود را پیدا کرده است.",
      "آیا می‌توان بابایاری را با گوشت تهیه کرد؟",
      "بابایاری به‌طور سنتی بدون گوشت تهیه می‌شود، اما اگر تمایل دارید، می‌توانید گوشت مرغ یا گوشت چرخ‌کرده به آن اضافه کنید. البته این تغییر ممکن است طعم اصیل غذا را تغییر دهد.",
      "چگونه بابایاری را رژیمی‌تر کنیم؟",
      "برای تهیه نسخه رژیمی بابایاری، می‌توانید مقدار روغن را کاهش دهید و از عدس بیشتری استفاده کنید. همچنین همراهی این غذا با نان سبوس‌دار انتخابی سالم‌تر خواهد بود."
    ],
    "meal_type": [
      "غذای اصلی گیاهی"
    ],
    "occasion": [
      "شام"
    ]
  },
  {
    "title": "آش شله امیری ایلام",
    "location": {
      "province": "ایلام",
      "city": "ایلام",
      "coordinates": {
        "latitude": 33.6374,
        "longitude": 46.4227
      }
    },
    "ingredients": [
      {
        "name": "ماش",
        "amount": 1.0,
        "unit": "پیمانه"
      },
      {
        "name": "برنج",
        "amount": 1.0,
        "unit": "پیمانه"
      },
      {
        "name": "نعناع خشک",
        "amount": 2.0,
        "unit": "ق غ"
      },
      {
        "name": "پیاز",
        "amount": 2.0,
        "unit": "عدد"
      },
      {
        "name": "زردچوبه",
        "amount": 2.0,
        "unit": "ق چ"
      },
      {
        "name": "نمک",
        "amount": null,
        "unit": null
      },
      {
        "name": "فلفل سیاه",
        "amount": null,
        "unit": null
      }
    ],
    "instructions": [
      "برنج و ماش را میشوریم و تو ظرفی میخوسونیم.\nماش رو با مقداری آب روی حرارت میذاریم تا بپزه",
      "برنج را در قابلمه ریخته و مقداری آب میریزیم روی حرارت میذاریم بجوشه\nبعد ماش و نمک را هم اضافه میکنیم تا با هم بپزن",
      "پیازها را خلالی خرد یا رنده میکنیم وسرخ میکنیم زردچوبه و فلفل سیاه را به پیاز اضافه میکنیم وتفت میدهیم\n(من فراموش کردم اواخر پخت آش زردچوبه را با مقداری روغن تفت دادم و اضافه کردم)",
      "نصف پیاز داغ فلفل سیاه و نمک را به قابلمه اضافه میکنیم \nو بقیه را برای تزیین آش نگه می داریم",
      "نعنا خشک را در مقداری روغن تفت میدهیم نصفشو داخل آش میریزیم و نصفشو برای تزئین آش نگه میداریم.",
      "به مدت یک الی دو ساعت با حرارت ملایم زمان میدیم آش بپزه و جا بیافته \nهرزگاهی هم می‌زنیم که مواد ته نشین میشه ته نگیره ‌",
      "مواظب باشید آش شله امیری خیلی سفت نشه چون بعد از سرد شدن هم کمی خودشو میگیره \n\nبعد از پخت آش را در کاسه ها ریخته و با نعناع داغ و پیاز داغ آش را تزیین میکنیم.",
      "🔴روش اصولی برای پخت شله امیری ایلامی به این صورت هست وقتی ماش پخت اجازه دهید سرد شود بعد چنگ بزنید تا پوستش جدا شود و بعد با برنج مخلوط کنید \nتفاله های ماش را دور بریزید\n \nولی من پوست ماش را جدا نکردم."
    ],
    "meal_type": [
      "آش و سوپ"
    ],
    "occasion": [
      "شام"
    ]
  },
  {
    "title": "دنده پلو ایلام",
    "location": {
      "province": "ایلام",
      "city": "ایلام",
      "coordinates": {
        "latitude": 33.6374,
        "longitude": 46.4227
      }
    },
    "ingredients": [
      {
        "name": "دنده گوسفند",
        "amount": 0.5,
        "unit": "کیلو"
      },
      {
        "name": "برنج",
        "amount": 3.0,
        "unit": "پیمانه"
      },
      {
        "name": "زعفران دم کرده",
        "amount": 1.0,
        "unit": "ق غ"
      },
      {
        "name": "نمک",
        "amount": null,
        "unit": null
      },
      {
        "name": "پیاز داغ",
        "amount": 3.0,
        "unit": "قاشق سوپخوری"
      },
      {
        "name": "زیره پلویی ساییده شده",
        "amount": 2.0,
        "unit": "قاشق سوپخوری"
      },
      {
        "name": "دارچین",
        "amount": 1.0,
        "unit": "قاشق سوپخوری"
      }
    ],
    "instructions": [
      "دنده ها را خوب در آب می پزیم برنج را آبکش می کنیم",
      "دنده ها را ته قابلمه می چینیم",
      "برنج را به روی گوشت می ریزیم و کمی از آب دنده ها که باقی مانده بود به رویش می ریزیم لابه لای برنج زیره ،دارچین و پیازداغ میریزیم و زعفران را با فاصله در چند نقطه به روی برنج می ریزیم",
      "می گذاریم حدود ۳۰ دقیقه دم بکشد و بعد در یک دیس گرد را به در قابلمه می گذاریم قابلمه را بر می گردانیم و سرو می کنیم"
    ],
    "meal_type": [
      "غذای اصلی برنجی"
    ],
    "occasion": [
      "ناهار"
    ]
  },
  {
    "title": "گوجه پلوی ایلام 😊",
    "location": {
      "province": "ایلام",
      "city": "ایلام",
      "coordinates": {
        "latitude": 33.6374,
        "longitude": 46.4227
      }
    },
    "ingredients": [
      {
        "name": "برنج عنبر بو",
        "amount": 2.0,
        "unit": "پیمانه"
      },
      {
        "name": "آب",
        "amount": 3.0,
        "unit": "پیمانه"
      },
      {
        "name": "گوجه فرنگی متوسط",
        "amount": 5.0,
        "unit": "عدد"
      },
      {
        "name": "رب گوجه خونگی خودم پز",
        "amount": 1.0,
        "unit": "ق.غ"
      },
      {
        "name": "پونه کوهی خشک",
        "amount": 3.0,
        "unit": "ق.غ"
      },
      {
        "name": "روغن دمبه",
        "amount": 2.0,
        "unit": "ق.غ"
      },
      {
        "name": "سیب زمینی متوسط",
        "amount": 2.0,
        "unit": "عدد"
      },
      {
        "name": "نمک، فلفل قرمز، زنجبیل، دارچین، زردچوبه",
        "amount": null,
        "unit": null
      }
    ],
    "instructions": [
      "بریم سراغ ایرانگردی و سفر دوم😊",
      "اول از همه برنجم رو ۲ ساعت قبل خیس کردم.",
      "توی دیگچه مسی ایم، پیاز رو خلالی خرد و با روغن دمبه سرخ کردم.🏺",
      "اضافه کردن و تفت سیب زمینی نگینی درشت خرد شده...🥔",
      "گوجه ها رو توی خردکن دستی ریختم و ریز ریزشون کردم.🍅",
      "اضافه کردن و تفت پونه کوهی خیس خورده و گوجه های خرد شده...",
      "رب گوجه و ادویه جات و نمک زدم...🥫",
      "برنج و آبش رو اضافه کردم و گذاشتم تا آبش تموم بشه...",
      "گوجه پلوی ایلامی من با سالاد شیرازی و دوغ محلی 🍅😋"
    ],
    "meal_type": [
      "غذای اصلی برنجی"
    ],
    "occasion": [
      "ناهار"
    ]
  },
  {
    "title": "بژی برساق (ایلامی)",
    "location": {
      "province": "ایلام",
      "city": "ایلام",
      "coordinates": {
        "latitude": 33.6374,
        "longitude": 46.4227
      }
    },
    "ingredients": [
      {
        "name": "آرد",
        "amount": 2.0,
        "unit": "لیوان"
      },
      {
        "name": "شکر",
        "amount": 1.0,
        "unit": "لیوان"
      },
      {
        "name": "شیر",
        "amount": 2.0,
        "unit": "لیوان"
      },
      {
        "name": "تخم مرغ",
        "amount": 1.0,
        "unit": "عدد"
      },
      {
        "name": "زردچوبه، بیکینگ پودر، نمک",
        "amount": null,
        "unit": null
      },
      {
        "name": "رازیانه",
        "amount": 1.0,
        "unit": "قاشق چای خوری"
      }
    ],
    "instructions": [
      "ابتدا شیر را داخل ظرفی ریخته و شکر و زردچوبه و تخم مرغ و نمک را به آن اضافه میکنیم و خوب هم میزنیم تا شکر حل شود",
      "سپس رازیانه را خرد کرده و همراه بیکینگ پودر به آرد اضافه میکنیم",
      "کم کم مخلوط شیر را به آرد اضافه کرده و خوب ورز میدهیم تا زمانی که خمیر به دست نچسپد و خمیر بدست آمده را در ظرفی قرار داده و با نایلون می پوشانیم و تا یک ساعت در جای گرمی قرار می دهیم",
      "در این مرحله روغن را در ماهیتابه داغ کرده و خمیر را به شکل دلخواه در آورده و با شعله ملایم سرخ میکنیم. نکته :خمیر در زمان قالب گیر نازک باشد تا پف کند و ترد شود. نوش جان"
    ],
    "meal_type": [
      "دسر"
    ],
    "occasion": [
      "شام"
    ]
  },
  {
    "title": "حلوای بَگِل(حلوای ایلام)",
    "location": {
      "province": "ایلام",
      "city": "ایلام",
      "coordinates": {
        "latitude": 33.6374,
        "longitude": 46.4227
      }
    },
    "ingredients": [
      {
        "name": "خرما",
        "amount": 0.5,
        "unit": "کیلو"
      },
      {
        "name": "بگل",
        "amount": 1.0,
        "unit": "پیمانه"
      },
      {
        "name": "روغن محلی",
        "amount": 2.0,
        "unit": "قاشق غ"
      },
      {
        "name": "زعفران دم کرده",
        "amount": 1.0,
        "unit": "قاشق غ"
      }
    ],
    "instructions": [
      "ابتدا هسته خرما را بگیرید و خرما را روی حرارت ملایم در روغن حیوانی گرم کنید و هم بزنید تا نرم شود.\nمخلوط زعفران و کشک را (که در کردی بگل می گویند)به خرما اضافه کنید و مواد را با گوشت کوب له کنید تا خرما و بگل یکدست شوند. \nحلوا را از روی حرارت بردارید و آن را دیس کشیده یا به هر شکل دیگه ای که دوست دارید در بیارید.",
      "(در روش دوم برای تهیه حلوا خرما بگل میتوانید از بگل خیس خورده استفاده کنید. بعد از نرم شدن خرما روی حرارت، بگل خیس خورده را اضافه کرده و با پشت ملاقه مواد را به خورد هم بدهید و سپس حلوا را در دیس کشیده صاف کنید.)\n\nنوش جان ✨"
    ],
    "meal_type": [
      "دسر"
    ],
    "occasion": [
      "شام"
    ]
  },
  {
    "title": "چزنک رغو (نان محلی استان ایلام)",
    "location": {
      "province": "ایلام",
      "city": "ایلام",
      "coordinates": {
        "latitude": 33.6374,
        "longitude": 46.4227
      }
    },
    "ingredients": [
      {
        "name": "آرد",
        "amount": 2.0,
        "unit": "لیوان"
      },
      {
        "name": "نمک",
        "amount": 1.0,
        "unit": "قاشق چای خوری"
      },
      {
        "name": "شیره انگور یا خرما برای روی نان",
        "amount": null,
        "unit": null
      },
      {
        "name": "کره یا روغن محلی برای روی نان",
        "amount": null,
        "unit": null
      }
    ],
    "instructions": [
      "آرد و آب ولرم رو همراه نمک مخلوط میکنیم باید ی خمیر شل مثل خمیر پنکیک باشه",
      "ما روی ساج که یک صفحه ی فلزی بزرگه و روی آتیش یا گاز قرار میدیم چزنک رو درست میکنیم ولی توی تابه هم درست میشه",
      "تابه رو مثل روش پخت پنکیک داغ میکنیم و با فرچه یک لایه خیلی نازک روغن بهش میزنیم و مقداری از مایع چزنک رو داخل تابه میریزیم و پهن میکنیم",
      "دقت کنید چزنک نباید بافت ضخیم داشته باشه و خیلی نازک باید پخت بشه",
      "بعد از اینکه لایه زیر پخت برش گردانید و اجازه بدید اونطرف نون کامل بپزه.به چزنک روغن محلی.کره.عسل.شکر و انواع شیره میشه زد و نوش جان کرد🙂",
      "چزنک رو تا داغه بهش شیره و کره میزنیم و تکه تکه میکنیم و بعدم نووووش جان 🫓\r\nامیدورام درست کنین و کنار عزیزانتون نوش جان کنید🥰"
    ],
    "meal_type": [
      "نان و شیرینی"
    ],
    "occasion": [
      "شام"
    ]
  },
  {
    "title": "خورشت خرفه ایلام",
    "location": {
      "province": "ایلام",
      "city": "ایلام",
      "coordinates": {
        "latitude": 33.6374,
        "longitude": 46.4227
      }
    },
    "ingredients": [
      {
        "name": "گوشت گوسفندی",
        "amount": 300.0,
        "unit": "گرم"
      },
      {
        "name": "خرفه",
        "amount": 1.0,
        "unit": "کیلو"
      },
      {
        "name": "کرفس",
        "amount": 300.0,
        "unit": "گرم"
      },
      {
        "name": "نعنا",
        "amount": 300.0,
        "unit": "گرم"
      },
      {
        "name": "پیاز",
        "amount": 1.0,
        "unit": "عدد"
      },
      {
        "name": "رب گوجه",
        "amount": 2.0,
        "unit": "ق غ"
      },
      {
        "name": "لوبیا چیتی پخته",
        "amount": 1.0,
        "unit": "پیمانه"
      },
      {
        "name": "الو بخارا",
        "amount": 10.0,
        "unit": "عدد"
      },
      {
        "name": "آبغوره",
        "amount": 3.0,
        "unit": "پیمانه"
      },
      {
        "name": "نمک،فلفل و زردچوبه",
        "amount": null,
        "unit": null
      }
    ],
    "instructions": [
      "سبزی ها رو ساطوری خرد و ابتدا خرفه بعد نعنا سپس کرفس را سرخ کنید رب گوجه رو بزنید تفت بدید تا باز بشه سپس کنار بزارید.",
      "پیاز رو خرد کنید تفت بدید تا شیشه ای بشه بعد گوشت رو بریزید تفت بدید تا رنگش تغییر کنه (من از گوشت بوقلمون استفاده کردم) سپس فلفل و زردچوبه بزنید تفت بدید تا بوی ادویه بلند بشه بعد تا روی مواد آب‌جوش بریزید و بزارید تا گوشت نیم پز بشه.",
      "در ادامه گوشت که نیم پز شد لوبیا چیتی و سبزیجات رو بریزید و بزارید تا همه مواد کاملا بپزند نیم ساعت قبل از سرد الو و آبغوره و نمک بریزید.1402/6/18"
    ],
    "meal_type": [
      "غذای اصلی گوشتی"
    ],
    "occasion": [
      "ناهار"
    ]
  },
  {
    "title": "آش ترخینه",
    "location": {
      "province": "",
      "city": "",
      "coordinates": {
        "latitude": 0.0,
        "longitude": 0.0
      }
    },
    "ingredients": [
      {
        "name": "ترخینه",
        "amount": 300,
        "unit": "گرم"
      },
      {
        "name": "نخود",
        "amount": 50,
        "unit": "گرم"
      },
      {
        "name": "عدس",
        "amount": 50,
        "unit": "گرم"
      },
      {
        "name": "لوبیا چیتی",
        "amount": 50,
        "unit": "گرم"
      },
      {
        "name": "سبزی (تره، جعفری، گشنیز، اسفناج)",
        "amount": 300,
        "unit": "گرم"
      },
      {
        "name": "پیاز",
        "amount": 3,
        "unit": "عدد"
      },
      {
        "name": "نمک",
        "amount": "به مقدار لازم",
        "unit": null
      },
      {
        "name": "فلفل سیاه",
        "amount": "به مقدار لازم",
        "unit": null
      },
      {
        "name": "زردچوبه",
        "amount": "به مقدار لازم",
        "unit": null
      },
      {
        "name": "سیر داغ",
        "amount": "به مقدار لازم",
        "unit": null
      },
      {
        "name": "نعنا داغ",
        "amount": "به مقدار لازم",
        "unit": null
      }
    ],
    "instructions": [
      "حبوبات را از شب قبل خیس کنید.",
      "ترخینه‌ها را بشویید و به مدت 1 تا 2 ساعت در آب گرم خیس کنید.",
      "پیازها را سرخ کنید تا طلایی شوند و سپس نمک، زردچوبه و فلفل را اضافه کنید.",
      "نخود و لوبیا را همراه با آب به پیازها اضافه کنید."
    ],
    "meal_type": [
      "آش و سوپ"
    ],
    "occasion": [
      [
        "شام"
      ]
    ]
  },
  {
    "title": "خورش تره کوهی ایلام",
    "location": {
      "province": "",
      "city": "",
      "coordinates": {
        "latitude": 0.0,
        "longitude": 0.0
      }
    },
    "ingredients": [
      {
        "name": "گوشت گوسفندی یا گوساله",
        "amount": 400,
        "unit": "گرم"
      },
      {
        "name": "تره ساطوری شده",
        "amount": 500,
        "unit": "گرم"
      },
      {
        "name": "لوبیا سفید یا لوبیا قرمز",
        "amount": 0.5,
        "unit": "پیمانه"
      },
      {
        "name": "پیاز",
        "amount": 1,
        "unit": "عدد"
      },
      {
        "name": "گرد لیمو",
        "amount": "به مقدار لازم",
        "unit": null
      },
      {
        "name": "نمک",
        "amount": "به مقدار لازم",
        "unit": null
      },
      {
        "name": "زردچوبه",
        "amount": "به مقدار لازم",
        "unit": null
      },
      {
        "name": "فلفل قرمز",
        "amount": "به مقدار لازم",
        "unit": null
      },
      {
        "name": "روغن",
        "amount": "به مقدار لازم",
        "unit": null
      },
      {
        "name": "زعفران دم‌کرده",
        "amount": "به مقدار لازم",
        "unit": null
      },
      {
        "name": "سیب‌زمینی",
        "amount": 3,
        "unit": "عدد"
      },
      {
        "name": "گوجه‌فرنگی",
        "amount": 2,
        "unit": "عدد"
      }
    ],
    "instructions": [
      "لوبیا را از شب قبل خیس کنید و چند بار آب آن را عوض کنید.",
      "در قابلمه روغن بریزید و پیاز خرد شده را تفت دهید تا سبک و شیشه‌ای شود.",
      "گوشت خرد شده را اضافه کنید و برای 5 دقیقه سرخ کنید.",
      "لوبیا را به همراه زردچوبه در قابلمه بریزید و برای 2 دقیقه دیگر تفت دهید.",
      "آب را اضافه کنید و بگذارید تا گوشت و لوبیا پخته شوند.",
      "تره ساطوری شده را تفت دهید و پس از پخت گوشت به خورش اضافه کنید.",
      "نمک، گرد لیمو و زعفران دم‌کرده را اضافه کنید.",
      "خورش را با سیب‌زمینی و گوجه‌فرنگی سرخ شده تزئین کرده و همراه با برنج سرو کنید."
    ],
    "meal_type": [
      "غذای اصلی گوشتی"
    ],
    "occasion": [
      [
        "ناهار"
      ]
    ]
  },
  {
    "title": "قله ماسوا",
    "location": {
      "province": "",
      "city": "",
      "coordinates": {
        "latitude": 0.0,
        "longitude": 0.0
      }
    },
    "ingredients": [
      {
        "name": "کله",
        "amount": 1,
        "unit": "عدد"
      },
      {
        "name": "پاچه",
        "amount": 4,
        "unit": "عدد"
      },
      {
        "name": "پیاز",
        "amount": 4,
        "unit": "عدد"
      },
      {
        "name": "سیر",
        "amount": "4–5",
        "unit": "حبه"
      },
      {
        "name": "نخود نیم کوب شده",
        "amount": 1.5,
        "unit": "پیمانه"
      },
      {
        "name": "برنج نیم دانه",
        "amount": 2,
        "unit": "قاشق غذاخوری"
      },
      {
        "name": "زردچوبه",
        "amount": "به مقدار لازم",
        "unit": null
      },
      {
        "name": "فلفل سیاه",
        "amount": "به مقدار لازم",
        "unit": null
      },
      {
        "name": "نمک",
        "amount": "به مقدار لازم",
        "unit": null
      },
      {
        "name": "کشک",
        "amount": 1,
        "unit": "شیشه بزرگ"
      },
      {
        "name": "نعنا",
        "amount": 2,
        "unit": "قاشق غذاخوری"
      }
    ],
    "instructions": [
      "کله و پاچه را به‌خوبی تمیز کنید و داخل قابلمه بزرگ قرار دهید.",
      "نخود نیم‌کوب شده را اضافه کنید و قابلمه را از آب پر کنید تا آب روی کله را بگیرد.",
      "قابلمه را روی حرارت قرار دهید تا به جوش بیاید و در حین جوشیدن، کف آن را مرتب بگیرید.",
      "پیاز نگینی خرد شده و زردچوبه را اضافه کنید.",
      "پس از یک ساعت، نمک را اضافه کنید.",
      "برنج نیم‌دانه شسته شده و کشک را اضافه کنید و درب قابلمه را ببندید.",
      "اجازه دهید که قله ماسوا به مدت 3 تا 4 ساعت با حرارت ملایم بپزد.",
      "در یک تابه، سیر و پیاز را همراه با روغن تفت دهید و کمی زردچوبه، فلفل و نعنا اضافه کنید.",
      "ترکیب پیاز و نعنا را به قابلمه اضافه کنید و به مدت نیم ساعت دیگر صبر کنید تا بجوشد.",
      "پس از نیم ساعت، قله ماسوا آماده است."
    ],
    "meal_type": [
      "غذای اصلی برنجی"
    ],
    "occasion": [
      [
        "ناهار"
      ]
    ]
  },
  {
    "title": "جگروز",
    "location": {
      "province": "",
      "city": "",
      "coordinates": {
        "latitude": 0.0,
        "longitude": 0.0
      }
    },
    "ingredients": [
      {
        "name": "جگر",
        "amount": 1,
        "unit": "کیلوگرم"
      },
      {
        "name": "وز",
        "amount": "به میزان لازم",
        "unit": null
      },
      {
        "name": "گوجه",
        "amount": "به میزان لازم",
        "unit": null
      },
      {
        "name": "نمک",
        "amount": "به میزان لازم",
        "unit": null
      },
      {
        "name": "لیمو",
        "amount": 2,
        "unit": "عدد"
      }
    ],
    "instructions": [
      "جگر را به صورت نواری بلند یا تکه‌ای برش بزنید و به سیخ بکشید و روی آتش کباب کنید.",
      "وقتی جگر نیمه پخته شد، آن را از روی حرارت بردارید و کمی نمک به آن بزنید.",
      "وز را دور جگر بپیچانید و دوباره جگر را روی حرارت قرار دهید تا وز آب شود.",
      "گوجه‌ها را هم به سیخ بکشید و همراه با جگر کباب شده به همراه نان یا پلو سرو کنید."
    ],
    "meal_type": [
      "غذای اصلی گوشتی"
    ],
    "occasion": [
      [
        "ناهار"
      ]
    ]
  },
  {
    "title": "سختی ایلامی",
    "location": {
      "province": "",
      "city": "",
      "coordinates": {
        "latitude": 0.0,
        "longitude": 0.0
      }
    },
    "ingredients": [
      {
        "name": "سیرابی گوسفند",
        "amount": 1,
        "unit": "دست"
      },
      {
        "name": "برنج",
        "amount": 100,
        "unit": "گرم"
      },
      {
        "name": "لپه",
        "amount": 100,
        "unit": "گرم"
      },
      {
        "name": "گوشت چرخ‌کرده",
        "amount": 200,
        "unit": "گرم"
      },
      {
        "name": "سبزی ریحان",
        "amount": "به مقدار لازم",
        "unit": null
      },
      {
        "name": "ادویه",
        "amount": "به مقدار لازم",
        "unit": null
      },
      {
        "name": "نمک",
        "amount": "به مقدار لازم",
        "unit": null
      }
    ],
    "instructions": [
      "سیرابی گوسفند را به‌همراه آب جوش در قابلمه بریزید و آن را روی حرارت متوسط گاز برای 20 دقیقه بجوشانید.",
      "سپس برنج و لپه خیس خورده را به‌همراه گوشت چرخ‌کرده چرخ کنید.",
      "مخلوط چرخ شده را به‌همراه ریحان، ادویه و نمک در سیرابی بریزید و آن را بدوزید تا مواد داخل آن بیرون نریزند.",
      "غذا را روی حرارت ملایم گاز برای 30 دقیقه دیگر بپزید تا کاملا جا بیفتد."
    ],
    "meal_type": [
      "غذای اصلی گوشتی"
    ],
    "occasion": [
      [
        "ناهار"
      ]
    ]
  },
  {
    "title": "گوجه پونه",
    "location": {
      "province": "",
      "city": "",
      "coordinates": {
        "latitude": 0.0,
        "longitude": 0.0
      }
    },
    "ingredients": [
      {
        "name": "گوجه فرنگی بزرگ",
        "amount": 4,
        "unit": "عدد"
      },
      {
        "name": "پونه",
        "amount": 4,
        "unit": "ساقه"
      },
      {
        "name": "کره",
        "amount": 2,
        "unit": "قاشق سوپخوری"
      },
      {
        "name": "پیاز خلالی شده",
        "amount": 1,
        "unit": "عدد"
      },
      {
        "name": "ادویه",
        "amount": "به مقدار لازم",
        "unit": null
      }
    ],
    "instructions": [
      "گوجه فرنگی‌ها را شسته و خرد کنید.",
      "پونه را پاک کرده، شسته و خرد کنید.",
      "ماهیتابه‌ای را روی حرارت قرار دهید و مقداری کره داخل آن ریخته تا ذوب شود.",
      "پیاز خلالی شده را اضافه کنید و تفت دهید تا طلایی رنگ شود.",
      "گوجه فرنگی‌های خردشده را به پیاز اضافه کرده و هم بزنید تا آب آن گرفته شود و سرخ شوند.",
      "پونه خردشده و ادویه‌ها را به مواد اضافه کنید و هم بزنید.",
      "زمانی که عطر پونه بلند شد، گوجه پونه آماده است."
    ],
    "meal_type": [
      "غذای اصلی گیاهی"
    ],
    "occasion": [
      [
        "شام"
      ]
    ]
  }
]