[
  {
    "title": "آبگوشت باغی با گوشت گوسفند و عناب",
    "locations": [
      {
        "province": "کرمانشاه",
        "city": "کرمانشاه",
        "latitude": 34.3142,
        "longitude": 47.065
      }
    ],
    "ingredients": [
      {
        "name": "گوشت گوسفند با استخوان و دنبه",
        "amount": 350.0,
        "unit": "گرم"
      },
      {
        "name": "نخود آبگوشتی",
        "amount": 50.0,
        "unit": "گرم"
      },
      {
        "name": "لوبیا سفید",
        "amount": 30.0,
        "unit": "گرم"
      },
      {
        "name": "گندم کامل",
        "amount": 10.0,
        "unit": "گرم"
      },
      {
        "name": "سیب زمینی متوسط",
        "amount": 2.0,
        "unit": "عدد"
      },
      {
        "name": "پیاز",
        "amount": 1.0,
        "unit": "عدد"
      },
      {
        "name": "عناب",
        "amount": 10.0,
        "unit": "عدد"
      },
      {
        "name": "رب گوجه فرنگی",
        "amount": 1.0,
        "unit": "ق غ"
      },
      {
        "name": "ادویه مخلوط",
        "amount": 1.0,
        "unit": "ق چ"
      },
      {
        "name": "نمک",
        "amount": 3.0,
        "unit": "ق چ"
      },
      {
        "name": "لیمو عمانی",
        "amount": 1.0,
        "unit": "عدد"
      }
    ],
    "instructions": [
      "به نام خدا\nگوشت رو با پیاز و مقدار لازم آب و حبوبات که از شب قبل خیس کردیم و عنابها روی حرارت می‌گذلریم تا بپزن.",
      "اوسط پخت نمک میزنیم و دو ساعت که از پخت گذشت ادویه و رب و سیب زمینی و لیمو رو میریزیم. دنبه رو هم با پیازی که داخلش ریخته بودم می‌کوبیم و دوباره داخل آبگوشت میریزیم و حدود یک و نیم ساعت دیگه میذاریم بجوشه تا جا بیافته."
    ],
    "meal_type": [
      "غذای اصلی گوشتی"
    ],
    "occasion": "شام",
    "images": {
      "main": "https:\/\/img-global.cpcdn.com\/recipes\/56b89c2bbacf0aa5\/400x400cq70\/photo.jpg",
      "step1": null,
      "step2": null
    },
    "id": 71,
    "answer": "Good",
    "answer2": "Good",
    "annotator": 1,
    "annotation_id": 140,
    "created_at": "2025-04-26T01:52:20.574324Z",
    "updated_at": "2025-04-26T01:52:20.574324Z",
    "lead_time": 571.532
  },
  {
    "title": "آش بلغور",
    "locations": [
      {
        "province": "کرمانشاه",
        "city": "کرمانشاه",
        "latitude": 34.3142,
        "longitude": 47.065
      }
    ],
    "ingredients": [
      {
        "name": "پیاز",
        "amount": 3.0,
        "unit": "عدد"
      },
      {
        "name": "بلغور گندم",
        "amount": 2.0,
        "unit": "پ"
      },
      {
        "name": "عدس",
        "amount": 1.0,
        "unit": "پ"
      },
      {
        "name": "نمک",
        "amount": 5.0,
        "unit": "ق چ"
      },
      {
        "name": "تخم گشنیز تازه ساییده شده",
        "amount": 1.0,
        "unit": "ق غ"
      },
      {
        "name": "اسفناج",
        "amount": 700.0,
        "unit": "گرم"
      },
      {
        "name": "کشک",
        "amount": 250.0,
        "unit": "گرم"
      },
      {
        "name": "نعناداغ میتونید استاک گوشت اضافه کنید",
        "amount": null,
        "unit": null
      }
    ],
    "instructions": [
      "به پیازداغ نمک فلفل و زردچوبه و‌تخم گشنیز بزنید و بلغور و عدسی که چند ساعت خیس خورده اضافه کنید ،بدون اینکه اصلا هم بزنید با در نیمه باز بذارید جوش بیاد شعله را کم کنید و درش را بذارید \r\nبعد از یک ساعت اسفناج را افزوده باز نیم ساعت تا ۴۵ دقیقه زمان بدید تا بپزه",
      "۱۰ دقیقه آخر هم کشک و نعناداغ را اضافه کنید \r\nنمکش را اندازه کنید بعد از ۱۰ دقیقه آماده هست",
      "نکته مهم\r\nتا موقعی که آش را به هم نزدید ته نمیگیره ،از وقتی هم زدید گهگاهی باید هم بزنید تا ته نگیره"
    ],
    "meal_type": [
      "آش و سوپ"
    ],
    "occasion": "شام",
    "images": {
      "main": "https:\/\/img-global.cpcdn.com\/recipes\/ba4d775428670879\/400x400cq70\/photo.jpg",
      "step1": null,
      "step2": null
    },
    "id": 72,
    "answer": "Bad",
    "answer2": "Bad",
    "annotator": 1,
    "annotation_id": 141,
    "created_at": "2025-04-26T01:52:32.345135Z",
    "updated_at": "2025-04-26T01:52:32.345135Z",
    "lead_time": 9.69
  },
  {
    "title": "آش ترخینه",
    "locations": [
      {
        "province": "کرمانشاه",
        "city": "کرمانشاه",
        "latitude": 34.3142,
        "longitude": 47.065
      }
    ],
    "ingredients": [
      {
        "name": "قرص ترخینه",
        "amount": 3.0,
        "unit": "عدد"
      },
      {
        "name": "عدس",
        "amount": 1.0,
        "unit": "پیمانه"
      },
      {
        "name": "لوبیا چیتی یا قرمز",
        "amount": 0.5,
        "unit": "پیمانه"
      },
      {
        "name": "پیاز متوسط",
        "amount": 5.0,
        "unit": "عدد"
      },
      {
        "name": "نعناع خشک",
        "amount": 4.0,
        "unit": "قاشق غذاخوری"
      },
      {
        "name": "سبزی آش تازه",
        "amount": 1.0,
        "unit": "پیمانه"
      },
      {
        "name": "زردچوبه. فلفل سیاه و فلفل قرمز ونمک",
        "amount": null,
        "unit": null
      },
      {
        "name": "دوغ تُرش",
        "amount": null,
        "unit": null
      }
    ],
    "instructions": [
      "ابتدا ترخینه را با آب داغ خیس کردم\nلوبیا و عدس خیسانده شده را از قبل گذاشتم بپزند\nپیاز داغ و نعناع داغ درست کردم",
      "۸آب ترخینه را خالی کردم و دوباره روی آن حدودا\" ۳ لیوان دوغ ریختم بعد گذاشتم بپزد. کمی بعد سبزی را اضافه کردم.",
      "در اواخر پخت پیاز داغ و نعناع داغ و ادویه های سرخ شده و عدس و لوبیای پخته شده را هم اضافه کردم و گذاشتم جا بیفتد.نمک را در آخر تست کنید."
    ],
    "meal_type": [
      "آش و سوپ"
    ],
    "occasion": "شام",
    "images": {
      "main": "https:\/\/img-global.cpcdn.com\/recipes\/587b36b869347cab\/400x400cq70\/photo.jpg",
      "step1": null,
      "step2": null
    },
    "id": 73,
    "answer2": "Good",
    "answer": "Good",
    "annotator": 1,
    "annotation_id": 142,
    "created_at": "2025-04-26T01:53:47.273599Z",
    "updated_at": "2025-04-26T01:53:47.273599Z",
    "lead_time": 73.721
  },
  {
    "title": "آش دوغ کرمانشاه",
    "locations": [
      {
        "province": "کرمانشاه",
        "city": "کرمانشاه",
        "latitude": 34.3142,
        "longitude": 47.065
      }
    ],
    "ingredients": [
      {
        "name": "دوغ",
        "amount": 1.0,
        "unit": "لیتر"
      },
      {
        "name": "کوچک برنج",
        "amount": 1.0,
        "unit": "پیمانه"
      },
      {
        "name": "لپه",
        "amount": 0.5,
        "unit": "پیمانه"
      },
      {
        "name": "سبزی آش",
        "amount": null,
        "unit": null
      },
      {
        "name": "نمک",
        "amount": null,
        "unit": null
      },
      {
        "name": "پیاز متوسط",
        "amount": 2.0,
        "unit": "عدد"
      },
      {
        "name": "نعنا خشک",
        "amount": null,
        "unit": null
      },
      {
        "name": "زردچوبه",
        "amount": null,
        "unit": null
      },
      {
        "name": "روغن",
        "amount": null,
        "unit": null
      }
    ],
    "instructions": [
      "برنج را شسته از حدود دو ساعت قبل خیس کنید. لپه را بپزید.",
      "برنج را همراه لپه پخته شده و سبزی برای حدود ۲۰ دقیقه بگذارید بپزد.",
      "دوغ را داخل قابلمه دیگری روی اجاق گذاشته مدام هم بزنید تا به جوش آید، سپس به مواد اضافه کرده بگذارید بپزد.",
      "بعد از حدود دو ساعت از پخت آش، پیازداغ درست کنید و همراه نمک به غذا اضافه کنید، یکساعت دیگر بپزد.",
      "آش را با تزیین نعناداغ، پیازداغ و در صورت تمایل، سیرداغ سرو کنید. نوش جان🌿"
    ],
    "meal_type": [
      "آش و سوپ"
    ],
    "occasion": "شام",
    "images": {
      "main": "https:\/\/img-global.cpcdn.com\/recipes\/f039f0331c2c91a5\/400x400cq70\/photo.jpg",
      "step1": null,
      "step2": null
    },
    "id": 74,
    "answer": "Bad",
    "answer2": "Bad",
    "annotator": 1,
    "annotation_id": 143,
    "created_at": "2025-04-26T01:54:02.989432Z",
    "updated_at": "2025-04-26T01:54:02.989432Z",
    "lead_time": 14.291
  },
  {
    "title": "آش ماست کرمانشاهی😋",
    "locations": [
      {
        "province": "کرمانشاه",
        "city": "کرمانشاه",
        "latitude": 34.3142,
        "longitude": 47.065
      }
    ],
    "ingredients": [
      {
        "name": "سبزی آش",
        "amount": 250.0,
        "unit": "گرم"
      },
      {
        "name": "برنج",
        "amount": 1.0,
        "unit": "پیمانه"
      },
      {
        "name": "لپه",
        "amount": 4.0,
        "unit": "لیوان"
      },
      {
        "name": "دوغ غلیظ و ترش محلی",
        "amount": 1.0,
        "unit": "لیتر"
      },
      {
        "name": "پیاز",
        "amount": 1.0,
        "unit": "عدد"
      },
      {
        "name": "نعناع",
        "amount": 1.0,
        "unit": "قاشق غذاخوری"
      },
      {
        "name": "سیر",
        "amount": 10.0,
        "unit": "حبه"
      },
      {
        "name": "نمک",
        "amount": null,
        "unit": null
      },
      {
        "name": "فلفل سیاه",
        "amount": null,
        "unit": null
      },
      {
        "name": "زردچوبه",
        "amount": null,
        "unit": null
      },
      {
        "name": "پیاز داغ برای تزئین",
        "amount": null,
        "unit": null
      }
    ],
    "instructions": [
      "لپه را چند ساعتی خیس کردم بعد گذاشتم تا نیم پز شود.\r\nبعد سبزی و برنج از قبل خیس شده را هم اضافه کردم و گذاشتم تا بپزد.",
      "پیاز را ریز خرد کردم و در کمی روغن تفت دادم وقتی سرخ شد زردچوبه و نعناع و سیر رنده شده را هم اضافه کردم و کمی تفت دادم و بعد به آش اضافه کردم.",
      "وقتی برنج و لپه خوب پخت و آب آش کم شد ، دوغ را کم کم به آش اضافه کردم و مدام هم زدم تا آش به جوش بیاید.\r\n(اگر هم نزنیم دوغ میبُرد)",
      "بعد از جوش آمدن دوغ ، زمان دادم تا دوغ بجوشد و به غلظت کافی برسد و جا بیفتد.",
      "بعد در ظرف کشیدم و با پیاز داغ تزئین کردم.\r\nآش فوق‌العاده خوشمزه ما آماده شد 😋",
      "سوپ ماست ترکیه"
    ],
    "meal_type": [
      "آش و سوپ"
    ],
    "occasion": "شام",
    "images": {
      "main": "https:\/\/img-global.cpcdn.com\/recipes\/d869c58c7174a732\/400x400cq70\/photo.jpg",
      "step1": null,
      "step2": null
    },
    "id": 75,
    "answer2": "Good",
    "answer": "Good",
    "annotator": 1,
    "annotation_id": 144,
    "created_at": "2025-04-26T01:54:40.075061Z",
    "updated_at": "2025-04-26T01:54:40.075061Z",
    "lead_time": 35.611
  },
  {
    "title": "آش محلی سورانه (یاساقه سرخ)",
    "locations": [
      {
        "province": "کرمانشاه",
        "city": "کرمانشاه",
        "latitude": 34.3142,
        "longitude": 47.065
      }
    ],
    "ingredients": [
      {
        "name": "بسته سبزی سورانه",
        "amount": null,
        "unit": null
      },
      {
        "name": "برنج",
        "amount": null,
        "unit": null
      },
      {
        "name": "پیاز متوسط",
        "amount": 1.0,
        "unit": "عدد"
      },
      {
        "name": "نمک",
        "amount": null,
        "unit": null
      },
      {
        "name": "فلفل سیاه",
        "amount": null,
        "unit": null
      },
      {
        "name": "زردچوبه",
        "amount": null,
        "unit": null
      },
      {
        "name": "روغن برای تفت پیاز",
        "amount": null,
        "unit": null
      }
    ],
    "instructions": [
      "ابتدا مقدار برنج را میخیسانیم وکنار میگذاریم.",
      "بعد پیاز را تفت میدیم زردچوبه وفلفل رو اضافه میکنیم.",
      "سبزی که در بهار فریز کردیم. را ازف ریزر درمیارم که یخش آب بشه به پیازداغ اضافه میکنیم.",
      "بعد از کمی تفت دادن نمک وبرنج خیسانده را اضافه میکنیم.",
      "درب قابلمه میگذاریم تا آش جابیفته.",
      "خیلی خوشمزه و طبع این آش گرم هستش ومخصوص فصل زمستان وصدالبته درمان سرما خوردگی."
    ],
    "meal_type": [
      "آش و سوپ"
    ],
    "occasion": "شام",
    "images": {
      "main": "https:\/\/img-global.cpcdn.com\/recipes\/9aabdf7cd9634f31\/400x400cq70\/photo.jpg",
      "step1": null,
      "step2": null
    },
    "id": 76,
    "answer": "Good",
    "answer2": "Good",
    "annotator": 1,
    "annotation_id": 145,
    "created_at": "2025-04-26T01:55:01.271299Z",
    "updated_at": "2025-04-26T01:55:01.271299Z",
    "lead_time": 19.725
  },
  {
    "title": "آش عباسعلی کرمانشاه😋",
    "locations": [
      {
        "province": "کرمانشاه",
        "city": "کرمانشاه",
        "latitude": 34.3142,
        "longitude": 47.065
      }
    ],
    "ingredients": [
      {
        "name": "گندم پوست کنده",
        "amount": 5.0,
        "unit": "پیمانه"
      },
      {
        "name": "گوشت دنده گوسفند",
        "amount": 300.0,
        "unit": "گرم"
      },
      {
        "name": "عدس ریز",
        "amount": 2.0,
        "unit": "پیمانه"
      },
      {
        "name": "لوبیا چیتی",
        "amount": 2.0,
        "unit": "پیمانه"
      },
      {
        "name": "نخود",
        "amount": 2.0,
        "unit": "پیمانه"
      },
      {
        "name": "لوبیا سفید",
        "amount": 2.0,
        "unit": "پیمانه"
      },
      {
        "name": "برنج",
        "amount": 2.0,
        "unit": "پیمانه"
      },
      {
        "name": "پیاز",
        "amount": 3.0,
        "unit": "عدد"
      },
      {
        "name": "سیر",
        "amount": 5.0,
        "unit": "حبه"
      },
      {
        "name": "نمک",
        "amount": null,
        "unit": null
      },
      {
        "name": "فلفل سیاه و قرمز",
        "amount": null,
        "unit": null
      },
      {
        "name": "زردچوبه",
        "amount": null,
        "unit": null
      },
      {
        "name": "نعناع داغ",
        "amount": null,
        "unit": null
      },
      {
        "name": "سیر داغ",
        "amount": null,
        "unit": null
      },
      {
        "name": "پیاز داغ",
        "amount": null,
        "unit": null
      }
    ],
    "instructions": [
      "گوشت را با پیاز خرد شده و سیر و نمک و زردچوبه و فلفل و ۳ لیوان آب گذاشتم تا کامل بپزد وگوشت از استخوان جدا شود. \nبعد از پخت کامل ، گوشت را ریش ریش کردم.",
      "حبوبات را ۲۴ ساعت خیس کردم و در این مدت چند بار آبش را عوض کردم.\nبعد گذاشتم تا بپزد. عدس را جداگانه پختم.",
      "گندم را هم ۲۴ ساعت خیس کردم بعد با آب فراوان گذاشتم تا بپزد در حدی که شکفته شود.",
      "برنج را هم با آب زیاد گذاشتم بپزد تا کامل له شود و آب برنج تقریبا تمام شود.",
      "پیاز را خیلی ریز خرد کردم و تفت دادم وقتی سرخ شد زردچوبه و فلفل سیاه و قرمز زدم.\n(هرچی تندتر لذیذتر میشه این آش)",
      "تمام مواد آش را باهم مخلوط کردم و آب گوشت را صاف کردم و داخل آش ریختم. پیاز داغ را هم ریختم و خوب با گوشتکوب مواد را کوبیدم تا له شود.",
      "بعد روی حرارت کم گذاشتم تا آش جا بیفتد.\nدر آخر هم یک قاشق روغن کرمانشاهی ریختم.",
      "آش که جا افتاد و کشدار شد در ظرف کشیدم و با نعناع داغ و سیر داغ و پیاز داغ تزئین کردم.\nآش فوق‌العاده خوشمزه ما آماده شد. 😋",
      "نوووووش جاااان 👌👌👌"
    ],
    "meal_type": [
      "آش و سوپ"
    ],
    "occasion": "شام",
    "images": {
      "main": "https:\/\/img-global.cpcdn.com\/recipes\/88b12a9cb8af4442\/400x400cq70\/photo.jpg",
      "step1": null,
      "step2": null
    },
    "id": 77,
    "answer": "Good",
    "answer2": "Good",
    "annotator": 1,
    "annotation_id": 146,
    "created_at": "2025-04-26T01:55:22.184422Z",
    "updated_at": "2025-04-26T01:55:22.184422Z",
    "lead_time": 19.74
  },
  {
    "title": "جز بز (جغور بغور)",
    "locations": [
      {
        "province": "کرمانشاه",
        "city": "کرمانشاه",
        "latitude": 34.3142,
        "longitude": 47.065
      }
    ],
    "ingredients": [
      {
        "name": "جگرسفید",
        "amount": null,
        "unit": null
      },
      {
        "name": "پیاز",
        "amount": null,
        "unit": null
      },
      {
        "name": "فلفل تند",
        "amount": null,
        "unit": null
      },
      {
        "name": "گوجه",
        "amount": null,
        "unit": null
      },
      {
        "name": "نمک",
        "amount": null,
        "unit": null
      },
      {
        "name": "فلفل",
        "amount": null,
        "unit": null
      },
      {
        "name": "روغن حیوانی یاکره",
        "amount": null,
        "unit": null
      }
    ],
    "instructions": [
      "جگر سفید رو چرخ بکنید داخل تابه بریزید با شعله کم تا ابش گرفته بشه بعد هم بزنید تا ته نگیره و بپزه",
      "وقتی جگر ها پخته شدن پیاز خلالی خرد شده و فلفل رو اضافه کنید در تابه رو بزارید تا با بخار پیاز ها و فلفل هانرم بشن",
      "بعد کره یا روغن حیوانی رو اضافه کنید (با روغن معمولی هم میشه درست کرد ولی اینطوری یه طعم دیگه داره) و مدام هم بزنید تا جایی که پیاز ها کاملا نرم بشن، نمک و بسته به ذائقه خودتون که تند دوست دارین یا نه مقداری فلفل سیاه هم اضافه می کنیم",
      "بعدگوجه ها رو اضافه می کنیم ودر تابه رو میزاریم دو سه دقیقه بعد زیرشو خاموش می کنیم"
    ],
    "meal_type": [
      "-"
    ],
    "occasion": "شام",
    "images": {
      "main": "https:\/\/img-global.cpcdn.com\/recipes\/aaaabef1140f9f2a\/400x400cq70\/photo.jpg",
      "step1": null,
      "step2": null
    },
    "id": 78,
    "answer2": "Bad",
    "answer": "Bad",
    "annotator": 1,
    "annotation_id": 147,
    "created_at": "2025-04-26T01:55:39.438908Z",
    "updated_at": "2025-04-26T01:55:39.439511Z",
    "lead_time": 15.851
  },
  {
    "title": "خورشت خلال بادام کرمانشاه",
    "locations": [
      {
        "province": "کرمانشاه",
        "city": "کرمانشاه",
        "latitude": 34.3142,
        "longitude": 47.065
      }
    ],
    "ingredients": [
      {
        "name": "خلال بادام درختی",
        "amount": 250.0,
        "unit": "گرم"
      },
      {
        "name": "گوشت گوساله ریز خرد شده",
        "amount": 500.0,
        "unit": "گرم"
      },
      {
        "name": "زرشک سیاه",
        "amount": 2.0,
        "unit": "ق غ"
      },
      {
        "name": "روغن کرمانشاهی",
        "amount": 1.0,
        "unit": "ق غ"
      },
      {
        "name": "گلاب",
        "amount": 1.0,
        "unit": "استکان"
      },
      {
        "name": "زعفران دم کرده",
        "amount": 1.0,
        "unit": "ق غ"
      },
      {
        "name": "رب گوجه فرنگی",
        "amount": 2.0,
        "unit": "ق غ"
      },
      {
        "name": "چوب دارچین",
        "amount": 1.0,
        "unit": "تکه"
      },
      {
        "name": "نمک و زردچوبه",
        "amount": null,
        "unit": null
      },
      {
        "name": "پیاز متوسط",
        "amount": 1.0,
        "unit": "عدد"
      }
    ],
    "instructions": [
      "خلال بادام را از حدود نیم ساعت قبل، داخل گلاب خیس کنید.",
      "پیاز را خرد کرده در روغن تفت داده، زردچوبه بزنید، گوشت را اضافه کرده تفت دهید.",
      "مقداری آب ولرم اضافه کنید، سپس خلال بادام به همراه زعفران و چوب دارچین را اضافه کنید و اجازه دهید برای حدود ۲ ساعت بپزد.",
      "چند عدد لیمو عمانی یا در صورت تمایل، حدود نصف ق چ گرد لیمو اضافه کرده حدود یک ساعت و نیم دیگر بپزد.",
      "رب گوجه فرنگی را جداگانه داخل روغن تفت داده به خورشت اضافه کنید، یک ربع دیگر بپزد.",
      "زرشک را پاک کرده، شسته، جداگانه داخل روغن، کمی تفت داده و همراه نمک و روغن کرمانشاهی به غذا اضافه کنید و یک ربع بعد، این غذای لذیذ آماده است. همراه پلو سرو کنید. نوش جان"
    ],
    "meal_type": [
      "غذای اصلی گوشتی"
    ],
    "occasion": "ناهار",
    "images": {
      "main": "https:\/\/img-global.cpcdn.com\/recipes\/50f3cea98c620094\/400x400cq70\/photo.jpg",
      "step1": null,
      "step2": null
    },
    "id": 79,
    "answer": "Good",
    "answer2": "Good",
    "annotator": 1,
    "annotation_id": 148,
    "created_at": "2025-04-26T01:57:41.550952Z",
    "updated_at": "2025-04-26T01:57:41.550952Z",
    "lead_time": 119.748
  },
  {
    "title": "خورش کنگر",
    "locations": [
      {
        "province": "کرمانشاه",
        "city": "کرمانشاه",
        "latitude": 34.3142,
        "longitude": 47.065
      }
    ],
    "ingredients": [
      {
        "name": "کنگر",
        "amount": 500.0,
        "unit": "گرم"
      },
      {
        "name": "گوشت مرغ",
        "amount": 1.0,
        "unit": "کیلو"
      },
      {
        "name": "خوری رب گوجه فرنگی",
        "amount": 4.0,
        "unit": "قاشق غذاخوری"
      },
      {
        "name": "نمک وفلفل قرمز",
        "amount": 1.0,
        "unit": "پنس"
      },
      {
        "name": "پر برگه ی آلو خشک",
        "amount": 1.0,
        "unit": "مشت"
      },
      {
        "name": "سیب زمینی",
        "amount": 1.0,
        "unit": "عدد"
      }
    ],
    "instructions": [
      "ابتداکنگربابدتمیزکردوتیغه هاش بگیری وخوب بشورید",
      "مرغ هارودرزردچوبه ونمک وفلفل سرخ کنید",
      "رب گوجه روبهش اضافه کنیدوخوب سرخ کنید",
      "آلوهاروبهش اضافه کنیدوباهم خوب سرخش کنید",
      "بعدآب جوش بریزیدبره تاخورش غلیظ بشه",
      "دراین حین پلورادرست کنیدکه پلوزعفرانی خیلی بهش مچ است",
      "والااولین باربوددرست کردم من درآوری بودهمسرم خیلی ذوق کردوتعریف کردکه من دراوری اینقدرخوشمزه شده",
      "آقاجونم میگه دست پختم به مامانم رفته😍\nمامان جونم گفت دخترای منن دیگه😍\nمن😍\nهمسری😎\nمامان جون وباباجونم💋💋🔥🔥"
    ],
    "meal_type": [
      "غذای اصلی گوشتی"
    ],
    "occasion": "شام",
    "images": {
      "main": "https:\/\/img-global.cpcdn.com\/recipes\/8e806c4b67959b16\/400x400cq70\/photo.jpg",
      "step1": null,
      "step2": null
    },
    "id": 80,
    "answer": "Bad",
    "answer2": "Bad",
    "annotator": 1,
    "annotation_id": 149,
    "created_at": "2025-04-26T01:57:54.092925Z",
    "updated_at": "2025-04-26T01:57:54.092925Z",
    "lead_time": 10.648
  },
  {
    "title": "دست پیچ کرمانشاهی",
    "locations": [
      {
        "province": "کرمانشاه",
        "city": "کرمانشاه",
        "latitude": 34.3142,
        "longitude": 47.065
      }
    ],
    "ingredients": [
      {
        "name": "گوشت چرخ کرده",
        "amount": 500.0,
        "unit": "گرم"
      },
      {
        "name": "پیاز متوسط",
        "amount": 1.0,
        "unit": "عدد"
      },
      {
        "name": "لپه پخته",
        "amount": 250.0,
        "unit": "گرم"
      },
      {
        "name": "آرد نخودچی",
        "amount": 100.0,
        "unit": "گرم"
      },
      {
        "name": "تخم مرغ",
        "amount": 2.0,
        "unit": "عدد"
      },
      {
        "name": "زردچوبه",
        "amount": null,
        "unit": null
      },
      {
        "name": "نمک",
        "amount": null,
        "unit": null
      },
      {
        "name": "فلفل",
        "amount": null,
        "unit": null
      },
      {
        "name": "روغن مایع برای سرخ کردن",
        "amount": null,
        "unit": null
      },
      {
        "name": "برگه قیسی",
        "amount": 200.0,
        "unit": "گرم"
      },
      {
        "name": "گردوی خرد شده",
        "amount": 150.0,
        "unit": "گرم"
      },
      {
        "name": "کشمش",
        "amount": 150.0,
        "unit": "گرم"
      },
      {
        "name": "خوری پیاز داغ",
        "amount": 2.0,
        "unit": "قاشق سوپخوری"
      },
      {
        "name": "خوری رب گوجه",
        "amount": 2.0,
        "unit": "قاشق سوپخوری"
      },
      {
        "name": "آب",
        "amount": 1.0,
        "unit": "لیوان"
      },
      {
        "name": "آبلیمو",
        "amount": 2.0,
        "unit": "قاشق سوپخوری"
      },
      {
        "name": "شکر",
        "amount": 1.0,
        "unit": "قاشق سوپخوری"
      }
    ],
    "instructions": [
      "گوشت و پیاز را به همراه نمک و فلفل و زردچوبه مزه دار میکنیم.پله را پیاز پختن چرخ کرده و به همراه آرد نخود چی به گوشت اضافه میکنیم تخم ها را به مخلوط گوشت و لپه اضافه میکنیم ومواد را خوب ورز دهید تا کاملا چسبندگی پیدا کند.(مواد را داخل پلاستیک گذاشته و نیم ساعت در یخچال قرار دهید)",
      "برگه های قیسی را خوب بشویید و آبکش کنید و در ظرفی با گردو و کشمش و پیاز داغ مخلوط کنید",
      "از مواد گوشتی مقداری بردارید (اندازه یک پرتقال)و داخل آن را با مواد کشمش و گردو پر کنید و به صورت بیضی شکل در آورید و در روغن داغ در تابه سرخ کنید",
      "در ظرفی جدا رب و آب و آبلیمو را با هم تفت میدیم و سپس شکر را می افزاییم و به صورت سس درست میکنیم (من خودم کمی نمک هم اضافه کردم)بعد از سرخ شدن دست پیچ ها آن ها رادر ظرفی بزرگ که در کنار هم قرار بگیرد میگذاریم (دست پیچ ها را روی هم نمیگذاریم چون ممکن است خوب پخته نشوند) و سس را روی آن می ریزیم و به مدت 20 دقیقه با شعله ملایم می گذاریم بجوشد تا سس به خورد دست پیچ ها برود."
    ],
    "meal_type": [
      "غذای اصلی گوشتی"
    ],
    "occasion": "شام",
    "images": {
      "main": "https:\/\/img-global.cpcdn.com\/recipes\/bd0f3df1d68dd4f6\/400x400cq70\/photo.jpg",
      "step1": null,
      "step2": null
    },
    "id": 81,
    "answer": "Bad",
    "answer2": "Bad",
    "annotator": 1,
    "annotation_id": 150,
    "created_at": "2025-04-26T01:58:24.714252Z",
    "updated_at": "2025-04-26T01:58:24.715256Z",
    "lead_time": 28.58
  },
  {
    "title": "دنده کباب مخصوص کرمانشاه",
    "locations": [
      {
        "province": "کرمانشاه",
        "city": "کرمانشاه",
        "latitude": 34.3142,
        "longitude": 47.065
      }
    ],
    "ingredients": [
      {
        "name": "گوشت",
        "amount": 200.0,
        "unit": "گرم"
      },
      {
        "name": "عرض حداقل 10  دنده",
        "amount": 20.0,
        "unit": "سانتیمتر"
      },
      {
        "name": "فلفل سیاه ونمک و فلفل قرمز",
        "amount": null,
        "unit": null
      },
      {
        "name": "پیازرنده",
        "amount": 20.0,
        "unit": "گرم"
      },
      {
        "name": "آبلیمو",
        "amount": null,
        "unit": null
      }
    ],
    "instructions": [
      "ابتدا گوشت رو با پنجره_نخودی_چرخ_گوشت (درشت)چرخ کنید.",
      "سپس روی تخته کار به همراه فلفل سیاه، پیازو نمک مخلوط وساتوری کنید به طوری که چسپندگی هم چون#مایه_کوبیده داشته باشد",
      "دنده گوسفند رو به وسیله ۲عدد#سیخ_جوجه در عرض دنده فرو برده به طوری که بتواند گوشت ساطوری شده رو تحمل کنه سپس گوشت رو روی دنده گذاشته و با ساتور مقداری بکوبید مدت یک ساعت در یخچال گذاشته تا استراحت کنید سپس کباب کنید.",
      "1-هنگام کباب کردن ۲یا ۳سیخ کوبیده لازم دارید تا هنگام چرخاندن کباب از افتادن گوشت جلوگیری کنید. 2- بین دنده ها رو آزاد کنید تا حرارت به گوشت برسد. 3- کباب کردن این کباب کار هر کسی نیست و استاد کارمیخواهد پس دقت کنید.۴ -میتوانید دنده رو جدا و گوشت رو جدا کباب کنید (۳سیخ زیرگوشت گوسفندو۳سیخ رو ی آن میگذارند).دنده کباب رو روی زغال می پزند.",
      "طرز تهیه سس : روغن زیتون رو روی حرارت قرار بدین داغ که شد رب گوجه رو ریخته و مقداری تفت دهید.نمک،فلفل قرمز و آبلیمو رو اضافه کنید مقداری بگذارید بجوشد سس رو هر چند لحظه یکبار هنگام کباب کردن (با فرچه به سس آغشته) و بر روی #دنده_کباب_مخصوص_کرمانشاه بمالید.",
      "نوش جان! شف مجتبی"
    ],
    "meal_type": [
      "غذای اصلی گوشتی"
    ],
    "occasion": "شام",
    "images": {
      "main": "https:\/\/img-global.cpcdn.com\/recipes\/4504cc6460d76678\/400x400cq70\/photo.jpg",
      "step1": null,
      "step2": null
    },
    "id": 82,
    "answer": "Bad",
    "answer2": "Bad",
    "annotator": 1,
    "annotation_id": 151,
    "created_at": "2025-04-26T02:01:11.666191Z",
    "updated_at": "2025-04-26T02:01:11.666191Z",
    "lead_time": 140.76
  },
  {
    "title": "سیب‌پلو با قارچ",
    "locations": [
      {
        "province": "کرمانشاه",
        "city": "کرمانشاه",
        "latitude": 34.3142,
        "longitude": 47.065
      }
    ],
    "ingredients": [
      {
        "name": "سینه مرغ پخته",
        "amount": 1.0,
        "unit": "عدد"
      },
      {
        "name": "پیاز بزرگ",
        "amount": 1.0,
        "unit": "عدد"
      },
      {
        "name": "سیب زمینی",
        "amount": 2.0,
        "unit": "عدد"
      },
      {
        "name": "قارچ",
        "amount": 7.0,
        "unit": "عدد"
      },
      {
        "name": "برنج",
        "amount": 2.0,
        "unit": "پیمانه"
      },
      {
        "name": "زعفران دم کرده",
        "amount": null,
        "unit": null
      },
      {
        "name": "نمک",
        "amount": null,
        "unit": null
      },
      {
        "name": "فلفل و زردچوبه",
        "amount": null,
        "unit": null
      },
      {
        "name": "شوید خشک",
        "amount": 2.0,
        "unit": "ق غ"
      }
    ],
    "instructions": [
      "ابتدا پیاز را نگینی خرد کرده سرخ کنید. بعد مرغ پخته خرد شده و قارچ و ادویه ها را اضافه کرده کاملا تفت دهید. سیب زمینی ها رو هم جدا نگینی خرد کرده و سرخ کنید و به مخلوط اضافه کنید. برنج را آبکش کرده و مواد و شوید را لابه‌لای برنج ریخته و زعفران غلیظ شده را روی پلو ریخته و به مدت ۴۵ دقیقه دم کنید. من بعد از دم کشیدن مقداری روغن حیوانی رو اضافه کردم. می‌تونید یا روغن یا کره را آب کرده و روی پلو بریزید."
    ],
    "meal_type": [
      "غذای اصلی برنجی"
    ],
    "occasion": "ناهار",
    "images": {
      "main": "https:\/\/img-global.cpcdn.com\/recipes\/3db907ff9605d7ff\/400x400cq70\/photo.jpg",
      "step1": null,
      "step2": null
    },
    "id": 83,
    "answer": "Good",
    "answer2": "Good",
    "annotator": 1,
    "annotation_id": 152,
    "created_at": "2025-04-26T02:02:11.721931Z",
    "updated_at": "2025-04-26T02:02:11.721931Z",
    "lead_time": 57.956
  },
  {
    "title": "🎀شیر برنج",
    "locations": [
      {
        "province": "کرمانشاه",
        "city": "کرمانشاه",
        "latitude": 34.3142,
        "longitude": 47.065
      }
    ],
    "ingredients": [
      {
        "name": "برنج ایرانی",
        "amount": 5.0,
        "unit": "لیوان"
      },
      {
        "name": "شیر طبیعی",
        "amount": 5.0,
        "unit": "لیوان"
      },
      {
        "name": "گلاب",
        "amount": 2.0,
        "unit": "ق غ"
      },
      {
        "name": "نوک پودر هل و نمک",
        "amount": null,
        "unit": "قاشق چای‌خوری"
      }
    ],
    "instructions": [
      "👈برنج رو با آب شسته به مدت چند ساعت خیس کنید.بعد با دو لیوان آب ،برنج را با حرارت ملایم بپزید ، وقتی برنج نيم پز شد.کم کم شیر را اضافه کنید تا با حرارت ملایم مغز پخت شود برنج را زیاد له نکنید و در آخر پخت پودر هل و نمک و گلاب رو اضافه کنید چند جوش زد زیر حرارت را خاموش کنید.",
      "👈حالا به ظرف سرو کشیده با سليقه خود تزیین کرده، با شیره انگور و یا مربای گل محمدی نووووش جااااان کنید. ⚘️تقدیم به نگاه زیبایتون ⚘️"
    ],
    "meal_type": [
      "غذای اصلی برنجی"
    ],
    "occasion": "ناهار",
    "images": {
      "main": "https:\/\/img-global.cpcdn.com\/recipes\/ca5b19e94a3fbb00\/400x400cq70\/photo.jpg",
      "step1": null,
      "step2": null
    },
    "id": 84,
    "answer": "Good",
    "answer2": "Good",
    "annotator": 1,
    "annotation_id": 153,
    "created_at": "2025-04-26T02:02:34.234520Z",
    "updated_at": "2025-04-26T02:02:34.234520Z",
    "lead_time": 20.35
  },
  {
    "title": "کوفته ریزه کرمانشاه",
    "locations": [
      {
        "province": "کرمانشاه",
        "city": "کرمانشاه",
        "latitude": 34.3142,
        "longitude": 47.065
      }
    ],
    "ingredients": [
      {
        "name": "کوچک لپه",
        "amount": 3.0,
        "unit": "استکان"
      },
      {
        "name": "پیاز بزرگ",
        "amount": 1.0,
        "unit": "عدد"
      },
      {
        "name": "سیب زمینی متوسط",
        "amount": 1.0,
        "unit": "عدد"
      },
      {
        "name": "بسته گوشت چرخی",
        "amount": null,
        "unit": null
      },
      {
        "name": "تخم مرغ",
        "amount": 1.0,
        "unit": "عدد"
      },
      {
        "name": "آرد",
        "amount": null,
        "unit": null
      },
      {
        "name": "نمک",
        "amount": null,
        "unit": null
      },
      {
        "name": "زردچوبه و سبزی کوفتهسبزی معطر",
        "amount": null,
        "unit": null
      },
      {
        "name": "کشمش و گردو",
        "amount": null,
        "unit": null
      },
      {
        "name": "پیاز بزرگ",
        "amount": null,
        "unit": null
      },
      {
        "name": "پیاز بزرگ",
        "amount": null,
        "unit": null
      },
      {
        "name": "برنج",
        "amount": 5.0,
        "unit": "قاشق غذاخوری"
      },
      {
        "name": "چند آلو",
        "amount": null,
        "unit": "عدد"
      },
      {
        "name": "رب انار",
        "amount": null,
        "unit": null
      }
    ],
    "instructions": [
      "لپه رو بپزید \r\nلپه سیب زمینی و پیاز رو با چرخ گوشت چرخ کنید بهش نمک و زردچوبه و آرد و گوشت و سبزی کوفته رو اضافه کنید و یک تخم مرغ هم بزنید و مخلوط کنید",
      "اگر موادتون خیلی سفت بود یه تخم مرغ دیگه هم میتونید اضافه کنید.",
      "برای مواد داخل کوفته پیاز داغ کنید و کشمش و گردو رو هم اضافه کنید و یه تفت بهش بدید درحدی که کشمش ها نرم بشن",
      "از مواد کوفته مقداری بردارید بعد کشمش و گردو داخلش بذارید و گردش کنید. حدود ۲۰ دقیقه هم استراحت کنه راحت تر سرخ میشه \r\nمقداری از مواد کوفته و کشمش و گردو رو بذارید بمونه",
      "برای آب کوفته هم پیاز داغ کنید و زردچوبه بزنید و برنج نیم دانه بریزید و بهش آب اضافه کنید میتونید چندتا آلو هم اگر دوست داشتید اضافه کنید \r\nاز مواد کوفته و کشمش گردو هم حدودا دو سه قاشق بریزید داخل آبش و رب انار و نمک هم اضافه کنید و بذارید بپزه",
      "بعد از حدودا بیست دقیقه استراحت کوفته ها رو داخل روغن داغ سرخ کنید",
      "برای آب کوفته هم نعنا داغ کنید و بهش اضافه کنید \r\nطعمش هم باید بچشید تا طعم مورد دلخواه تون رو داشته باشه \r\nاگر خیلی ترش بود میتونید شکر بهش اضافه کنید یه طعم ملسی داره\r\nبعد از سرخ کردن کوفته ها همه اشون رو بریزید داخل آب کوفته حدودا پنج الی ده دقیقه بعد کوفته ها رو دوباره دربیارید و زیرش رو خاموش کنید\r\nمیتونید آبش رو هم تیلیت کنید\r\nنوش جان♥️"
    ],
    "meal_type": [
      "غذای اصلی گوشتی"
    ],
    "occasion": "شام",
    "images": {
      "main": "https:\/\/img-global.cpcdn.com\/recipes\/641f859f7a122672\/400x400cq70\/photo.jpg",
      "step1": null,
      "step2": null
    },
    "id": 85,
    "answer": "Bad",
    "answer2": "Bad",
    "annotator": 1,
    "annotation_id": 154,
    "created_at": "2025-04-26T02:02:59.244425Z",
    "updated_at": "2025-04-26T02:02:59.244425Z",
    "lead_time": 21.499
  },
  {
    "title": "کوفته نخود",
    "locations": [
      {
        "province": "کرمانشاه",
        "city": "کرمانشاه",
        "latitude": 34.3142,
        "longitude": 47.065
      }
    ],
    "ingredients": [
      {
        "name": "نخود آبگوشتی",
        "amount": 1.0,
        "unit": "لیوان"
      },
      {
        "name": "گ گوشت چرخ کرده",
        "amount": 100.0,
        "unit": null
      },
      {
        "name": "سبزی معطر خشک",
        "amount": 1.0,
        "unit": "ق غ"
      },
      {
        "name": "نمک",
        "amount": null,
        "unit": null
      },
      {
        "name": "زرشک",
        "amount": 2.0,
        "unit": "ق غ"
      },
      {
        "name": "پیاز",
        "amount": 2.0,
        "unit": "عدد"
      },
      {
        "name": "دسته کوچک پیازچه",
        "amount": null,
        "unit": null
      },
      {
        "name": "گردو",
        "amount": 2.0,
        "unit": "عدد"
      },
      {
        "name": "آلو",
        "amount": 2.0,
        "unit": "عدد"
      },
      {
        "name": "زردچوبه",
        "amount": null,
        "unit": null
      },
      {
        "name": "نمک",
        "amount": null,
        "unit": null
      },
      {
        "name": "تخم مرغ",
        "amount": 1.0,
        "unit": "عدد"
      }
    ],
    "instructions": [
      "نخود را از شب قبل خیس کرده و ریز چرخ میکنیم.۱ پیاز رنده شده و نمک وتخم مرغ و زردچوبه و پیازچه ریز شده و گوشت و وسبزی خشک معطر شامل ریحان ،نعنا ،مرزه و ترخان را نیز اضافه میکنیم.همه مواد را خوب ورز می‌دهیم تا چسبناک و یکدست شود.",
      "بعد از مواد یک چانه یک چانه برداشته و کف دست شکل داده و وسط آنرا با آلو، زرشک و گردو پر میکنیم و خوب بسته و گرد میکنیم، طوری که کاملا بدون منفذ باشد. پیاز دوم را خرد کرده و تفت داده و رب را نیز با آن تفت داده و آب اضافه میکنیم تا بجوشد.",
      "در آخر در حالی که زیر قابلمه زیاد است کوفته ها را به کمک ملاقه داخل آب در حال جوش فرو می‌بریم. وقتی کوفته ها بعد از چند دقیقه روی آب معلق ماند زیر آنرا کم کرده و می‌گذاریم بپزد. در آخر زرشک را نیز اضافه میکنیم و بعد از دو جوش سرو میکنیم.نوش جان"
    ],
    "meal_type": [
      "غذای اصلی گوشتی"
    ],
    "occasion": "شام",
    "images": {
      "main": "https:\/\/img-global.cpcdn.com\/recipes\/3aecf15fec233b4a\/400x400cq70\/photo.jpg",
      "step1": null,
      "step2": null
    },
    "id": 86,
    "answer": "Bad",
    "answer2": "Bad",
    "annotator": 1,
    "annotation_id": 155,
    "created_at": "2025-04-26T02:03:25.536266Z",
    "updated_at": "2025-04-26T02:03:25.536266Z",
    "lead_time": 21.1
  },
  {
    "title": "هلو کباب",
    "locations": [
      {
        "province": "کرمانشاه",
        "city": "کرمانشاه",
        "latitude": 34.3142,
        "longitude": 47.065
      }
    ],
    "ingredients": [
      {
        "name": "گوشت چرخ کرده",
        "amount": 500.0,
        "unit": "گرم"
      },
      {
        "name": "لپه",
        "amount": 200.0,
        "unit": "گرم"
      },
      {
        "name": "پیاز",
        "amount": 1.0,
        "unit": "عدد"
      },
      {
        "name": "سیب زمینی",
        "amount": 1.0,
        "unit": "عدد"
      },
      {
        "name": "گردو",
        "amount": 2.0,
        "unit": "پیمانه"
      },
      {
        "name": "نمک و فلفل و زردچوبه باندازه",
        "amount": null,
        "unit": null
      },
      {
        "name": "روغن برای سرخ کردن کباب ها",
        "amount": null,
        "unit": null
      },
      {
        "name": "مواد برای سس کباب :",
        "amount": null,
        "unit": null
      },
      {
        "name": "پیاز درشت",
        "amount": 1.0,
        "unit": "عدد"
      },
      {
        "name": "خ رب گوجه فرنگی",
        "amount": 1.0,
        "unit": "ق غ"
      },
      {
        "name": "خ شکر",
        "amount": 1.0,
        "unit": "ق غ"
      },
      {
        "name": "آلو بخارا",
        "amount": 2.0,
        "unit": "پیمانه"
      },
      {
        "name": "نمک و فلفل و زردچوبه و دارچین و زعفران باندازه",
        "amount": null,
        "unit": null
      }
    ],
    "instructions": [
      "برای سس هلو کباب : \nپیاز را خلال کرده و تفت میدهیم وقتی طلایی شد نمک و ادویه ها را افزوده و باز تفت میدهیم بعد رب را افزوده و تفت میدهیم تا خامی رب گرفته شود بعد آلو را اضافه کرده و باز تفت میدهیم و در آخر شکر و ۲ یا ۳ پیمانه آب جوش افزوده و میگذاریم چند دقیقه ای بجوشد تا سس غلیظ شود و طعم بگیرد",
      "لپه را ۲ ساعتی خیس میکنیم \nو بعد میگذاریم بپزد \nبعد گوشت چرخ کرده و سیب زمینی و پیاز و لپه پخته را در غذا ساز خوب میکس میکنیم (یا رنده و ورز میدهیم) بعد نمک و ادویه ها را اضافه کرده و باز میکس میکنیم و خمیر بدست آمده را نیم ساعتی در یخچال استراحت میدهیم \n(اگر خمیر چسبندگی نداشت کنی آرد نخودچی بزنید)",
      "بعد از خمیر باندازه هلو با دست گرد کرده و داخل آن نصف مغز گذاشته و گرد میکنیم\n(من چند دونه زرشک هم کنار گردو گداشتم) و در تابه با کمی روغن که داغ کردیم با حرارت متوسط سرخ کرده و زیر و رو میکنیم \nبعد از سرخ شدن تمام کباب ها ، \nسس آماده شده را افزوده و میگذاریم با حرارت ملایم کباب ها مغز پخت و طعم بگیرند \nفقط مراقب باشین ته نگیرد \nنوش جان"
    ],
    "meal_type": [
      "غذای اصلی گوشتی"
    ],
    "occasion": "شام",
    "images": {
      "main": "https:\/\/img-global.cpcdn.com\/recipes\/08ab057e25081595\/400x400cq70\/photo.jpg",
      "step1": null,
      "step2": null
    },
    "id": 87,
    "answer": "Bad",
    "answer2": "Bad",
    "annotator": 1,
    "annotation_id": 156,
    "created_at": "2025-04-26T02:04:57.934601Z",
    "updated_at": "2025-04-26T02:04:57.934601Z",
    "lead_time": 89.989
  },
  {
    "title": "ونوشک پلو",
    "locations": [
      {
        "province": "کرمانشاه",
        "city": "کرمانشاه",
        "latitude": 34.3142,
        "longitude": 47.065
      }
    ],
    "ingredients": [
      {
        "name": "برنج",
        "amount": 2.0,
        "unit": "پ"
      },
      {
        "name": "شوید",
        "amount": 5.0,
        "unit": "ق غ"
      },
      {
        "name": "سیب زمینی",
        "amount": 1.0,
        "unit": "عدد"
      },
      {
        "name": "پیاز",
        "amount": 1.0,
        "unit": "عدد"
      },
      {
        "name": "گوشت چرخکرده",
        "amount": null,
        "unit": null
      }
    ],
    "instructions": [
      "پیاز را خرد کرده در تابه ریخته و میگذاریم که طلایی بشه، حالا گوشت چرخکرده رو به پیاز اضافه کرده و میگذاریم خوب سرخ شود",
      "ادویه ها را اضافه کرده و بعد ونوشک ها را اضافه میکنیم که با بقیه مواد کاملا سرخ شود",
      "برنج را آبکش کرده، برای ته دیگ از سیب زمینی ورق شده استفاده میکنیم و در آخر برنج را ریخته و‌لایه لایه مواد بالا را به همراه شوید لای برنج میریزیم ومیگذاریم برنج دم بکشه. نوش جام☘️"
    ],
    "meal_type": [
      "غذای اصلی برنجی"
    ],
    "occasion": "ناهار",
    "images": {
      "main": "https:\/\/img-global.cpcdn.com\/recipes\/65eedc5dc61ccd14\/400x400cq70\/photo.jpg",
      "step1": null,
      "step2": null
    },
    "id": 88,
    "answer": "Bad",
    "answer2": "Bad",
    "annotator": 1,
    "annotation_id": 157,
    "created_at": "2025-04-26T02:05:10.979626Z",
    "updated_at": "2025-04-26T02:05:10.979626Z",
    "lead_time": 11.677
  },
  {
    "title": "بژی کرمانشاه",
    "locations": [
      {
        "province": "کرمانشاه",
        "city": "کرمانشاه",
        "latitude": 34.3142,
        "longitude": 47.065
      }
    ],
    "ingredients": [
      {
        "name": "آرد",
        "amount": 5.0,
        "unit": "لیوان"
      },
      {
        "name": "روغن جامد",
        "amount": 1.0,
        "unit": "لیوان"
      },
      {
        "name": "قاشایخوری نمک",
        "amount": 1.0,
        "unit": "قاشق چای‌خوری"
      },
      {
        "name": "قاشایخوری سیاهدانه",
        "amount": 1.0,
        "unit": "قاشق چای‌خوری"
      },
      {
        "name": "قاشایخوری رازیانه",
        "amount": 1.0,
        "unit": "قاشق چای‌خوری"
      },
      {
        "name": "قاشایخوری زردچوبه",
        "amount": 1.0,
        "unit": "قاشق چای‌خوری"
      },
      {
        "name": "ا شیر",
        "amount": null,
        "unit": "لیوان"
      },
      {
        "name": "شکر",
        "amount": 1.0,
        "unit": "لیوان"
      },
      {
        "name": "روغن برای سرخ کردن",
        "amount": null,
        "unit": null
      }
    ],
    "instructions": [
      "آرد را الک کرده، زردچوبه و نمک را بهش اضافه و مخلوط میکنیم.شیرو شکر را با هم مخلوط کرده و روی حرارت قرار میدهیم همین که شکرحل شد حرارت را خاموش کرده گلاب را هم اضافه میکنیم و کنار میگذاریم و اجازه میدهیم تا از داغی بیافتد.",
      "روغن را داغ داغ کرده و به آرد اضافه میکنیم و با قاشق آرد را زیر و رو میکنیم تا به صورت خرده نان در بیاد\nحتما روغن داغ باشد در حدی که موقع ریختن روی آرد حالت جلزولز داشته باشد.",
      "مخلوط شیر، شکر و گلاب را که از داغی افتاده و ولرم شده را کم کم به مخلوط آردی اضافه و با قاشق هم میزنیم تا خمیر شروع به جمع شدن کند.\nبه دلیل متفاوت بودن آبخور آردها ترکیب شیر را کم کم اضافه کنید ممکن است کمتر از دستور نیاز شود.",
      "سیاه دانه و رازیانه را اضافه و مخلوط میکنیم.در صورت تمایل می توانید رازیانه و سیاهدانه را نیم کوب یا پودر کرده و در خمیر بریزید.",
      "حالا روی خمیر را به مدت حداقل ۲ ساعت پوشانده و در محیط آشپزخانه استراحت میدهیم.هر چقدر زمان استراحت این خمیر بیشتر باشد(یک شب تا صبح) نتیجه مطلوب تر خواهد بود. حتی به مدت یک شبانه روز نیز می توانید خمیر را داخل یخچال استراحت دهید.",
      "بعد از استراحت از خمیر به اندازه یک بادام برداشته و رویقسمت داخلی آبکش میگذاریم، با فشار انگشت از یک گوشه ی شروع میکنیم و همزمان دستمان را رو به بیرون میکشیم. خمیر زیر دستمان بازشده و شکل میگیرد. خمیر بژی کمی سفت است",
      "کل خمیر را با حوصله شکل داده و در سینی به صورتی که قسمت شکاف دار به زیر باشد میچینیم.به همین شکل هم داخل روغن میاندازیم",
      "بعد در روغن داغ شناور سرخ میکنیم و موقع سرخ کردن ظرف را تکان دهید یا با چنگال بژی ها را تند تند در روغن بغلتانید تا کامل شکفته شده و پف کرده و پوک شوند.",
      "درشتی و کوچکی بژی ها در مدت زمان و ترد شدن آنها تاثیر دارد. هر چقدر بژی ها درشت تر باشد باید زمان پخت و شعله را کم کنید تا خوب مغز پخت شوند.\nحتما شعله را متوسط بگذارید، اگر حرارت زیاد باشد روی بژی ها سرخ و داخلشان خمیر می ماند.",
      "در صورت دلخواه بعد از سرخ کردن روی بژی ها پودر قند بریزید"
    ],
    "meal_type": [
      "دسر"
    ],
    "occasion": "شام",
    "images": {
      "main": "https:\/\/img-global.cpcdn.com\/recipes\/1c84a81bb0779afd\/400x400cq70\/photo.jpg",
      "step1": null,
      "step2": null
    },
    "id": 89,
    "answer": "Bad",
    "answer2": "Bad",
    "annotator": 1,
    "annotation_id": 158,
    "created_at": "2025-04-26T02:05:23.245624Z",
    "updated_at": "2025-04-26T02:05:23.245624Z",
    "lead_time": 10.218
  },
  {
    "title": "سیب پلوی کرمانشاهی",
    "locations": [
      {
        "province": "کرمانشاه",
        "city": "کرمانشاه",
        "latitude": 34.3142,
        "longitude": 47.065
      }
    ],
    "ingredients": [
      {
        "name": "فیله مرغ یا 1  سینه کامل",
        "amount": 8.0,
        "unit": "عدد"
      },
      {
        "name": "پیاز",
        "amount": 2.0,
        "unit": "عدد"
      },
      {
        "name": "سیب زمینی متوسط",
        "amount": 2.0,
        "unit": "عدد"
      },
      {
        "name": "زعفران دم کرده",
        "amount": 5.0,
        "unit": "قاشق غذاخوری"
      },
      {
        "name": "برنج ایرانی",
        "amount": null,
        "unit": "پیمانه"
      },
      {
        "name": "خرما برای تزیین",
        "amount": 5.0,
        "unit": "عدد"
      },
      {
        "name": "نمک و فلفل و زرچوبه",
        "amount": null,
        "unit": null
      },
      {
        "name": "کشمش پلویی",
        "amount": 1.0,
        "unit": "فنجان"
      },
      {
        "name": "ملاقه کوچک روغن کرمانشاهی یا 50 کره",
        "amount": 1.0,
        "unit": "گرم"
      }
    ],
    "instructions": [
      "پیاز و سیب زمینی و فیله مرغ رو خرد کنید",
      "پیاز ها رو تفت بدین و بعد فیله های مرغ رو بهش اضافه کنید و دوباره تفت بدین تا رنگ فیله هاسفید بشه.بعد کمی فلفل و زعفران اضافه کنید",
      "سیب زمینی ها رو اضافه کنید و اونارو هم تفت بدین نیاز نیست خیلی نرم بشن چون با برنج پخته میشن",
      "شوید خشک رو اضافه کنید.آب و نمک و برنج شسته شده و باقی زعفران رو هم اضافه کنید و و زیر حرارت رو زیاد کنید تا آب برنج کشیده بشه.بعد زیر حرارت رو کم کنید و درب قابلمه رو بگذارید و اجازه بدید برنج دم بکشه",
      "کشمش های خیس خورده رو با مقداری روغن سرخ کنید و بعد از پخت برنج ،به همراه روغن کرمانشاهی روی برنج بریزید.من از فیله مرغ و سیب زمینی وخرمای سرخ شده هم استفاده کردم"
    ],
    "meal_type": [
      "غذای اصلی برنجی"
    ],
    "occasion": "ناهار",
    "images": {
      "main": "https:\/\/img-global.cpcdn.com\/recipes\/b24e33f92746b9d6\/400x400cq70\/photo.jpg",
      "step1": null,
      "step2": null
    },
    "id": 90,
    "answer": "Bad",
    "answer2": "Bad",
    "annotator": 1,
    "annotation_id": 159,
    "created_at": "2025-04-26T02:13:38.335050Z",
    "updated_at": "2025-04-26T02:13:38.335050Z",
    "lead_time": 493.428
  },
  {
    "title": "نان روغنی اصل کرمانشاه",
    "locations": [
      {
        "province": "کرمانشاه",
        "city": "کرمانشاه",
        "latitude": 34.3142,
        "longitude": 47.065
      }
    ],
    "ingredients": [
      {
        "name": "آرد سفید",
        "amount": 400.0,
        "unit": "گرم"
      },
      {
        "name": "روغن کرمانشاهی",
        "amount": 150.0,
        "unit": "گرم"
      },
      {
        "name": "آب یخ",
        "amount": 100.0,
        "unit": "گرم"
      },
      {
        "name": "شکر",
        "amount": 50.0,
        "unit": "گرم"
      }
    ],
    "instructions": [
      "روغن را از قبل در دمای محیط قرار میدیم تا نرم شود.\n\nشکر را در آب یخ حل میکنیم.",
      "آرد و روغن را به آب یخ و شکر اضافه میکنیم و هم میزنیم.",
      "مرحله مهم اینه که خمیر باید ۲۰ دقیقه ورز داده بشه و کاملا لطیف باشه.",
      "خمیر را داخل سینی فر به ضخامت یک سانتی متر پهن کنین.\nروش با چنگال سوراخ کنید.\n در دمای ۱۸۰ درجه به مدت حدودا ۴۰ دقیقه قرار بدین تا برشته بشه.",
      "✅اگر روغن کرمانشاهی در دسترس ندارید، میشه روغن جامد را جایگزین کنید. ولی دیگه توقع عطر و خوشمزگی ورژن اصلی را نداشته باشید.",
      "✅این نان روغنی، سنتی کرمانشاه هست و تفاوتش با نان روغنی های دیگه در خشک و ترد بودنش هست. پس وقتی بعد از پخت، خشک و شکننده شد، فکر نکنین خراب شده، بلکه دقیقا باید همینطور باشه"
    ],
    "meal_type": [
      "نان و شیرینی"
    ],
    "occasion": "شام",
    "images": {
      "main": "https:\/\/img-global.cpcdn.com\/recipes\/3c98e1cbd06a9a45\/400x400cq70\/photo.jpg",
      "step1": null,
      "step2": null
    },
    "id": 91,
    "answer2": "Good",
    "answer": "Good",
    "annotator": 1,
    "annotation_id": 160,
    "created_at": "2025-04-26T02:15:38.680184Z",
    "updated_at": "2025-04-26T02:15:38.680184Z",
    "lead_time": 118.826
  },
  {
    "title": "کاچی (قیماق کرمانشاهی) با آرد گندم",
    "locations": [
      {
        "province": "کرمانشاه",
        "city": "کرمانشاه",
        "latitude": 34.3142,
        "longitude": 47.065
      }
    ],
    "ingredients": [
      {
        "name": "آرد گندم",
        "amount": 8.0,
        "unit": "قاشق غذاخوری"
      },
      {
        "name": "روغن حیوانی کرمانشاهی",
        "amount": 1.0,
        "unit": "پیمانه"
      },
      {
        "name": "آب جوش",
        "amount": 1.0,
        "unit": "لیتر"
      },
      {
        "name": "پودر رازیانه",
        "amount": null,
        "unit": null
      },
      {
        "name": "شکر یا نبات",
        "amount": null,
        "unit": null
      },
      {
        "name": "زنجبیل",
        "amount": null,
        "unit": null
      }
    ],
    "instructions": [
      "۸ابتدا روغن رو داخل تابه میریزیم تابه رو روی حرارت میذاریم تا روغن داغ بشه.",
      "سپس آرد الک شده رو اضافه میکنیم و با روغن با حرارت ملایم تفت میدیم آرد باید کاملا سرخ بشه و تغییر رنگ بده و طلایی بشه.سعی کنید با حرارت ملایم و با حوصله این کارو انجام بدید.",
      "بعد از اینکه آرد سرخ شد و طلایی شد آب جوش رو اضافه میکنیم خوب هم میزنیم تا صاف و یکدست بشه گلوله داخل کاچی نباشه.",
      "بعد حرارت رو کم میکنیم تا روغن پس بده و جا بیافته در آخر داخل کاسه سرو میکنیم با شکر یا و پودر رازیانه یا زنجبیل میل میکنیم.",
      "من برای مهمونا فقط شکر ریختم و کنارش پودر رازیانه و زنجبیل گذاشتم که هرکی دوست داشت به دلخواه اضافه کنه ،نوشجان"
    ],
    "meal_type": [
      "دسر"
    ],
    "occasion": "شام",
    "images": {
      "main": "https:\/\/img-global.cpcdn.com\/recipes\/2599a650a92975db\/400x400cq70\/photo.jpg",
      "step1": null,
      "step2": null
    },
    "id": 92,
    "answer": "Good",
    "answer2": "Good",
    "annotator": 1,
    "annotation_id": 161,
    "created_at": "2025-04-26T02:16:11.012982Z",
    "updated_at": "2025-04-26T02:16:11.012982Z",
    "lead_time": 30.76
  },
  {
    "title": "خرما وروین(خرما با روغن حیوانی اصل کرمانشاه)",
    "locations": [
      {
        "province": "کرمانشاه",
        "city": "کرمانشاه",
        "latitude": 34.3142,
        "longitude": 47.065
      }
    ],
    "ingredients": [
      {
        "name": "خرما هسته گرفته",
        "amount": 400.0,
        "unit": "گرم"
      },
      {
        "name": "قاشق پر روغن حیوانی یا کره اصل",
        "amount": 4.0,
        "unit": null
      },
      {
        "name": "پودر کشک",
        "amount": 200.0,
        "unit": "گرم"
      },
      {
        "name": "گردو و کنجد از هر کدام",
        "amount": null,
        "unit": null
      }
    ],
    "instructions": [
      "خرمای هسته گرفته رو با روغن و پودر کشک را خوب هم می‌زنیم تا خرما نرم شود",
      "باید مواظب باشیم خرما و پودر کشک نسوزه ،وقتی خرما خوب نرم شده گردو و کنجد را مخلوط میکنیم تا یکدست شود.",
      "این دسر به عنوان وعده کامل است و پر انرژی برای روزهای پر مشغله ،درست کنید و لذت ببرید،نوش جون"
    ],
    "meal_type": [
      "-"
    ],
    "occasion": "شام",
    "images": {
      "main": "https:\/\/img-global.cpcdn.com\/recipes\/fd5d8639673609d3\/400x400cq70\/photo.jpg",
      "step1": null,
      "step2": null
    },
    "id": 93,
    "answer": "Good",
    "answer2": "Good",
    "annotator": 1,
    "annotation_id": 162,
    "created_at": "2025-04-26T02:18:14.345271Z",
    "updated_at": "2025-04-26T02:18:14.346271Z",
    "lead_time": 121.721
  },
  {
    "title": "دنده پلو کرمانشاهی",
    "locations": [
      {
        "province": "کرمانشاه",
        "city": "کرمانشاه",
        "latitude": 34.3142,
        "longitude": 47.065
      }
    ],
    "ingredients": [
      {
        "name": "دنده گوسفندی",
        "amount": 1.0,
        "unit": "کیلو"
      },
      {
        "name": "برنج",
        "amount": 6.0,
        "unit": "پیمانه"
      },
      {
        "name": "پیاز داغ",
        "amount": 3.0,
        "unit": "قاشق سوپخوری"
      },
      {
        "name": "زیره سائیده شده",
        "amount": 2.0,
        "unit": "قاشق سوپخوری"
      },
      {
        "name": "دارچین",
        "amount": 1.0,
        "unit": "قاشق سوپخوری"
      },
      {
        "name": "نمک",
        "amount": null,
        "unit": null
      },
      {
        "name": "فلفل",
        "amount": null,
        "unit": null
      },
      {
        "name": "زردچوبه و روغن بمیزان لازم",
        "amount": null,
        "unit": null
      },
      {
        "name": "سبزی پلویی بمیزان لازم",
        "amount": null,
        "unit": null
      }
    ],
    "instructions": [
      "دنده را با پیاز،زعفران،سیر و نمک و‌فلفل مرینت کنید و یک شب در یخچال بگذارید.",
      "پیاز را تفت داده،زردچوبه،فلفل بزنید وقتی سبک شد سبزی را اضافه کنید فقط کمی تفت بخورد اما تغییر رنگ ندهد.سپس برنج شسته شده با آب و نمک کافی اضافه شود.برنج باید زنده باشد پس آب کم بریزید.",
      "وقتی آب برنج کشیده شد،در طرف روغن داغ کنید.دنده ها را از سمت چربی در کف قابلمه چیده،برنج را روی آن بریزید و‌لابلای آن زیره و دارچین بزنید.بمدت دو ساعت با شعله ملایم بپزید."
    ],
    "meal_type": [
      "غذای اصلی برنجی"
    ],
    "occasion": "ناهار",
    "images": {
      "main": "https:\/\/img-global.cpcdn.com\/recipes\/ea524037640c4288\/400x400cq70\/photo.jpg",
      "step1": null,
      "step2": null
    },
    "id": 94,
    "answer2": "Good",
    "answer": "Good",
    "annotator": 1,
    "annotation_id": 163,
    "created_at": "2025-04-26T02:35:42.075505Z",
    "updated_at": "2025-04-26T02:35:42.075505Z",
    "lead_time": 1036.599
  },
  {
    "title": "نان برنجی کرمانشاهی",
    "locations": [
      {
        "province": "کرمانشاه",
        "city": "کرمانشاه",
        "latitude": 34.3142,
        "longitude": 47.065
      }
    ],
    "ingredients": [
      {
        "name": "روغن جامد صاف",
        "amount": null,
        "unit": "گرم"
      },
      {
        "name": "پودر قند",
        "amount": 100.0,
        "unit": "گرم"
      },
      {
        "name": "تخم مرغ",
        "amount": 1.0,
        "unit": "عدد"
      },
      {
        "name": "زعفران دم کرده غلیظ",
        "amount": null,
        "unit": null
      },
      {
        "name": "آرد برنج",
        "amount": 250.0,
        "unit": "گرم"
      },
      {
        "name": "پودر هل",
        "amount": 1.0,
        "unit": "ق چ"
      },
      {
        "name": "گلاب",
        "amount": 1.0,
        "unit": "ق غ"
      },
      {
        "name": "آب",
        "amount": 2.0,
        "unit": "ق غ"
      },
      {
        "name": "تخم خرفه",
        "amount": null,
        "unit": null
      }
    ],
    "instructions": [
      "تخم مرغ و از نیم ساعت قبل از یخچال خارج میکنیم تا هم دمای محیط بشه \nروغن و روی بخار کتری ذوب میکنیم و بعد از سرد شدن داخل شیشه ریخته وقتی خنک شد تو یخچال میزاریم تا دوباره سفت بشه پودر قند و ارد برنج و با پارجه حریر الک میکنیم. زرده و سفیده رو از هم جدا میکنیم و سفیده رو با همزن میزنیم تا پف کنه بعد در یخچال قرار میدیم",
      "روغن و پودر قند و داخل کاسه ریخته و به مدت ۵دقیقه با دور تند همزن میزنیم تا سبک و کرم رنگ بشه بهد زرده و پودر هل رو هم اضافه میکنیم ودو دقیقه دیگه میزنیم. سفیده رو از یخچال خارج میکنیم و با لیسم طوری هم میزنیم که پف سفیده نخوابه",
      "ارد برنج الک شده رو به مواد اضافه میکنیم و هم میزنیم در انتها اب و گلاب رو هم اضافه میکنیم تا خمیر نرم و اطیفی به دست بیاد خمیر کمی شل به نظر میاد در این مرحله خمیر رو به دو قسمت تقسیم میکنیم و به یک قسمت زعفران دم کرده غلیظ میزنیم و با نوک انگشت خمیر رو مخلوط میکنیم یک تکه از خمیر و برمیداریم باید نرم باشه و ترک نداشته باشه بعد خمیر و تو دو تا نایلون فریزر جدا میزاریم و به مدت ۲۴ساعت در جای خشک و خنک میزاریم اشتراحت کنه",
      "من چون آشپزخونم خیلی گرم بود خمیر و تو یه پارچه ضخیم گذاشتم بعد تو یه ظرف در دار بعد هم گذاشتم تو یخچال😊۲ساعت قبل از این که بخوام شیرینی رو درست کنم از یخچال در اوردم و گذاشتم هم دمای محیط بشه. بعد از خمیر گلوله هایی یک اندازه برمیداریم و در دست گرد میکنیم و به دلخواه مهر میزنیم یا با ته ماسوره شکل میدیم و در سینی فر که کاغذ روغنی انداختیم و چرب کردیم میچینیم و روشونو تخم خرفه میپاشیم. ودر فر از قبل گرم شده به مدت ۱۵الی ۲۰دقیقه با دمای ۱۷۵قرار میدیم. من چون با تستر درست کردم دما رو ۱۶۰زدم",
      "بعد از پختن حتما میزاربم سرد بشه بعد از کاغذ جدا میکنیم ____\nریختن بیشتر گلاب باعث خشک شدن شیرینی میشه ______\nاگر بعد از استراحت خمیر خشک شد قاشق قاشق اب بهش اضافه کنید _\nشیرینی برنجی وقتیاماده است که به راحتی روی سینی حرکت کند",
      "رسپی نان برنجی منتخب استوری اینستای کوکپد😊"
    ],
    "meal_type": [
      "غذای اصلی برنجی"
    ],
    "occasion": "ناهار",
    "images": {
      "main": "https:\/\/img-global.cpcdn.com\/recipes\/ce1c7b781c7aa578\/400x400cq70\/photo.jpg",
      "step1": null,
      "step2": null
    },
    "id": 95,
    "answer": "Bad",
    "answer2": "Bad",
    "annotator": 1,
    "annotation_id": 164,
    "created_at": "2025-04-26T02:36:29.088202Z",
    "updated_at": "2025-04-26T02:36:29.088202Z",
    "lead_time": 44.838
  },
  {
    "title": "نان خرمایی کرمانشاهی❤",
    "locations": [
      {
        "province": "کرمانشاه",
        "city": "کرمانشاه",
        "latitude": 34.3142,
        "longitude": 47.065
      }
    ],
    "ingredients": [
      {
        "name": "کره",
        "amount": 100.0,
        "unit": "گرم"
      },
      {
        "name": "پودر قند",
        "amount": 4.0,
        "unit": "ق غ"
      },
      {
        "name": "پنیر خامه ای",
        "amount": 2.0,
        "unit": "ق غ"
      },
      {
        "name": "بکینگ پودر",
        "amount": 1.0,
        "unit": "ق چ"
      },
      {
        "name": "آرد",
        "amount": 3.0,
        "unit": "لیوان"
      },
      {
        "name": "خرما بدون هسته",
        "amount": 300.0,
        "unit": "گرم"
      },
      {
        "name": "زنجبیل گلاب و دارچین",
        "amount": null,
        "unit": null
      }
    ],
    "instructions": [
      "همه مواد خمیر رو با هم مخلوط میکنیم",
      "زیاد ورز نمیدیم که به روغن بیافته",
      "موادمیانی رو خوب مخلوط میکنیم",
      "از خمیر اندازه گردو برمیداریم و وسطش رو از مواد خرمایی میذاریم",
      "نهایتا در فراز قبل گرم شده قرار میدیم",
      "نوش جان"
    ],
    "meal_type": [
      "نان و شیرینی"
    ],
    "occasion": "شام",
    "images": {
      "main": "https:\/\/img-global.cpcdn.com\/recipes\/80f1f1a3940c3c3f\/400x400cq70\/photo.jpg",
      "step1": null,
      "step2": null
    },
    "id": 96,
    "answer2": "Good",
    "answer": "Good",
    "annotator": 1,
    "annotation_id": 165,
    "created_at": "2025-04-26T02:39:11.505780Z",
    "updated_at": "2025-04-26T02:39:11.505780Z",
    "lead_time": 118.335
  },
  {
    "title": "کاک کرمانشاهی",
    "locations": [
      {
        "province": "کرمانشاه",
        "city": "کرمانشاه",
        "latitude": 34.3142,
        "longitude": 47.065
      }
    ],
    "ingredients": [
      {
        "name": "کره",
        "amount": 50.0,
        "unit": "گرم"
      },
      {
        "name": "آب ولرم",
        "amount": 4.0,
        "unit": "پیمانه"
      },
      {
        "name": "پودر قند",
        "amount": 1.0,
        "unit": "قاشق غذاخوری"
      },
      {
        "name": "پودر خمیر مایه",
        "amount": 1.0,
        "unit": "قاشق چای خوری"
      },
      {
        "name": "آرد",
        "amount": 5.0,
        "unit": "پیمانه"
      },
      {
        "name": "تخم مرغ",
        "amount": 1.0,
        "unit": "عدد"
      },
      {
        "name": "نمک",
        "amount": 0.5,
        "unit": "قاشق چای خوری"
      },
      {
        "name": "پودر قند",
        "amount": 0.5,
        "unit": "پیمانه"
      },
      {
        "name": "پودر نارگیل",
        "amount": 4.0,
        "unit": "قاشق غذاخوری"
      },
      {
        "name": "پودر گردو",
        "amount": 4.0,
        "unit": "قاشق غذاخوری"
      }
    ],
    "instructions": [
      "آب و پودر قند و پودر خمیر مایه را با هم مخلوط می کنیم. روی آن را می پوشانیم و 10 دقیقه کنار می گذاریم تا عمل آید.",
      "کره را روی حرارت کاملا ذوب می کنیم. سپس از روی حرارت بر می داریم تا کمی خنک شود.",
      "تخم مرغ و نمک را می زنیم و به کره اضافه می کنیم. سپس مایه خمیر عمل آمده را اضافه کرده و مخلوط می کنیم.",
      "آرد الک شده را کم کم اضافه کرده و مخلوط می کنیم. سپس 10 تا 15 دقیقه خمیر را ورز می دهیم. بعد خمیر را داخل ظرفی می گذاریم. روی ظرف را با نایلکس می پوشانیم و روی آن را پارچه می کشیم و 2 ساعت استراحت می دهیم.",
      "سطح کار را آرد پاشی کرده و از خمیر چونه هایی جدا می کنیم و با وردنه نازک می کنیم. سپس تابه ای را گرم کرده و خمیر را در تابه روی حرارت ملایم می گذاریم تا پخته شود. سپس آن را بر می گردانیم تا سمت دیگر هم پخته شود. سپس از تابه بر می داریم و مواد میانی را سریع وسطش می پاشیم و رول می کنیم. سپس با دست روی آن را کمی فشار می دهیم تا صاف شود و در آخر با چاقو به صورت اُریب برش می دهیم."
    ],
    "meal_type": [
      "-"
    ],
    "occasion": "شام",
    "images": {
      "main": "https:\/\/img-global.cpcdn.com\/recipes\/d54f2f37ea64c352\/400x400cq70\/photo.jpg",
      "step1": null,
      "step2": null
    },
    "id": 97,
    "answer2": "Bad",
    "answer": "Bad",
    "annotator": 1,
    "annotation_id": 166,
    "created_at": "2025-04-26T02:39:33.394896Z",
    "updated_at": "2025-04-26T02:39:33.394896Z",
    "lead_time": 20.789
  },
  {
    "title": "کوکو شیر کرمانشاهی🥚🥛🥖🍞",
    "locations": [
      {
        "province": "کرمانشاه",
        "city": "کرمانشاه",
        "latitude": 34.3142,
        "longitude": 47.065
      }
    ],
    "ingredients": [
      {
        "name": "شیر",
        "amount": 1.0,
        "unit": "پیمانه"
      },
      {
        "name": "تخم مرغ",
        "amount": 4.0,
        "unit": "عدد"
      },
      {
        "name": "نمک و زردچوبه",
        "amount": null,
        "unit": null
      },
      {
        "name": "- 4 خوری سر پر آرد",
        "amount": 3.0,
        "unit": "قاشق غذاخوری"
      },
      {
        "name": "روغن سرخ کردنی",
        "amount": null,
        "unit": null
      }
    ],
    "instructions": [
      "کلیه مواد را داخل یک کاسه مخلوط کرده و هم می‌زنیم سپس مقداری از مواد رو به همراه روغن داخل ماهیتابه از قبل گرم شده با شعله کم می‌ریزیم و در ماهیتابه را می‌گذاریم. بعد از اینکه یک طرف آن سرخ شد برگردانده و طرف دیگر را سرخ میکنیم.سپس سرو کرده و نوش جان میکنیم.",
      "دوستان میتونید کنارش همانند دیگر کوکو ها از گوجه فرنگی استفاده کرده و تزیین کرده و نوش جان کنید🙂🥚🥛🥖🍞"
    ],
    "meal_type": [
      "غذای اصلی گیاهی"
    ],
    "occasion": "شام",
    "images": {
      "main": "https:\/\/img-global.cpcdn.com\/recipes\/76eed2ae7443444c\/400x400cq70\/photo.jpg",
      "step1": null,
      "step2": null
    },
    "id": 98,
    "answer2": "Bad",
    "answer": "Bad",
    "annotator": 1,
    "annotation_id": 167,
    "created_at": "2025-04-26T02:39:52.627263Z",
    "updated_at": "2025-04-26T02:39:52.627263Z",
    "lead_time": 13.301
  },
  {
    "title": "کوفته کرمانشاهی",
    "locations": [
      {
        "province": "کرمانشاه",
        "city": "کرمانشاه",
        "latitude": 34.3142,
        "longitude": 47.065
      }
    ],
    "ingredients": [
      {
        "name": "برنج",
        "amount": 2.0,
        "unit": "پیمانه"
      },
      {
        "name": "گوشت چرخ کرده",
        "amount": 200.0,
        "unit": "گرم"
      },
      {
        "name": "پیاز متوسط",
        "amount": 1.0,
        "unit": "عدد"
      },
      {
        "name": "گوجه",
        "amount": 1.0,
        "unit": "عدد"
      },
      {
        "name": "تخم مرغ",
        "amount": 1.0,
        "unit": "عدد"
      },
      {
        "name": "سرکه",
        "amount": 2.0,
        "unit": "قاشق غذاخوری"
      },
      {
        "name": "نعنا خشک",
        "amount": 1.0,
        "unit": "قاشق غذاخوری"
      },
      {
        "name": "خوری شکر",
        "amount": 3.0,
        "unit": "قاشق غذاخوری"
      },
      {
        "name": "نمک",
        "amount": null,
        "unit": null
      },
      {
        "name": "فلفل",
        "amount": null,
        "unit": null
      },
      {
        "name": "زردچوبه",
        "amount": null,
        "unit": null
      },
      {
        "name": "روغن",
        "amount": null,
        "unit": null
      }
    ],
    "instructions": [
      "برنج را در ظرفی با مقداری آب و نمک روی شعله گاز قرار بدهید و بگذارید تا حدودا نیم پز شود.",
      "در ظرف دیگری گوشت چرخ کرده را به همراه یک پیاز که آن را شسته پوست کنده و رنده کرده اید بریزید و با یکدیگر به کمک دست هایتان آن ها را ورز دهید.",
      "بعد از این مرحله برنج های نیم پزتان را به مواد گوشت چرخ کرده وتخم مرغ اضافه کنید و دوباره ورز دهید تا کاملا گوشت کوفته تان حاضر شود.",
      "از مواد کوفته مقداری بردارید و آن را به حالت یک دایره کوفته در بیاورید، بعد از اینکعه تمام مواد گوشتتان تمام شد در قابلمه ای که می خواهید کوفته را بگذارید یک عدد گوجه فرنگی را رنده کنید و آن را سرخ کنید و روی آن کمی آب بریزید سپس به آن سرکه و شکر نعنا خشک را نیز به این ترکیب اضافه کنید.",
      "کوفته ها را درون این ترکیب بگذارید تا بپزند 45 دقیقه زمان برای این کار کافی می باشد."
    ],
    "meal_type": [
      "غذای اصلی گوشتی"
    ],
    "occasion": "شام",
    "images": {
      "main": "https:\/\/img-global.cpcdn.com\/recipes\/2d0b906da8646547\/400x400cq70\/photo.jpg",
      "step1": null,
      "step2": null
    },
    "id": 99,
    "answer": "Bad",
    "answer2": "Bad",
    "annotator": 1,
    "annotation_id": 168,
    "created_at": "2025-04-26T02:40:25.942088Z",
    "updated_at": "2025-04-26T02:40:25.942088Z",
    "lead_time": 30.679
  },
  {
    "title": "✳️ حلوای کرمانشاهی ✳️",
    "locations": [
      {
        "province": "کرمانشاه",
        "city": "کرمانشاه",
        "latitude": 34.3142,
        "longitude": 47.065
      }
    ],
    "ingredients": [
      {
        "name": "آب",
        "amount": 1.0,
        "unit": "لیوان"
      },
      {
        "name": "شکر",
        "amount": 1.0,
        "unit": "لیوان"
      },
      {
        "name": "آرد",
        "amount": 1.0,
        "unit": "لیوان"
      },
      {
        "name": "روغن کرمانشاهی",
        "amount": 1.0,
        "unit": "لیوان"
      },
      {
        "name": "گلاب",
        "amount": 1.0,
        "unit": "قاشق غذاخوری"
      }
    ],
    "instructions": [
      "ابتدا آب وشکر رو روی حرارت قرار میدیم تا وقتی که قوام بیادبعد گلاب رو اضافه می کنیم",
      "روغن رو داخل ظرف ریخته تا به صورت مایع در بیاد",
      "آرد رو کم کم به روغن اضافه میکنیم وهم میزنیم(تا گوله گوله نشه) وقتی به رنگ دلخواهمون رسید یکباره شهد رو اضافه میکنیم (مواظب باشید از شعله فاصله بگیرید که بهتون نپاشه)",
      "من برای تزئین یه مقدار حلوای هویج هم درست کردم دور ظرف تزئین کردم",
      "امیدوارم این حلوای کرمانشاهی رو درست کنید و خوشتون بیاد"
    ],
    "meal_type": [
      "دسر"
    ],
    "occasion": "شام",
    "images": {
      "main": "https:\/\/img-global.cpcdn.com\/recipes\/762e4e4bc6f947b1\/400x400cq70\/photo.jpg",
      "step1": null,
      "step2": null
    },
    "id": 100,
    "answer2": "Good",
    "answer": "Good",
    "annotator": 1,
    "annotation_id": 169,
    "created_at": "2025-04-26T02:40:57.979863Z",
    "updated_at": "2025-04-26T02:40:57.979863Z",
    "lead_time": 30.5
  },
  {
    "title": "کشک بادمجون کرمانشاهی",
    "locations": [
      {
        "province": "کرمانشاه",
        "city": "کرمانشاه",
        "latitude": 34.3142,
        "longitude": 47.065
      }
    ],
    "ingredients": [
      {
        "name": "نخود",
        "amount": 1.0,
        "unit": "پیمانه"
      },
      {
        "name": "عدس آشی",
        "amount": 1.0,
        "unit": "پیمانه"
      },
      {
        "name": "گوشت خورشتی",
        "amount": null,
        "unit": null
      },
      {
        "name": "کشک",
        "amount": 500.0,
        "unit": "گرم"
      },
      {
        "name": "پیاز داغ",
        "amount": null,
        "unit": null
      },
      {
        "name": "سیر داغ",
        "amount": null,
        "unit": null
      },
      {
        "name": "نعنا داغ",
        "amount": null,
        "unit": null
      },
      {
        "name": "گردو برای تزیین",
        "amount": null,
        "unit": null
      },
      {
        "name": "بادمجون سرخ شده",
        "amount": null,
        "unit": null
      }
    ],
    "instructions": [
      "اول از همه نخود و عدس رو یک شب تا صبح بخیسونید",
      "گوشت رو به صورت جدا گونه نیم پز کنید بعد نخود و عدس وپیاز رنده شده یا ریز خرد شده به صورت خام به مواد اضافه کنید نمک زردچوبه فلفل رو اضافه کنید وبزارید کامل بپزه",
      "وقتی که گوشت ونخود کامل پخته شد یک مقدار از آب گوشت رو جدا میکنیم و با کشک مخلوط میکنیم",
      "من از کشک پاستوریزه رامک استفاده کردم ،هرچی کشک بیشتر باشه خوشمزه ترمیشه",
      "بعد که حدود نیم ساعتی مزه کشک با گوشت ونخود وعدس مخلوط شد بادمجون هایی که از قبل سرخ کردیم رو داخل آب گوشت میذاریم ،فقط نباید بادمجون ها خیلی نازک باشن معمولا من بادمجون رو درسته سرخ میکنم و استفاده میکنم",
      "نیم ساعتی مواد رو حرارت میدیم میذاریم با هم بجوشن تا هم بادمجونا طعم بگیرن وهم آب گوشت غلیظ بشه",
      "حالا پیاز داغ وسیر داغ ونعناع داغ وگردو رو برای تزیین سرخ میکنیم ،،،غذامون آمادس",
      "نوش جان"
    ],
    "meal_type": [
      "غذای اصلی گوشتی"
    ],
    "occasion": "شام",
    "images": {
      "main": "https:\/\/img-global.cpcdn.com\/recipes\/d0764342b1342693\/400x400cq70\/photo.jpg",
      "step1": null,
      "step2": null
    },
    "id": 101,
    "answer2": "Good",
    "answer": "Good",
    "annotator": 1,
    "annotation_id": 170,
    "created_at": "2025-04-26T02:41:23.448736Z",
    "updated_at": "2025-04-26T02:41:23.448736Z",
    "lead_time": 19.839
  },
  {
    "title": "گرده کرمانشاهی مادرشوهرم درست کرده",
    "locations": [
      {
        "province": "کرمانشاه",
        "city": "کرمانشاه",
        "latitude": 34.3142,
        "longitude": 47.065
      }
    ],
    "ingredients": [
      {
        "name": "آرد",
        "amount": 1.0,
        "unit": "گرم"
      },
      {
        "name": "روغن حیوانی بستگی به شما زیاد و کمش کنید",
        "amount": 0.5,
        "unit": "لیوان"
      },
      {
        "name": "روغن مایع کم و بیشش با شماست",
        "amount": 1.0,
        "unit": "لیوان"
      },
      {
        "name": "قاشایخوری زردچوبه",
        "amount": 2.0,
        "unit": "قاشق چای‌خوری"
      },
      {
        "name": "قاشایخوری پودر شنبلیله",
        "amount": 1.0,
        "unit": "قاشق چای‌خوری"
      },
      {
        "name": "قاشایخوری پودر رازیانه",
        "amount": 1.0,
        "unit": "قاشق چای‌خوری"
      },
      {
        "name": "قاشایخوری نمک",
        "amount": 1.0,
        "unit": "قاشق چای‌خوری"
      },
      {
        "name": "قاشایخوری خمیرمایه",
        "amount": 4.0,
        "unit": "قاشق چای‌خوری"
      }
    ],
    "instructions": [
      "مرحله اول: خمیرمایه رو به همراه نصف لیوان شیر که به دمای حدود ۴۰ درجه سانتیگراد رسیده داخل لیوان بریزید و حدود ۱۰ تا ۱۵ دقیقه بهش زمان بدید تا خمیرمایه فعالشه و از سالم بودنش مطمئن بشید.",
      "مرحله دوم: در این مرحله به ظرف بزرگ انتخاب کنید و آرد رو به همراه زردچوبه، پودر شنبلیله،پودر رازیانه، و نمک داخل ظرف بریزید و آرد رو خوب با ادویه ها مخلوط کنید. در ادامه خمیرمایه رو به مواد اضافه کنید و مواد رو هم بزنید.",
      "مرحله سوم: روغن حیوانی رو روی حرارت بذارید و وقتی ذوب و داغ شد، کم کم به آرد اضافه کنید و با قاشق مواد رو سریع هم بزنید.",
      "مرحله چهارم: در این مرحله شیر و شکر رو داخل یک قابلمه بریزید و روی حرارت بذارید تا شکر به طور کامل داخل شیر حلشه. در ادامه شیر رو کم کم و در چند مرحله به آرد اضافه کنید و با قاشق هم بزنید.",
      "مرحله پنجم: در این مرحله قاشق رو کنار بذارید و خمیر رو با دست ورز بدید. سپس روغن مایع رو کم کم به خمیر اضافه کنید و خوب ورز بدید. حدود ۵ تا ۱۰ دقیقه خمیر رو ورز بدید.",
      "مرحله ششم: در این مرحله خمیر رو داخل ظرفی که کمی چرب شده بذارید، روشو بپوشونید و حداقل یک ساعت به خمیر استراحت بدید تا حجمش ۲ برابرشه.",
      "مرحله هفتم: خمیر رو که استراحت کرده و عمل اومده از طرف بیرون بیارید. پف خمیر رو بگیرید و به اندازه پرتقال کوچیک چونه بگیرید. خمیر رو با استفاده از وردنه باز کنید. میتونید روی خمیر طرح دلخواهتون رو هم بندازید.",
      "مرحله هشتم: برای پخت گرده خمیر رو روی ساج داغ بذارید. دقت کنید که گرده نسوزه. وقتی یک طرف گرده پخت برگردونید تا طرف دیگش هم بپزه. اگه ساج ندارید میتونید گرده رو روی اجاق گاز هم بپزید. برای پخت گرده روی گاز یک ماهیتابه روحی رو به صورت برعکس روی گاز بذارید. و وقتی داغ شد روشو چرب کنید و گرده ها رو روش بپزید.",
      "برای پخت گرده کرمانشاهی داخل فر هم میتونید فر رو از قبل گرم کنید و گرده ها رو روی سینی فر که چرب شده بچینید و داخل فر با دمای ۱۸۰ درجه سانتیگراد بذارید. وقتی که روی نون ها طلایی شد. گرده کرمانشاهی آماده است.",
      "نوش جونتون 💕🤩🌹💝"
    ],
    "meal_type": [
      "دسر"
    ],
    "occasion": "شام",
    "images": {
      "main": "https:\/\/img-global.cpcdn.com\/recipes\/4ea12c4d31dac569\/400x400cq70\/photo.jpg",
      "step1": null,
      "step2": null
    },
    "id": 102,
    "answer2": "Bad",
    "answer": "Bad",
    "annotator": 1,
    "annotation_id": 171,
    "created_at": "2025-04-26T02:41:29.918089Z",
    "updated_at": "2025-04-26T02:41:29.918089Z",
    "lead_time": 5.222
  },
  {
    "title": "شامی کباب کرمانشاهی با سالاد شیرازی 😍😍😋😋😋😋😝",
    "locations": [
      {
        "province": "کرمانشاه",
        "city": "کرمانشاه",
        "latitude": 34.3142,
        "longitude": 47.065
      }
    ],
    "ingredients": [
      {
        "name": "سیب زمینی پخته بزرگ",
        "amount": 2.0,
        "unit": "عدد"
      },
      {
        "name": "تخم مرغ",
        "amount": 1.0,
        "unit": "عدد"
      },
      {
        "name": "گوشت چرخ کرده",
        "amount": 100.0,
        "unit": "گرم"
      },
      {
        "name": "سر پر آرد نخود",
        "amount": 2.0,
        "unit": "ق غ"
      },
      {
        "name": "اذبوبه یا آویشن",
        "amount": 1.0,
        "unit": "ق غ"
      },
      {
        "name": "نمک و زردچوبه",
        "amount": null,
        "unit": null
      }
    ],
    "instructions": [
      "سیب زمینی را پخته و پوره کرده سپس همه مواد را با هم میکس می کنیم و خوب ورز میدیم \r\nگلوله کوچک از مواد برداشته و کف دست را خیس می کنیم و مواد را کف دست شکل میدیم و در روغن سرخ می کنیم.\r\nتوصیه می کنم با سالاد شیرازی که نعناع فراوان داره سرو کنید 😋😋"
    ],
    "meal_type": [
      "غذای اصلی گوشتی"
    ],
    "occasion": "شام",
    "images": {
      "main": "https:\/\/img-global.cpcdn.com\/recipes\/1de88dba66075264\/400x400cq70\/photo.jpg",
      "step1": null,
      "step2": null
    },
    "id": 103,
    "answer2": "Bad",
    "answer": "Bad",
    "annotator": 1,
    "annotation_id": 172,
    "created_at": "2025-04-26T02:41:37.072066Z",
    "updated_at": "2025-04-26T02:41:37.072066Z",
    "lead_time": 5.242
  }
]