[
  {
    "title": "آبگوشت باغی با گوشت گوسفند و عناب",
    "location": {
      "province": "کرمانشاه",
      "city": "کرمانشاه",
      "coordinates": {
        "latitude": 34.3142,
        "longitude": 47.065
      }
    },
    "ingredients": [
      {
        "name": "گوشت گوسفند با استخوان و دنبه",
        "amount": 350.0,
        "unit": "گرم"
      },
      {
        "name": "نخود آبگوشتی",
        "amount": 50.0,
        "unit": "گرم"
      },
      {
        "name": "لوبیا سفید",
        "amount": 30.0,
        "unit": "گرم"
      },
      {
        "name": "گندم کامل",
        "amount": 10.0,
        "unit": "گرم"
      },
      {
        "name": "سیب زمینی متوسط",
        "amount": 2.0,
        "unit": "عدد"
      },
      {
        "name": "پیاز",
        "amount": 1.0,
        "unit": "عدد"
      },
      {
        "name": "عناب",
        "amount": 10.0,
        "unit": "عدد"
      },
      {
        "name": "رب گوجه فرنگی",
        "amount": 1.0,
        "unit": "ق غ"
      },
      {
        "name": "ادویه مخلوط",
        "amount": 1.0,
        "unit": "ق چ"
      },
      {
        "name": "نمک",
        "amount": 3.0,
        "unit": "ق چ"
      },
      {
        "name": "لیمو عمانی",
        "amount": 1.0,
        "unit": "عدد"
      }
    ],
    "instructions": [
      "به نام خدا\nگوشت رو با پیاز و مقدار لازم آب و حبوبات که از شب قبل خیس کردیم و عنابها روی حرارت می‌گذلریم تا بپزن.",
      "اوسط پخت نمک میزنیم و دو ساعت که از پخت گذشت ادویه و رب و سیب زمینی و لیمو رو میریزیم. دنبه رو هم با پیازی که داخلش ریخته بودم می‌کوبیم و دوباره داخل آبگوشت میریزیم و حدود یک و نیم ساعت دیگه میذاریم بجوشه تا جا بیافته."
    ],
    "meal_type": [
      "غذای اصلی گوشتی"
    ],
    "occasion": "شام"
  },
  {
    "title": "آش ترخینه",
    "location": {
      "province": "کرمانشاه",
      "city": "کرمانشاه",
      "coordinates": {
        "latitude": 34.3142,
        "longitude": 47.065
      }
    },
    "ingredients": [
      {
        "name": "قرص ترخینه",
        "amount": 3.0,
        "unit": "عدد"
      },
      {
        "name": "عدس",
        "amount": 1.0,
        "unit": "پیمانه"
      },
      {
        "name": "لوبیا چیتی یا قرمز",
        "amount": 0.5,
        "unit": "پیمانه"
      },
      {
        "name": "پیاز متوسط",
        "amount": 5.0,
        "unit": "عدد"
      },
      {
        "name": "نعناع خشک",
        "amount": 4.0,
        "unit": "قاشق غذاخوری"
      },
      {
        "name": "سبزی آش تازه",
        "amount": 1.0,
        "unit": "پیمانه"
      },
      {
        "name": "زردچوبه. فلفل سیاه و فلفل قرمز ونمک",
        "amount": null,
        "unit": null
      },
      {
        "name": "دوغ تُرش",
        "amount": null,
        "unit": null
      }
    ],
    "instructions": [
      "ابتدا ترخینه را با آب داغ خیس کردم\nلوبیا و عدس خیسانده شده را از قبل گذاشتم بپزند\nپیاز داغ و نعناع داغ درست کردم",
      "۸آب ترخینه را خالی کردم و دوباره روی آن حدودا\" ۳ لیوان دوغ ریختم بعد گذاشتم بپزد. کمی بعد سبزی را اضافه کردم.",
      "در اواخر پخت پیاز داغ و نعناع داغ و ادویه های سرخ شده و عدس و لوبیای پخته شده را هم اضافه کردم و گذاشتم جا بیفتد.نمک را در آخر تست کنید."
    ],
    "meal_type": [
      "آش و سوپ"
    ],
    "occasion": "شام"
  },
  {
    "title": "آش ماست کرمانشاهی😋",
    "location": {
      "province": "کرمانشاه",
      "city": "کرمانشاه",
      "coordinates": {
        "latitude": 34.3142,
        "longitude": 47.065
      }
    },
    "ingredients": [
      {
        "name": "سبزی آش",
        "amount": 250.0,
        "unit": "گرم"
      },
      {
        "name": "برنج",
        "amount": 1.0,
        "unit": "پیمانه"
      },
      {
        "name": "لپه",
        "amount": 4.0,
        "unit": "لیوان"
      },
      {
        "name": "دوغ غلیظ و ترش محلی",
        "amount": 1.0,
        "unit": "لیتر"
      },
      {
        "name": "پیاز",
        "amount": 1.0,
        "unit": "عدد"
      },
      {
        "name": "نعناع",
        "amount": 1.0,
        "unit": "قاشق غذاخوری"
      },
      {
        "name": "سیر",
        "amount": 10.0,
        "unit": "حبه"
      },
      {
        "name": "نمک",
        "amount": null,
        "unit": null
      },
      {
        "name": "فلفل سیاه",
        "amount": null,
        "unit": null
      },
      {
        "name": "زردچوبه",
        "amount": null,
        "unit": null
      },
      {
        "name": "پیاز داغ برای تزئین",
        "amount": null,
        "unit": null
      }
    ],
    "instructions": [
      "لپه را چند ساعتی خیس کردم بعد گذاشتم تا نیم پز شود.\r\nبعد سبزی و برنج از قبل خیس شده را هم اضافه کردم و گذاشتم تا بپزد.",
      "پیاز را ریز خرد کردم و در کمی روغن تفت دادم وقتی سرخ شد زردچوبه و نعناع و سیر رنده شده را هم اضافه کردم و کمی تفت دادم و بعد به آش اضافه کردم.",
      "وقتی برنج و لپه خوب پخت و آب آش کم شد ، دوغ را کم کم به آش اضافه کردم و مدام هم زدم تا آش به جوش بیاید.\r\n(اگر هم نزنیم دوغ میبُرد)",
      "بعد از جوش آمدن دوغ ، زمان دادم تا دوغ بجوشد و به غلظت کافی برسد و جا بیفتد.",
      "بعد در ظرف کشیدم و با پیاز داغ تزئین کردم.\r\nآش فوق‌العاده خوشمزه ما آماده شد 😋",
      "سوپ ماست ترکیه"
    ],
    "meal_type": [
      "آش و سوپ"
    ],
    "occasion": "شام"
  },
  {
    "title": "آش محلی سورانه (یاساقه سرخ)",
    "location": {
      "province": "کرمانشاه",
      "city": "کرمانشاه",
      "coordinates": {
        "latitude": 34.3142,
        "longitude": 47.065
      }
    },
    "ingredients": [
      {
        "name": "بسته سبزی سورانه",
        "amount": null,
        "unit": null
      },
      {
        "name": "برنج",
        "amount": null,
        "unit": null
      },
      {
        "name": "پیاز متوسط",
        "amount": 1.0,
        "unit": "عدد"
      },
      {
        "name": "نمک",
        "amount": null,
        "unit": null
      },
      {
        "name": "فلفل سیاه",
        "amount": null,
        "unit": null
      },
      {
        "name": "زردچوبه",
        "amount": null,
        "unit": null
      },
      {
        "name": "روغن برای تفت پیاز",
        "amount": null,
        "unit": null
      }
    ],
    "instructions": [
      "ابتدا مقدار برنج را میخیسانیم وکنار میگذاریم.",
      "بعد پیاز را تفت میدیم زردچوبه وفلفل رو اضافه میکنیم.",
      "سبزی که در بهار فریز کردیم. را ازف ریزر درمیارم که یخش آب بشه به پیازداغ اضافه میکنیم.",
      "بعد از کمی تفت دادن نمک وبرنج خیسانده را اضافه میکنیم.",
      "درب قابلمه میگذاریم تا آش جابیفته.",
      "خیلی خوشمزه و طبع این آش گرم هستش ومخصوص فصل زمستان وصدالبته درمان سرما خوردگی."
    ],
    "meal_type": [
      "آش و سوپ"
    ],
    "occasion": "شام"
  },
  {
    "title": "آش عباسعلی کرمانشاه😋",
    "location": {
      "province": "کرمانشاه",
      "city": "کرمانشاه",
      "coordinates": {
        "latitude": 34.3142,
        "longitude": 47.065
      }
    },
    "ingredients": [
      {
        "name": "گندم پوست کنده",
        "amount": 5.0,
        "unit": "پیمانه"
      },
      {
        "name": "گوشت دنده گوسفند",
        "amount": 300.0,
        "unit": "گرم"
      },
      {
        "name": "عدس ریز",
        "amount": 2.0,
        "unit": "پیمانه"
      },
      {
        "name": "لوبیا چیتی",
        "amount": 2.0,
        "unit": "پیمانه"
      },
      {
        "name": "نخود",
        "amount": 2.0,
        "unit": "پیمانه"
      },
      {
        "name": "لوبیا سفید",
        "amount": 2.0,
        "unit": "پیمانه"
      },
      {
        "name": "برنج",
        "amount": 2.0,
        "unit": "پیمانه"
      },
      {
        "name": "پیاز",
        "amount": 3.0,
        "unit": "عدد"
      },
      {
        "name": "سیر",
        "amount": 5.0,
        "unit": "حبه"
      },
      {
        "name": "نمک",
        "amount": null,
        "unit": null
      },
      {
        "name": "فلفل سیاه و قرمز",
        "amount": null,
        "unit": null
      },
      {
        "name": "زردچوبه",
        "amount": null,
        "unit": null
      },
      {
        "name": "نعناع داغ",
        "amount": null,
        "unit": null
      },
      {
        "name": "سیر داغ",
        "amount": null,
        "unit": null
      },
      {
        "name": "پیاز داغ",
        "amount": null,
        "unit": null
      }
    ],
    "instructions": [
      "گوشت را با پیاز خرد شده و سیر و نمک و زردچوبه و فلفل و ۳ لیوان آب گذاشتم تا کامل بپزد وگوشت از استخوان جدا شود. \nبعد از پخت کامل ، گوشت را ریش ریش کردم.",
      "حبوبات را ۲۴ ساعت خیس کردم و در این مدت چند بار آبش را عوض کردم.\nبعد گذاشتم تا بپزد. عدس را جداگانه پختم.",
      "گندم را هم ۲۴ ساعت خیس کردم بعد با آب فراوان گذاشتم تا بپزد در حدی که شکفته شود.",
      "برنج را هم با آب زیاد گذاشتم بپزد تا کامل له شود و آب برنج تقریبا تمام شود.",
      "پیاز را خیلی ریز خرد کردم و تفت دادم وقتی سرخ شد زردچوبه و فلفل سیاه و قرمز زدم.\n(هرچی تندتر لذیذتر میشه این آش)",
      "تمام مواد آش را باهم مخلوط کردم و آب گوشت را صاف کردم و داخل آش ریختم. پیاز داغ را هم ریختم و خوب با گوشتکوب مواد را کوبیدم تا له شود.",
      "بعد روی حرارت کم گذاشتم تا آش جا بیفتد.\nدر آخر هم یک قاشق روغن کرمانشاهی ریختم.",
      "آش که جا افتاد و کشدار شد در ظرف کشیدم و با نعناع داغ و سیر داغ و پیاز داغ تزئین کردم.\nآش فوق‌العاده خوشمزه ما آماده شد. 😋",
      "نوووووش جاااان 👌👌👌"
    ],
    "meal_type": [
      "آش و سوپ"
    ],
    "occasion": "شام"
  },
  {
    "title": "خورشت خلال بادام کرمانشاه",
    "location": {
      "province": "کرمانشاه",
      "city": "کرمانشاه",
      "coordinates": {
        "latitude": 34.3142,
        "longitude": 47.065
      }
    },
    "ingredients": [
      {
        "name": "خلال بادام درختی",
        "amount": 250.0,
        "unit": "گرم"
      },
      {
        "name": "گوشت گوساله ریز خرد شده",
        "amount": 500.0,
        "unit": "گرم"
      },
      {
        "name": "زرشک سیاه",
        "amount": 2.0,
        "unit": "ق غ"
      },
      {
        "name": "روغن کرمانشاهی",
        "amount": 1.0,
        "unit": "ق غ"
      },
      {
        "name": "گلاب",
        "amount": 1.0,
        "unit": "استکان"
      },
      {
        "name": "زعفران دم کرده",
        "amount": 1.0,
        "unit": "ق غ"
      },
      {
        "name": "رب گوجه فرنگی",
        "amount": 2.0,
        "unit": "ق غ"
      },
      {
        "name": "چوب دارچین",
        "amount": 1.0,
        "unit": "تکه"
      },
      {
        "name": "نمک و زردچوبه",
        "amount": null,
        "unit": null
      },
      {
        "name": "پیاز متوسط",
        "amount": 1.0,
        "unit": "عدد"
      }
    ],
    "instructions": [
      "خلال بادام را از حدود نیم ساعت قبل، داخل گلاب خیس کنید.",
      "پیاز را خرد کرده در روغن تفت داده، زردچوبه بزنید، گوشت را اضافه کرده تفت دهید.",
      "مقداری آب ولرم اضافه کنید، سپس خلال بادام به همراه زعفران و چوب دارچین را اضافه کنید و اجازه دهید برای حدود ۲ ساعت بپزد.",
      "چند عدد لیمو عمانی یا در صورت تمایل، حدود نصف ق چ گرد لیمو اضافه کرده حدود یک ساعت و نیم دیگر بپزد.",
      "رب گوجه فرنگی را جداگانه داخل روغن تفت داده به خورشت اضافه کنید، یک ربع دیگر بپزد.",
      "زرشک را پاک کرده، شسته، جداگانه داخل روغن، کمی تفت داده و همراه نمک و روغن کرمانشاهی به غذا اضافه کنید و یک ربع بعد، این غذای لذیذ آماده است. همراه پلو سرو کنید. نوش جان"
    ],
    "meal_type": [
      "غذای اصلی گوشتی"
    ],
    "occasion": "ناهار"
  },
  {
    "title": "سیب‌پلو با قارچ",
    "location": {
      "province": "کرمانشاه",
      "city": "کرمانشاه",
      "coordinates": {
        "latitude": 34.3142,
        "longitude": 47.065
      }
    },
    "ingredients": [
      {
        "name": "سینه مرغ پخته",
        "amount": 1.0,
        "unit": "عدد"
      },
      {
        "name": "پیاز بزرگ",
        "amount": 1.0,
        "unit": "عدد"
      },
      {
        "name": "سیب زمینی",
        "amount": 2.0,
        "unit": "عدد"
      },
      {
        "name": "قارچ",
        "amount": 7.0,
        "unit": "عدد"
      },
      {
        "name": "برنج",
        "amount": 2.0,
        "unit": "پیمانه"
      },
      {
        "name": "زعفران دم کرده",
        "amount": null,
        "unit": null
      },
      {
        "name": "نمک",
        "amount": null,
        "unit": null
      },
      {
        "name": "فلفل و زردچوبه",
        "amount": null,
        "unit": null
      },
      {
        "name": "شوید خشک",
        "amount": 2.0,
        "unit": "ق غ"
      }
    ],
    "instructions": [
      "ابتدا پیاز را نگینی خرد کرده سرخ کنید. بعد مرغ پخته خرد شده و قارچ و ادویه ها را اضافه کرده کاملا تفت دهید. سیب زمینی ها رو هم جدا نگینی خرد کرده و سرخ کنید و به مخلوط اضافه کنید. برنج را آبکش کرده و مواد و شوید را لابه‌لای برنج ریخته و زعفران غلیظ شده را روی پلو ریخته و به مدت ۴۵ دقیقه دم کنید. من بعد از دم کشیدن مقداری روغن حیوانی رو اضافه کردم. می‌تونید یا روغن یا کره را آب کرده و روی پلو بریزید."
    ],
    "meal_type": [
      "غذای اصلی برنجی"
    ],
    "occasion": "ناهار"
  },
  {
    "title": "🎀شیر برنج",
    "location": {
      "province": "کرمانشاه",
      "city": "کرمانشاه",
      "coordinates": {
        "latitude": 34.3142,
        "longitude": 47.065
      }
    },
    "ingredients": [
      {
        "name": "برنج ایرانی",
        "amount": 5.0,
        "unit": "لیوان"
      },
      {
        "name": "شیر طبیعی",
        "amount": 5.0,
        "unit": "لیوان"
      },
      {
        "name": "گلاب",
        "amount": 2.0,
        "unit": "ق غ"
      },
      {
        "name": "نوک پودر هل و نمک",
        "amount": null,
        "unit": "قاشق چای‌خوری"
      }
    ],
    "instructions": [
      "👈برنج رو با آب شسته به مدت چند ساعت خیس کنید.بعد با دو لیوان آب ،برنج را با حرارت ملایم بپزید ، وقتی برنج نيم پز شد.کم کم شیر را اضافه کنید تا با حرارت ملایم مغز پخت شود برنج را زیاد له نکنید و در آخر پخت پودر هل و نمک و گلاب رو اضافه کنید چند جوش زد زیر حرارت را خاموش کنید.",
      "👈حالا به ظرف سرو کشیده با سليقه خود تزیین کرده، با شیره انگور و یا مربای گل محمدی نووووش جااااان کنید. ⚘️تقدیم به نگاه زیبایتون ⚘️"
    ],
    "meal_type": [
      "غذای اصلی برنجی"
    ],
    "occasion": "ناهار"
  },
  {
    "title": "نان روغنی اصل کرمانشاه",
    "location": {
      "province": "کرمانشاه",
      "city": "کرمانشاه",
      "coordinates": {
        "latitude": 34.3142,
        "longitude": 47.065
      }
    },
    "ingredients": [
      {
        "name": "آرد سفید",
        "amount": 400.0,
        "unit": "گرم"
      },
      {
        "name": "روغن کرمانشاهی",
        "amount": 150.0,
        "unit": "گرم"
      },
      {
        "name": "آب یخ",
        "amount": 100.0,
        "unit": "گرم"
      },
      {
        "name": "شکر",
        "amount": 50.0,
        "unit": "گرم"
      }
    ],
    "instructions": [
      "روغن را از قبل در دمای محیط قرار میدیم تا نرم شود.\n\nشکر را در آب یخ حل میکنیم.",
      "آرد و روغن را به آب یخ و شکر اضافه میکنیم و هم میزنیم.",
      "مرحله مهم اینه که خمیر باید ۲۰ دقیقه ورز داده بشه و کاملا لطیف باشه.",
      "خمیر را داخل سینی فر به ضخامت یک سانتی متر پهن کنین.\nروش با چنگال سوراخ کنید.\n در دمای ۱۸۰ درجه به مدت حدودا ۴۰ دقیقه قرار بدین تا برشته بشه.",
      "✅اگر روغن کرمانشاهی در دسترس ندارید، میشه روغن جامد را جایگزین کنید. ولی دیگه توقع عطر و خوشمزگی ورژن اصلی را نداشته باشید.",
      "✅این نان روغنی، سنتی کرمانشاه هست و تفاوتش با نان روغنی های دیگه در خشک و ترد بودنش هست. پس وقتی بعد از پخت، خشک و شکننده شد، فکر نکنین خراب شده، بلکه دقیقا باید همینطور باشه"
    ],
    "meal_type": [
      "نان و شیرینی"
    ],
    "occasion": "شام"
  },
  {
    "title": "کاچی (قیماق کرمانشاهی) با آرد گندم",
    "location": {
      "province": "کرمانشاه",
      "city": "کرمانشاه",
      "coordinates": {
        "latitude": 34.3142,
        "longitude": 47.065
      }
    },
    "ingredients": [
      {
        "name": "آرد گندم",
        "amount": 8.0,
        "unit": "قاشق غذاخوری"
      },
      {
        "name": "روغن حیوانی کرمانشاهی",
        "amount": 1.0,
        "unit": "پیمانه"
      },
      {
        "name": "آب جوش",
        "amount": 1.0,
        "unit": "لیتر"
      },
      {
        "name": "پودر رازیانه",
        "amount": null,
        "unit": null
      },
      {
        "name": "شکر یا نبات",
        "amount": null,
        "unit": null
      },
      {
        "name": "زنجبیل",
        "amount": null,
        "unit": null
      }
    ],
    "instructions": [
      "۸ابتدا روغن رو داخل تابه میریزیم تابه رو روی حرارت میذاریم تا روغن داغ بشه.",
      "سپس آرد الک شده رو اضافه میکنیم و با روغن با حرارت ملایم تفت میدیم آرد باید کاملا سرخ بشه و تغییر رنگ بده و طلایی بشه.سعی کنید با حرارت ملایم و با حوصله این کارو انجام بدید.",
      "بعد از اینکه آرد سرخ شد و طلایی شد آب جوش رو اضافه میکنیم خوب هم میزنیم تا صاف و یکدست بشه گلوله داخل کاچی نباشه.",
      "بعد حرارت رو کم میکنیم تا روغن پس بده و جا بیافته در آخر داخل کاسه سرو میکنیم با شکر یا و پودر رازیانه یا زنجبیل میل میکنیم.",
      "من برای مهمونا فقط شکر ریختم و کنارش پودر رازیانه و زنجبیل گذاشتم که هرکی دوست داشت به دلخواه اضافه کنه ،نوشجان"
    ],
    "meal_type": [
      "دسر"
    ],
    "occasion": "شام"
  },
  {
    "title": "خرما وروین(خرما با روغن حیوانی اصل کرمانشاه)",
    "location": {
      "province": "کرمانشاه",
      "city": "کرمانشاه",
      "coordinates": {
        "latitude": 34.3142,
        "longitude": 47.065
      }
    },
    "ingredients": [
      {
        "name": "خرما هسته گرفته",
        "amount": 400.0,
        "unit": "گرم"
      },
      {
        "name": "قاشق پر روغن حیوانی یا کره اصل",
        "amount": 4.0,
        "unit": null
      },
      {
        "name": "پودر کشک",
        "amount": 200.0,
        "unit": "گرم"
      },
      {
        "name": "گردو و کنجد از هر کدام",
        "amount": null,
        "unit": null
      }
    ],
    "instructions": [
      "خرمای هسته گرفته رو با روغن و پودر کشک را خوب هم می‌زنیم تا خرما نرم شود",
      "باید مواظب باشیم خرما و پودر کشک نسوزه ،وقتی خرما خوب نرم شده گردو و کنجد را مخلوط میکنیم تا یکدست شود.",
      "این دسر به عنوان وعده کامل است و پر انرژی برای روزهای پر مشغله ،درست کنید و لذت ببرید،نوش جون"
    ],
    "meal_type": [
      "-"
    ],
    "occasion": "شام"
  },
  {
    "title": "دنده پلو کرمانشاهی",
    "location": {
      "province": "کرمانشاه",
      "city": "کرمانشاه",
      "coordinates": {
        "latitude": 34.3142,
        "longitude": 47.065
      }
    },
    "ingredients": [
      {
        "name": "دنده گوسفندی",
        "amount": 1.0,
        "unit": "کیلو"
      },
      {
        "name": "برنج",
        "amount": 6.0,
        "unit": "پیمانه"
      },
      {
        "name": "پیاز داغ",
        "amount": 3.0,
        "unit": "قاشق سوپخوری"
      },
      {
        "name": "زیره سائیده شده",
        "amount": 2.0,
        "unit": "قاشق سوپخوری"
      },
      {
        "name": "دارچین",
        "amount": 1.0,
        "unit": "قاشق سوپخوری"
      },
      {
        "name": "نمک",
        "amount": null,
        "unit": null
      },
      {
        "name": "فلفل",
        "amount": null,
        "unit": null
      },
      {
        "name": "زردچوبه و روغن بمیزان لازم",
        "amount": null,
        "unit": null
      },
      {
        "name": "سبزی پلویی بمیزان لازم",
        "amount": null,
        "unit": null
      }
    ],
    "instructions": [
      "دنده را با پیاز،زعفران،سیر و نمک و‌فلفل مرینت کنید و یک شب در یخچال بگذارید.",
      "پیاز را تفت داده،زردچوبه،فلفل بزنید وقتی سبک شد سبزی را اضافه کنید فقط کمی تفت بخورد اما تغییر رنگ ندهد.سپس برنج شسته شده با آب و نمک کافی اضافه شود.برنج باید زنده باشد پس آب کم بریزید.",
      "وقتی آب برنج کشیده شد،در طرف روغن داغ کنید.دنده ها را از سمت چربی در کف قابلمه چیده،برنج را روی آن بریزید و‌لابلای آن زیره و دارچین بزنید.بمدت دو ساعت با شعله ملایم بپزید."
    ],
    "meal_type": [
      "غذای اصلی برنجی"
    ],
    "occasion": "ناهار"
  },
  {
    "title": "نان خرمایی کرمانشاهی❤",
    "location": {
      "province": "کرمانشاه",
      "city": "کرمانشاه",
      "coordinates": {
        "latitude": 34.3142,
        "longitude": 47.065
      }
    },
    "ingredients": [
      {
        "name": "کره",
        "amount": 100.0,
        "unit": "گرم"
      },
      {
        "name": "پودر قند",
        "amount": 4.0,
        "unit": "ق غ"
      },
      {
        "name": "پنیر خامه ای",
        "amount": 2.0,
        "unit": "ق غ"
      },
      {
        "name": "بکینگ پودر",
        "amount": 1.0,
        "unit": "ق چ"
      },
      {
        "name": "آرد",
        "amount": 3.0,
        "unit": "لیوان"
      },
      {
        "name": "خرما بدون هسته",
        "amount": 300.0,
        "unit": "گرم"
      },
      {
        "name": "زنجبیل گلاب و دارچین",
        "amount": null,
        "unit": null
      }
    ],
    "instructions": [
      "همه مواد خمیر رو با هم مخلوط میکنیم",
      "زیاد ورز نمیدیم که به روغن بیافته",
      "موادمیانی رو خوب مخلوط میکنیم",
      "از خمیر اندازه گردو برمیداریم و وسطش رو از مواد خرمایی میذاریم",
      "نهایتا در فراز قبل گرم شده قرار میدیم",
      "نوش جان"
    ],
    "meal_type": [
      "نان و شیرینی"
    ],
    "occasion": "شام"
  },
  {
    "title": "✳️ حلوای کرمانشاهی ✳️",
    "location": {
      "province": "کرمانشاه",
      "city": "کرمانشاه",
      "coordinates": {
        "latitude": 34.3142,
        "longitude": 47.065
      }
    },
    "ingredients": [
      {
        "name": "آب",
        "amount": 1.0,
        "unit": "لیوان"
      },
      {
        "name": "شکر",
        "amount": 1.0,
        "unit": "لیوان"
      },
      {
        "name": "آرد",
        "amount": 1.0,
        "unit": "لیوان"
      },
      {
        "name": "روغن کرمانشاهی",
        "amount": 1.0,
        "unit": "لیوان"
      },
      {
        "name": "گلاب",
        "amount": 1.0,
        "unit": "قاشق غذاخوری"
      }
    ],
    "instructions": [
      "ابتدا آب وشکر رو روی حرارت قرار میدیم تا وقتی که قوام بیادبعد گلاب رو اضافه می کنیم",
      "روغن رو داخل ظرف ریخته تا به صورت مایع در بیاد",
      "آرد رو کم کم به روغن اضافه میکنیم وهم میزنیم(تا گوله گوله نشه) وقتی به رنگ دلخواهمون رسید یکباره شهد رو اضافه میکنیم (مواظب باشید از شعله فاصله بگیرید که بهتون نپاشه)",
      "من برای تزئین یه مقدار حلوای هویج هم درست کردم دور ظرف تزئین کردم",
      "امیدوارم این حلوای کرمانشاهی رو درست کنید و خوشتون بیاد"
    ],
    "meal_type": [
      "دسر"
    ],
    "occasion": "شام"
  },
  {
    "title": "کشک بادمجون کرمانشاهی",
    "location": {
      "province": "کرمانشاه",
      "city": "کرمانشاه",
      "coordinates": {
        "latitude": 34.3142,
        "longitude": 47.065
      }
    },
    "ingredients": [
      {
        "name": "نخود",
        "amount": 1.0,
        "unit": "پیمانه"
      },
      {
        "name": "عدس آشی",
        "amount": 1.0,
        "unit": "پیمانه"
      },
      {
        "name": "گوشت خورشتی",
        "amount": null,
        "unit": null
      },
      {
        "name": "کشک",
        "amount": 500.0,
        "unit": "گرم"
      },
      {
        "name": "پیاز داغ",
        "amount": null,
        "unit": null
      },
      {
        "name": "سیر داغ",
        "amount": null,
        "unit": null
      },
      {
        "name": "نعنا داغ",
        "amount": null,
        "unit": null
      },
      {
        "name": "گردو برای تزیین",
        "amount": null,
        "unit": null
      },
      {
        "name": "بادمجون سرخ شده",
        "amount": null,
        "unit": null
      }
    ],
    "instructions": [
      "اول از همه نخود و عدس رو یک شب تا صبح بخیسونید",
      "گوشت رو به صورت جدا گونه نیم پز کنید بعد نخود و عدس وپیاز رنده شده یا ریز خرد شده به صورت خام به مواد اضافه کنید نمک زردچوبه فلفل رو اضافه کنید وبزارید کامل بپزه",
      "وقتی که گوشت ونخود کامل پخته شد یک مقدار از آب گوشت رو جدا میکنیم و با کشک مخلوط میکنیم",
      "من از کشک پاستوریزه رامک استفاده کردم ،هرچی کشک بیشتر باشه خوشمزه ترمیشه",
      "بعد که حدود نیم ساعتی مزه کشک با گوشت ونخود وعدس مخلوط شد بادمجون هایی که از قبل سرخ کردیم رو داخل آب گوشت میذاریم ،فقط نباید بادمجون ها خیلی نازک باشن معمولا من بادمجون رو درسته سرخ میکنم و استفاده میکنم",
      "نیم ساعتی مواد رو حرارت میدیم میذاریم با هم بجوشن تا هم بادمجونا طعم بگیرن وهم آب گوشت غلیظ بشه",
      "حالا پیاز داغ وسیر داغ ونعناع داغ وگردو رو برای تزیین سرخ میکنیم ،،،غذامون آمادس",
      "نوش جان"
    ],
    "meal_type": [
      "غذای اصلی گوشتی"
    ],
    "occasion": "شام"
  }
]