[
  {
    "title": "آش خیار چنبر",
    "location": {
      "province": "مرکزی",
      "city": "اراک",
      "coordinates": {
        "latitude": 34.0917,
        "longitude": 49.6892
      }
    },
    "ingredients": [
      {
        "name": "گوشت گوسفندی به اندازه دلخواه",
        "amount": null,
        "unit": null
      },
      {
        "name": "لپه",
        "amount": 2.0,
        "unit": "لیوان"
      },
      {
        "name": "عدس",
        "amount": 2.0,
        "unit": "لیوان"
      },
      {
        "name": "کشک غلیظ",
        "amount": 1.0,
        "unit": "لیوان"
      },
      {
        "name": "بوته کوچک سیر",
        "amount": null,
        "unit": null
      },
      {
        "name": "نمک فلفل قرمز زردچوبه",
        "amount": null,
        "unit": null
      },
      {
        "name": "دارچین",
        "amount": "کمی",
        "unit": null
      }
    ],
    "instructions": [
      "حبوبات رو از قبل خیس میکنیم،و با گوشت و سیر و یه پیاز درسته و ادویه ها به جز نمک میذاریم بپزه،خیار چنبر رو خرد کرده و دونه هاشو در میاریم و با مقدار کمی روغن و زردچوبه تفت میدیم، در ظرف رو میذاریم تا با حرارت کم مقداری نرم شه،نباید له بشه. \nبعد که گوشت پخت سیر و پیاز رو بیرون میاریم و له میکنیم،استخوان های گوشت رو هم جدا میکنیم و همراه خیار به آش اضافه میکنیم.\nبعد کشک رو کمی رقیق کرده و کم کم به آش اضافه میکنیم",
      "دو تا پیاز دیگه رو خلالی خرد کرده و سرخ میکنیم مقداری رو به آش اضافه میکنیم ،بعد که آش جا افتاد شعله رو خامومش میکنیم و با نعناع داغ و پیاز داغ و اگه تمایل داشتید سیر داغ تزئین میکنیم."
    ],
    "meal_type": [
      "آش و سوپ"
    ],
    "occasion": [
      "شام"
    ]
  },
  {
    "title": "کله‌جوش",
    "location": {
      "province": "مرکزی",
      "city": "اراک",
      "coordinates": {
        "latitude": 34.0917,
        "longitude": 49.6892
      }
    },
    "ingredients": [
      {
        "name": "گردو",
        "amount": 4.0,
        "unit": "عدد"
      },
      {
        "name": "کشک مایع",
        "amount": 3.0,
        "unit": "گرم"
      },
      {
        "name": "آب",
        "amount": 2.0,
        "unit": "لیوان"
      },
      {
        "name": "نعنا خشک",
        "amount": 1.0,
        "unit": "قاشق غذاخوری"
      },
      {
        "name": "نمک",
        "amount": null,
        "unit": null
      },
      {
        "name": "فلفل",
        "amount": null,
        "unit": null
      },
      {
        "name": "زردچوبه",
        "amount": null,
        "unit": null
      },
      {
        "name": "سیر",
        "amount": null,
        "unit": null
      }
    ],
    "instructions": [
      "به نام خدای مهربون 🌸",
      "پیاز رو خرد کنید و بریزید داخل روغن تا طلایی بشه بعد نعنا رو اضافه کنید یه کوچولو که حرارت بهش خورد ادویه ها و گردو رو اضافه کنید.",
      "کشک رو بریزید داخل آب و بسابید تا یکدست بشه بعد به قابلمه اضافه کنید. وقتی از کناره ها شروع کرد به جوشیدن زیرش رو خاموش کنید و به همراه هرچیزی که دوست داشتید مثلاً بادمجان سرخ شده نوش جان کنید 🌺"
    ],
    "meal_type": [
      "غذای اصلی گیاهی"
    ],
    "occasion": [
      "صبحانه"
    ]
  },
  {
    "title": "رشته پلو",
    "location": {
      "province": "مرکزی",
      "city": "اراک",
      "coordinates": {
        "latitude": 34.0917,
        "longitude": 49.6892
      }
    },
    "ingredients": [
      {
        "name": "برنج دانه بلند",
        "amount": 1.0,
        "unit": "کیلو"
      },
      {
        "name": "گوشت چرخ کرده",
        "amount": 500.0,
        "unit": "گرم"
      },
      {
        "name": "دارچین",
        "amount": null,
        "unit": null
      },
      {
        "name": "خرما",
        "amount": 10.0,
        "unit": "عدد"
      },
      {
        "name": "کشمش",
        "amount": null,
        "unit": null
      },
      {
        "name": "بسته رشته پلو",
        "amount": 2.0,
        "unit": null
      },
      {
        "name": "زردچوبه",
        "amount": null,
        "unit": null
      },
      {
        "name": "نمک وفلفل",
        "amount": null,
        "unit": null
      },
      {
        "name": "زعفران غلیظ",
        "amount": null,
        "unit": null
      },
      {
        "name": "زرشک",
        "amount": null,
        "unit": null
      }
    ],
    "instructions": [
      "ابتدابرنج خیس کنیدبزاریدکنار",
      "پیازخلالی سرخ کنیدچیپسی ونصفش کناربزارید",
      "گوشت تفت بدیدپیاز وزردچوبه ونمک وفلفل اضافه کنیدداخلش کشمش وخرماهم تفت بدیدودارچین بریزیددست ودلبازباشیدبرای دارچین طعمش خیلی محشرمیکنه",
      "خرماهاروهسته گیری کنیدوباپشت چنگال له کنیدوپودردارچین بریزیدوگلوله ای دربیاریدودرروغن کمی تفت بدید",
      "برنج که وقتش برداریدرشته پلویی بریزیدتاکمی نرم بشه آبکش کنیدوتهدیگ سیب زمینی وزعفران بذارید",
      "برنج لایه لایه باموادگوشتی بریزیدباازعفران دم کرده وپودردارچین بره برای دم کشیدن",
      "اگرمیخایدتزیبن کنیدمیتونیدبرنج وزعفران بزاریددم بکشه",
      "کشمش وخرمابزاریدروی برنج ی قسمت تادم بکشن",
      "موقع سروبرنج بکشیدباموادگوشتی وخرماوکشمش وپیازداغ وزرشک وتهدیگ سیب زمینی تزیین کنید",
      "نوش جونتون باش باماست چکیده وترشی وسیرترشی وسالادمیل بفرمایید.",
      "دیگ وقت نشدروی میزعکس بگیرم.همون داخل اشپزخونه عکس گرفتم ورفت برای همسرجان وبچهای گلم که نوش جونشون باش",
      "راستی شمارشته پلوی خودتون چطوردرست میکنید؟!"
    ],
    "meal_type": [
      "غذای اصلی برنجی"
    ],
    "occasion": [
      "ناهار"
    ]
  },
  {
    "title": "شفته اراکی",
    "location": {
      "province": "مرکزی",
      "city": "اراک",
      "coordinates": {
        "latitude": 34.0917,
        "longitude": 49.6892
      }
    },
    "ingredients": [
      {
        "name": "گوشت چرخ کرده",
        "amount": 300.0,
        "unit": "گرم"
      },
      {
        "name": "هویج متوسط",
        "amount": 1.0,
        "unit": "عدد"
      },
      {
        "name": "آرد نخودچ",
        "amount": 1.0,
        "unit": "قاشق غذاخوری"
      },
      {
        "name": "سبزی معطر (مرزه",
        "amount": 1.0,
        "unit": "قاشق غذاخوری"
      },
      {
        "name": "نمک ، فلفل",
        "amount": null,
        "unit": null
      },
      {
        "name": "رب گوجه",
        "amount": 1.0,
        "unit": "قاشق غذاخوری"
      },
      {
        "name": "آرد سفید",
        "amount": 1.0,
        "unit": "قاشق غذاخوری"
      },
      {
        "name": "آبلیمو",
        "amount": 2.0,
        "unit": "قاشق غذاخوری"
      },
      {
        "name": "شکر",
        "amount": null,
        "unit": null
      },
      {
        "name": "سرکه",
        "amount": null,
        "unit": null
      }
    ],
    "instructions": [
      "پیاز رو رنده ریز بزنید و آبش رو بگیرید هویج رو هم رنده ریز بزنید سبزی های معطر رو ریز خرد کنید (از سبزی معطر خشک هم میتونید استفاده کنید).\nحالا توی یک کاسه گوشت چرخ کرده رو همراه با هویج ، پیاز و آرد نخودچی بریزید سپس مواد رو به خوبی ورز بدین.",
      "(ورز دادن باعث انسجام گوشت میشه تا در حین پخت از هم باز نشه.) سبزی معطر ، ادویه ها و کمی نمک اضافه کرده و مخلوط کنید وقتی که خوب ورز دادین از مواد به مقدار دلخواه بردارید و توی دست گرد کنید.\nکمی روغن توی تابه بریزید و شفته ها رو یه تفت کوچک بدین",
      "حالا سس رو آماده کنید پیاز دوم رو نگینی خرد کرده با کمی روغن، نمک ، فلفل سیاه و زردچوبه تفت بدین تا سبک بشه\nرب گوجه‌فرنگی رو اضافه کرده و تفت بدین تا رنگ باز کنه آرد رو هم بریزید و تفت بدین تا بوی خامی اون گرفته بشه\n۲ لیوان آب جوش بریزید",
      "وقتی سس شروع به جوشیدن کرد شفته ها رو توی سس قرار بدین تا بپزد در آخر چاشنی(شکر، سرکه و آبلیمو) رو بریزید و بعد از ۳۰ دقیقه آماده ست.\nبرای چاشنی میتونید فقط آبلیمو استفاده کنید"
    ],
    "meal_type": [
      "غذای اصلی گوشتی"
    ],
    "occasion": [
      "ناهار"
    ]
  },
  {
    "title": "کوفته کشک",
    "location": {
      "province": "مرکزی",
      "city": "اراک",
      "coordinates": {
        "latitude": 34.0917,
        "longitude": 49.6892
      }
    },
    "ingredients": [
      {
        "name": "برنج پخته شده",
        "amount": 2.0,
        "unit": "لیوان"
      },
      {
        "name": "گوشت چرخ کرده",
        "amount": 200.0,
        "unit": "گرم"
      },
      {
        "name": "تخم مرغ",
        "amount": 1.0,
        "unit": "عدد"
      },
      {
        "name": "سبزی خشک معطر",
        "amount": null,
        "unit": null
      },
      {
        "name": "ادویه",
        "amount": null,
        "unit": null
      },
      {
        "name": "زرشک‌",
        "amount": null,
        "unit": null
      },
      {
        "name": "گردو",
        "amount": null,
        "unit": null
      },
      {
        "name": "نمک",
        "amount": null,
        "unit": null
      }
    ],
    "instructions": [
      "برنج و مقداری نمک، گوشت چرخ کرده و سبزی های خشک(از هر کدام 2 قاشق) ادویه ها و 1 عدد پیاز رنده شده و آب گرفته و را با چرخ گوشت دوبار چرخ میکنیم (با غذا ساز هم میشه)",
      "بعد از چرخ کردن یک عدد تخم را اضافه میکنیم و حسابی ورز میدیم تا تخم مرغ کاملا با مواد مخلوط بشه و بعد به صورت کوفته گرد میکنیم (وسط کوفته ها میتونید زرشک یا گردو بذارید)",
      "کوفته ها را در یخچال میذاریم و میریم که سس رو آماده کنیم 1 عدد پیاز باقی مانده را رنده میکنیم و با روغن تفت میدهیم پیاز که سبک شد ادویه هایی که به کوفته زدیم به پیاز هم اضافه میکنیم بوی خام ادویه ها که رفت از سبزی هایی که به کوفته زدیم و زرشک را به پیاز اضافه میکنیم مقداری تفت میدهیم و آب اضافه مکنیم",
      "یک عدد سیب زمینی که داشتیم را رنده میکنیم و با مقداری نمک به سس اضافه میکنیم(سیب زمینی من کوچیک بود دوتا گذاشتم)",
      "وقتی سس جوشید کوفته ها را از یخچال بیرون میاریم و به سس اضافه میکنیم نیم ساعت با در باز و حرارت متوسط میذاریم بپزه(اگر بعد از اضافه کردن کوفته ها سس از جوشیدن افتاد حرارت را زیاد کنیم وقتی به جوش افتاد حرارت را بذارید روی متوسط)",
      "بعد از اینکه نیم ساعت با در باز جوشید در ظرف را میذاریم و نیم ساعت هم با در بسته بجوشه بعد کشک را با آب خود غذا رقیق میکنیم و به ظرف اضافه مکنیم و ده قیقه با در باز میذاریم بجوشه و بعد آماده است که نوش جان کنید",
      "نکته: مقدار نمک این غذا بستگی به شوری کشک داره خودتون باید تنظیم کنید.\nتخم مرغ را اصلا حذف نکنید چون باعث میشه کوفته وا نره.\nکوفته ها را حتما در یخچال بگذارید که بعد از اضافه به خورشت وا نره.\nبرای کوفته کردن مواد یک مقدار دستتون رو مرطوب کنین که مواد به دستتون نچسبه.\nبدون چرخ گوشت و غذا ساز هم میشه این غذا رو درست کرد اما باید حسابی مواد رو ورز بدید که کوفته وا نره\nبجای گوشت قرمز از سینه ی مرغ هم میشه استفاده کرد\nاز برنج تو یخچال مونده هم میشه استفاده کرد(غذای اضافه ی روز قبل)"
    ],
    "meal_type": [
      "غذای اصلی گوشتی"
    ],
    "occasion": [
      "ناهار"
    ]
  },
  {
    "title": "گورماست",
    "location": {
      "province": "مرکزی",
      "city": "اراک",
      "coordinates": {
        "latitude": 34.0917,
        "longitude": 49.6892
      }
    },
    "ingredients": [
      {
        "name": "شیر",
        "amount": 2.0,
        "unit": "لیوان"
      },
      {
        "name": "ماست",
        "amount": 1.0,
        "unit": "لیوان"
      },
      {
        "name": "شکر",
        "amount": 1.0,
        "unit": "قاشق غذاخوری"
      }
    ],
    "instructions": [
      "شیر رو بجوشونید و بذارید ولرم شه",
      "بعد ماست رو بهش اضافه کنید\r\nو هم بزنید",
      "در آخر هم شکر رو اضافه کنید",
      "میتونید نان هم تیلیت کنید داخلش...\r\nنوش جان"
    ],
    "meal_type": [
      "پیش غذا و مکمل"
    ],
    "occasion": [
      "شام"
    ]
  },
  {
    "title": "آش انار",
    "location": {
      "province": "مرکزی",
      "city": "اراک",
      "coordinates": {
        "latitude": 34.0917,
        "longitude": 49.6892
      }
    },
    "ingredients": [
      {
        "name": "لپه پخته",
        "amount": 1.0,
        "unit": "پیمانه"
      },
      {
        "name": "برنج آش",
        "amount": 2.0,
        "unit": "پیمانه"
      },
      {
        "name": "(گشنیز",
        "amount": 500.0,
        "unit": "گرم"
      },
      {
        "name": "نمک",
        "amount": null,
        "unit": null
      },
      {
        "name": "فلفل",
        "amount": null,
        "unit": null
      },
      {
        "name": "زردچوبه",
        "amount": null,
        "unit": "قاشق چایخوری"
      },
      {
        "name": "رب انار",
        "amount": null,
        "unit": null
      },
      {
        "name": "آب انار",
        "amount": 1.0,
        "unit": "لیوان"
      },
      {
        "name": "دونه های انار",
        "amount": null,
        "unit": null
      }
    ],
    "instructions": [
      "پیاز خرد شده رو با روغن تفت بدید بعد که طلایی شد ادویه و لپه و برنج نیم دانه خیس خورده رو اضافه کردم(لپه من پخته و فریز شده بود کمی که یخش باز شد با پیاز تفت دادم)\n\n بعد آب جوش یا (استاک گوشت) ریختم و یک ساعت و نیم گذاشتم بپزه.",
      "سبزی آش ، رب انار اضافه کردم و 1 ساعت زمان دادم تا جا بیافته.\n10 دقیقه آخر نمک و مقداری انار دون شده یا آب انار اضافه کنید.\nبعد آش رو با پیاز داغ یا نعناع داغ و دونه های انار تزئین کنید."
    ],
    "meal_type": [
      "آش و سوپ"
    ],
    "occasion": [
      "شام"
    ]
  },
  {
    "title": "آش آلو",
    "location": {
      "province": "مرکزی",
      "city": "اراک",
      "coordinates": {
        "latitude": 34.0917,
        "longitude": 49.6892
      }
    },
    "ingredients": [
      {
        "name": "برنج",
        "amount": 1.0,
        "unit": "پیمانه"
      },
      {
        "name": "لپه",
        "amount": 0.5,
        "unit": "پیمانه"
      },
      {
        "name": "عدس",
        "amount": 0.5,
        "unit": "پیمانه"
      },
      {
        "name": "سبزی آش خرد شدهتره،جعفری،اسفناج",
        "amount": null,
        "unit": null
      },
      {
        "name": "گشنیز",
        "amount": null,
        "unit": null
      },
      {
        "name": "آلو",
        "amount": 200.0,
        "unit": "گرم"
      },
      {
        "name": "نمک",
        "amount": null,
        "unit": null
      },
      {
        "name": "فلفل",
        "amount": null,
        "unit": null
      },
      {
        "name": "زردچوبه",
        "amount": null,
        "unit": null
      },
      {
        "name": "نعنا خشک",
        "amount": null,
        "unit": null
      }
    ],
    "instructions": [
      "برنج و لپه و عدس را یک ساعت خیس کنید.",
      "در قابلمه ای پیاز را خرد کنید و کمی تفت دهید سپس نمک و زردچوبه و فلفل و نعنا خشک را بریزید و مخلوط کنید و آب را داخل قابلمه بریزید",
      "وقتی جوش امد ،سبزی و حبوبات را اضافه کنید و بگذارید حدود یک ساعت و نیم بپزد و برنج کاملا باز شود.",
      "همزمان آلو را هم بشویید و با کمی آب بگذارید بپزد تا له شود.سپس از صافی رد کنید و هسته های آن را بگیرید و اواسط پخت به آش اضافه کنید تا مزه ها به خورد هم برود.و اش جا بیفتد.",
      "طعم خوب و لذیذی داره و ساده و سریع هم هست."
    ],
    "meal_type": [
      "آش و سوپ"
    ],
    "occasion": [
      "شام"
    ]
  },
  {
    "title": "نان فطیر اراکی",
    "location": {
      "province": "مرکزی",
      "city": "اراک",
      "coordinates": {
        "latitude": 34.0917,
        "longitude": 49.6892
      }
    },
    "ingredients": [
      {
        "name": "آرد گندم",
        "amount": 5.0,
        "unit": "پیمانه"
      },
      {
        "name": "شکر",
        "amount": 100.0,
        "unit": "گرم"
      },
      {
        "name": "خمیر مایه",
        "amount": 1.0,
        "unit": "قاشق سوپخوری"
      },
      {
        "name": "روغن مایع",
        "amount": 0.5,
        "unit": "لیوان"
      },
      {
        "name": "شیرولرم",
        "amount": 1.0,
        "unit": "لیوان"
      },
      {
        "name": "تخم مرغ",
        "amount": 1.0,
        "unit": "عدد"
      },
      {
        "name": "زردچوبه",
        "amount": 1.0,
        "unit": "قاشق چایخوری"
      },
      {
        "name": "پودرزنجبیل",
        "amount": 1.0,
        "unit": "قاشق سوپخوری"
      },
      {
        "name": "زرده تخم مرغ",
        "amount": 1.0,
        "unit": "عدد"
      },
      {
        "name": "زعفران",
        "amount": null,
        "unit": null
      },
      {
        "name": "کنجد",
        "amount": null,
        "unit": null
      }
    ],
    "instructions": [
      "ابتدا شیر ولرم را با شکر و پودر خمیر مایه مخلوط کرده اگر از سلامت مایع خمیر اطمینان دازیم احتیاجی به عمل آوری نیست روغن مایع که میزان آن ۱/۲ پیمانه است را اضافه کرده مخلوط میکنیم تخم مرغ را از حالت لختگی در آورده به مواد اضافه میکنیم آرد و نمک و زردچوبه و پودر زنجبیل را الک کرده به مواد اضافه میکنیم",
      "اکر آرد کم بود میتوان دوباره به آن آرد اضافه کرد تا خمیر یکدستی بدست اید روی خمیر را پوشانده نیم ساعت در محیط آشپز خانه استراحت میدهیم تا به اصطلاح ور بیاید بعد خمیر را ورز داده تا هوای اضافه آن",
      "خارج شود به چانه های کوچک تقسیم بندی کرآن را به صورت گرد به قطر نیم سانت پهن کرده روی آن نقش ونگار میدهیم بعد از این قسمت باید روی فطیر ها پارچه بیاندازیم ده دقیقه استراحت کند بعد مواد رومال را مخلوط کرده روی فطیرها زده داخل فر میگذاریم تا پخته شود.دمای فر ۱۶۰درجه سانتیگراد زمان پخت ۳۰دقیقه"
    ],
    "meal_type": [
      "نان و شیرینی"
    ],
    "occasion": [
      "شام"
    ]
  },
  {
    "title": "چیلیک اراک",
    "location": {
      "province": "مرکزی",
      "city": "اراک",
      "coordinates": {
        "latitude": 34.0917,
        "longitude": 49.6892
      }
    },
    "ingredients": [
      {
        "name": "آرد",
        "amount": 5.0,
        "unit": "کیلو"
      },
      {
        "name": "شک",
        "amount": 1.0,
        "unit": "کیلو"
      },
      {
        "name": "بسته مایع خمیر",
        "amount": null,
        "unit": null
      },
      {
        "name": "زعفران",
        "amount": "کمی",
        "unit": null
      },
      {
        "name": "پودرشکر",
        "amount": null,
        "unit": null
      },
      {
        "name": "روغن مایع",
        "amount": null,
        "unit": null
      },
      {
        "name": "جوش شیرین",
        "amount": "کمی",
        "unit": null
      },
      {
        "name": "بکینگ پودر",
        "amount": 2.0,
        "unit": "قاشق غذاخوری"
      }
    ],
    "instructions": [
      "مایع خمیرو ریختم ت قابلمه و آب ریختم کمی و اردو کم کم بهش اضافه کردم",
      "هی آرد ریختم ورز دادم آب ریختم و همینطور ادامه دادم تا خمیر به دست نچسبه",
      "و س چهار ساعت مونده روی قابلمه دستمال کشیدم و بعد برش دادم خمیرو سرخش کردم"
    ],
    "meal_type": [
      "دسر"
    ],
    "occasion": [
      "شام"
    ]
  },
  {
    "title": "یتیمچه غذای مخصوص اراک",
    "location": {
      "province": "مرکزی",
      "city": "اراک",
      "coordinates": {
        "latitude": 34.0917,
        "longitude": 49.6892
      }
    },
    "ingredients": [
      {
        "name": "سیب زمین",
        "amount": 2.0,
        "unit": "عدد"
      },
      {
        "name": "گوشت",
        "amount": null,
        "unit": null
      },
      {
        "name": "گوجه",
        "amount": 3.0,
        "unit": "عدد"
      },
      {
        "name": "فلفل دلمه ا",
        "amount": null,
        "unit": null
      },
      {
        "name": "روغن کنجد",
        "amount": null,
        "unit": null
      }
    ],
    "instructions": [
      "سلام دوستان اول سیب زمینی را گرد برش میزنیم و گوجه هم همینطور",
      "بعد گوشت را تفت میدیم با فلفل دلمه ای و بقیه ی موادمون",
      "بعد از یک ساعت غذا آمادست خوشمزه و عالی",
      "نوش جان"
    ],
    "meal_type": [
      "غذای اصلی گوشتی"
    ],
    "occasion": [
      "ناهار"
    ]
  },
  {
    "title": "حلوای اراکی (سریع و ساده)",
    "location": {
      "province": "مرکزی",
      "city": "اراک",
      "coordinates": {
        "latitude": 34.0917,
        "longitude": 49.6892
      }
    },
    "ingredients": [
      {
        "name": "روغن مایع",
        "amount": 200.0,
        "unit": "گرم"
      },
      {
        "name": "شکر",
        "amount": null,
        "unit": null
      },
      {
        "name": "آرد گندم",
        "amount": null,
        "unit": null
      }
    ],
    "instructions": [
      "ابتدا روغن را روی حرارت گرم کنید",
      "سپس آرد را الک کرده و بدون تفت دادن اضافه کنید و هم بزنید تا تمام روغن با آرد ترکیب شده و روغنی نماند بلکه ترکیب روغن و آرد داشته باشید اینکار را با سرعت عمل انجام دهید",
      "ظرف را از روی حرارت برداشته تا کمی از حرارت بیفتد ولی سرد نشود",
      "سپس دو ق غ شکر اضافه کنید و هم بزنیدمزه کنید اگر شیرینی آن کم بود به دلخواه بیشتر کنید.",
      "سپس دوباره روی حرارت کم قرار دهید و کمی هر از گاهی هم بزنید تا ترکیب جا بیفتد.",
      "نکته:این حلوا در اراک در کنار سفره غذا بعد از پایان غذاخوردن استفاده میشود برای تعدیل مزاج",
      "نکته:دانه های شکر کاملا حل نمی شوند برای همین به شکر خیلی کمی نسبت به حلواهای دیگر نیاز است.",
      "تجربه متفاومتی است امتحان کنید."
    ],
    "meal_type": [
      "دسر"
    ],
    "occasion": [
      "شام"
    ]
  },
  {
    "title": "آش جودوغ اراکی",
    "location": {
      "province": "مرکزی",
      "city": "اراک",
      "coordinates": {
        "latitude": 34.0917,
        "longitude": 49.6892
      }
    },
    "ingredients": [
      {
        "name": "جو",
        "amount": 2.0,
        "unit": "لیوان"
      },
      {
        "name": "حبوبات پخته شده",
        "amount": 1.0,
        "unit": "لیوان"
      },
      {
        "name": "سیرابی گوسفند",
        "amount": null,
        "unit": null
      },
      {
        "name": "کشک",
        "amount": 1.0,
        "unit": "لیوان"
      },
      {
        "name": "گل زرد",
        "amount": null,
        "unit": null
      },
      {
        "name": "نمک",
        "amount": null,
        "unit": null
      },
      {
        "name": "زردچوبه",
        "amount": null,
        "unit": null
      }
    ],
    "instructions": [
      "سیرابی رو من از شب قبل میزارم بپزه داخل زود پز هم میتونید بذارید یکی دو ساعته میپزه بعد میریم سراغ جو اون رو هم میذاریم داخل قابلمه میپزه وقتی که پخت حبوبات پخته شده که شامل نخود و لوبیا چیتی هست رو اضافه میکنیم کم و زیادش بستگی به ذائقه داره که کم حبوبات دوست دارین یا پر حبوبات بعد هم سبزی آش رو اضافه میکنیم",
      "بعد سیرابی رو وقتی که پخت تکه تکه میکنیم با قیچی و به اشمون اضافه میکنیم آب سیرابی رو دور نریزید به آش اضافه کنید بذارید تا سبزی بپزه و در آخر کشک و گل زرد رو اضافه کنید بازم کم وزیادش بستگی به ذائقه داره برای تزیین هم از کشک و نعناع داغ استفاده کنید نوش جونتون."
    ],
    "meal_type": [
      "آش و سوپ"
    ],
    "occasion": [
      "شام"
    ]
  },
  {
    "title": "برساق اراکی",
    "location": {
      "province": "مرکزی",
      "city": "اراک",
      "coordinates": {
        "latitude": 34.0917,
        "longitude": 49.6892
      }
    },
    "ingredients": [
      {
        "name": "آرد",
        "amount": 1.0,
        "unit": "کیلو"
      },
      {
        "name": "روغن",
        "amount": 2.0,
        "unit": "لیوان"
      },
      {
        "name": "شیر",
        "amount": 3.0,
        "unit": "لیوان"
      },
      {
        "name": "بکینگ پودر",
        "amount": 1.0,
        "unit": "قاشق غ"
      },
      {
        "name": "شکر",
        "amount": 1.0,
        "unit": "لیوان"
      },
      {
        "name": "وانیل",
        "amount": null,
        "unit": null
      },
      {
        "name": "نمک",
        "amount": null,
        "unit": null
      },
      {
        "name": "خمیر مایه",
        "amount": 1.0,
        "unit": "ق غ"
      }
    ],
    "instructions": [
      "من ابتدا خمیر مایه رو تو مقداری آب ولرم حل کرده گذاشتم تا حجمش دو برابرشه…\r\n\r\nآرد و بکینگ پودر رو دو بار الک کردم و بعد روغن را کمی گرم کرده اضافه کردم.\r\n\r\nشیر و شکر رو اول مخلوط کردم شکر حل بشه و بقیه ی مواد را بهش اضافه کردم بعد با دست ورز دادم که کاملا مواد با هم مخلوط بشه (ورز زدنش خیلی مهم)\r\n\r\nبعد تو همون ظرف نایلون کشیدم روش وگذاشتمش جای گرم به مدت ۳ ساعت تا آماده بشه و دو برابر بشه. بعد به طرحهای دلخواه در روغن داغ و فراوان سرخشون کردم."
    ],
    "meal_type": [
      "دسر"
    ],
    "occasion": [
      "شام"
    ]
  },
  {
    "title": "سماق پلو با آبگوشت سفید (ساوه ای)",
    "location": {
      "province": "مرکزی",
      "city": "ساوه",
      "coordinates": {
        "latitude": 35.0214,
        "longitude": 50.3568
      }
    },
    "ingredients": [
      {
        "name": "برنج",
        "amount": 3.0,
        "unit": "پیمانه"
      },
      {
        "name": "نمک",
        "amount": null,
        "unit": null
      },
      {
        "name": "روغن دنبه",
        "amount": null,
        "unit": null
      },
      {
        "name": "آبگوشت سفید",
        "amount": null,
        "unit": null
      }
    ],
    "instructions": [
      "آب و نمک و برنج و روغن رو داخل قابلمه ریختم روی حرارت گذاشتم و به صورت کته آماده دم کشیدن کردم.\nقبل از گذاشتن دم کن سماق ریختم بعد از دم کشیدن هم زدم و تمام برنج رنگی شد.",
      "👈 دو جور سماق داریم یکی رنگش تیره و به سمت قهوه ای هست و دیگری قرمز هست."
    ],
    "meal_type": [
      "غذای اصلی گوشتی"
    ],
    "occasion": [
      "ناهار"
    ]
  },
  {
    "title": "آش جو ساوه 🌸",
    "location": {
      "province": "مرکزی",
      "city": "ساوه",
      "coordinates": {
        "latitude": 35.0214,
        "longitude": 50.3568
      }
    },
    "ingredients": [
      {
        "name": "جو پوست کنده",
        "amount": 1.0,
        "unit": "لیوان"
      },
      {
        "name": "لوبیا",
        "amount": 1.0,
        "unit": "لیوان"
      },
      {
        "name": "عدس",
        "amount": 1.0,
        "unit": "لیوان"
      },
      {
        "name": "آب قلم",
        "amount": 1.0,
        "unit": "لیوان"
      },
      {
        "name": "نعنا خشک",
        "amount": 2.0,
        "unit": "ق غ"
      },
      {
        "name": "نعنا داغ",
        "amount": null,
        "unit": null
      },
      {
        "name": "نمک ، فلفل",
        "amount": null,
        "unit": null
      }
    ],
    "instructions": [
      "از شب قبل عدس و لوبیا را شسته و با هم خیس نمایید و چند باری آبش رو عوض کنید\nجو را یکساعت زودتر از پخت شسته و خیس کنید\nداخل زودپز پیاز را با کمی روغن تفت داده و زردچوبه و فلفل سیاه اضافه کنید لوبیا ، عدس و جو را همه باهم همراه آب قلم و ۳ لیوان آب اضافه کرده و به جوش که آمد ، حرارت را کم کنید و بگذارید ۲ ساعت بپزد و حسابی حبوبات نرم شوند.",
      "نعنا خشک را به آش اضافه کنید و هم بزنید و بگذارید یک ربع روی حرارت باشه \nغلظت آش که دلخواهتون شد خاموش کنید \nکمی نعنا داغ روی آش بریزید و \nنوش جان",
      "🌸انگار این آش در اصل گوشت هم داشته که کم کم جاشو به آب قلم داده😊 میتونید گوشت اضافه کنید.\n\n🌸من داخل زودپز پختم ، شما میتونید داخل قابلمه بپزید ، در اینصورت آب بیشتری بریزید و زمان بیشتری باید روی حرارت باشه"
    ],
    "meal_type": [
      "آش و سوپ"
    ],
    "occasion": [
      "شام"
    ]
  },
  {
    "title": "آبگوشت سفید (آبگوشت ساوه)",
    "location": {
      "province": "مرکزی",
      "city": "ساوه",
      "coordinates": {
        "latitude": 35.0214,
        "longitude": 50.3568
      }
    },
    "ingredients": [
      {
        "name": "گوشت آبگوشتی گوسفند",
        "amount": 400.0,
        "unit": "گرم"
      },
      {
        "name": "دنبه",
        "amount": null,
        "unit": null
      },
      {
        "name": "سیب زمینی متوسط",
        "amount": 4.0,
        "unit": "عدد"
      },
      {
        "name": "زردچوبه",
        "amount": 4.0,
        "unit": "ق چ"
      }
    ],
    "instructions": [
      "من چون می خواستم چربی این غذا رو در پخت و پزهای بعدی استفاده کنم مقدار دنبه زیادی رو گذاشتم پخت و بعد برداشتم کنار گذاشتم.\r\n\r\n\r\nگوشت و آب رو با هم جوش دادم وقتی کف کرد آب رو دور ریختم و گدشت رو شستم.\r\nبعد پیاز را خرد میکنیم. گوشت و پیاز خام را میذاریم تا حسابی بپزه یه تکه از دنبه ام میریزیم بقیشو کنار میذاریم. (من داخل زودپز دستساز پختم.)",
      "سیب زمینی را نگینی یا خلالی درشت خرد کرده و در آب سرد قرار می دهیم.\r\nنیم ساعت مونده تا گوشتمون آماده بشه،دنبه ها را خرد میکنیم اندازه گوشت خورشتی،(من ریز خرد کردم بیشتر دوست داشتیم)میریزیم توی تابه زیر حرارتو کم میکنیم تا دنبه شروع به آب شدن کنه،در تابه رو هم گذاشتم. وقتی روغنش دراومد اگه زیاد بود از روغن برمی داریم.",
      "سیب زمینی رو اضافه می کنیم تا سرخ بشن(فوق العاده ترد میشه)وقتی سیب زمینی هار سرخ و برشته شد دنبه ها هم ترد و برشته شدن حالا یه کوچولو بهش زردچوبه میزنیم.\r\n\r\nدنبه ی داخل آبگوشت را در میاریم میکوبیم میذاریم روی حرارت یکم زردچوبه خیلی کم بهش میزنیم و تفت کوچیک میدیم دوباره میریزیم روی گوشت تا به خورد آبگوشت بره،نمکم بریزین.",
      "نحوی سرو این غذای خوشمزه اینکه که اول آب آبگوشت را با نان تلیت میکنیم و میل میکنیم، بعد گوشتشو با دنبه و سیب زمینی سرخ شده با نان نرم لقمه میکنیم و میزنیم بر بدن😋😂",
      "👈من چون سیب زمینی های پوست نازک و نرمی داشتم بعد از اینکه روغن دنبه ها در اومد سیب زمینی و کمی زردچوبه اضافه کردم و در تابه رو گذاشتم و فقط یکی دو بار هم زدم تا پخته شدن. زود پخته شد چون سیب زمینی نرم بود."
    ],
    "meal_type": [
      "غذای اصلی گوشتی"
    ],
    "occasion": [
      "شام"
    ]
  },
  {
    "title": "آش مصطفی (اراکى)",
    "location": {
      "province": "مرکزی",
      "city": "اراک",
      "coordinates": {
        "latitude": 34.0917,
        "longitude": 49.6892
      }
    },
    "ingredients": [
      {
        "name": "برنج",
        "amount": 200.0,
        "unit": "گرم"
      },
      {
        "name": "نخود",
        "amount": 100.0,
        "unit": "گرم"
      },
      {
        "name": "برگ چغندر",
        "amount": 500.0,
        "unit": "گرم"
      },
      {
        "name": "کشک",
        "amount": 150.0,
        "unit": "گرم"
      },
      {
        "name": "نعنا داغ",
        "amount": 1.0,
        "unit": "ق غ"
      },
      {
        "name": "آبلیمو دلخواه",
        "amount": 2.0,
        "unit": "ق غ"
      }
    ],
    "instructions": [
      "نخود را که از شب قبل خیس کردم با مقداری آب گذاشتم بپزه",
      "برنج خیس خورده و برگ چغندر ریز خرد شده را تو قابلمه ریختم \r\nآب اضافه کردم و گذاشتم تا برنج و سبزی بپزند\r\n👈بهتره از برگ چغندر خشک استفاده بشه من نداشتم",
      "نخود پخته شده را هم اضافه کردم",
      "وقتی که سبزی نیم پز شد ، کشک و پیاز داغ را به آش اضافه کردم",
      "مقداری روغن را روی حرارت گذاشتم داغ که شد یک قاشق زردچوبه و یک قاشق نعنا خشک در روغن ریختم",
      "و سریع به آش در حال جوش اضافه کردم این کار باعث می‏ شه تا آش طعم‏ بهتری بگیره",
      "👈این آش رشته نداره ولی من یه مشت رشته اضافه کردم \r\nدر آخر نمک و فلفل و آبلیمو به آش اضافه کردم",
      "موقع سرو مقداری نعنا داغ و پیاز داغ و کشک روی آش ریختم",
      "اگر براتون مفید بود لطفا صلواتی برای سلامتی و تعجیل در فرج امام زمان بفرستید 🌹🌹"
    ],
    "meal_type": [
      "آش و سوپ"
    ],
    "occasion": [
      "شام"
    ]
  },
  {
    "title": "خورش آلو نعنا",
    "location": {
      "province": "مرکزی",
      "city": "اراک",
      "coordinates": {
        "latitude": 34.0917,
        "longitude": 49.6892
      }
    },
    "ingredients": [
      {
        "name": "گوشت خورشت",
        "amount": 100.0,
        "unit": "گرم"
      },
      {
        "name": "آلو بخارا",
        "amount": 200.0,
        "unit": "گرم"
      },
      {
        "name": "نعنا خشک",
        "amount": 2.0,
        "unit": "ق غذاخوری"
      },
      {
        "name": "زردچوبه",
        "amount": null,
        "unit": null
      },
      {
        "name": "نمک",
        "amount": null,
        "unit": null
      },
      {
        "name": "شکر",
        "amount": 2.0,
        "unit": "قاشق مرباخوری"
      }
    ],
    "instructions": [
      "ابتدا پیاز را خرد می کنیم و با روغن تفت می دهیم. سپس گوشت را به پیاز اضافه کرده و تفت می دهیم.",
      "زردچوبه و نعنا خشک را هم اضافه می کنیم. آلو بخارا را بعد از شستن به خورش اضافه می کنیم و آب جوش می افزاییم تا روی مواد را بگیرد. بعد اجازه می دهیم تا بپزد. (زمان پخت 2 تا 3 ساعت یعنی زمانی که گوشت کاملا نرم شود).",
      "پس از پخت غذا اون را مزه کنید و بسته به سلیقه خودتون به خورش شکر اضافه کنید (ممکنه لازم نباشه اصلا). نوش جان"
    ],
    "meal_type": [
      "غذای اصلی گوشتی"
    ],
    "occasion": [
      "ناهار"
    ]
  },
  {
    "title": "نون اگردک",
    "location": {
      "province": "مرکزی",
      "city": "اراک",
      "coordinates": {
        "latitude": 34.0917,
        "longitude": 49.6892
      }
    },
    "ingredients": [
      {
        "name": "آرد",
        "amount": 5.0,
        "unit": "پیمانه"
      },
      {
        "name": "تخم مرغ",
        "amount": 2.0,
        "unit": "عدد"
      },
      {
        "name": "بکینگ پودر",
        "amount": 2.0,
        "unit": "قاشق چای خوری"
      },
      {
        "name": "آب ولرم رو به داغ که دست نسوزه",
        "amount": 1.0,
        "unit": "پیمانه"
      },
      {
        "name": "مایه خمیر",
        "amount": 1.0,
        "unit": "قاشق غذاخوری"
      },
      {
        "name": "زعفران دم شده",
        "amount": 3.0,
        "unit": "قاشق غذاخوری"
      },
      {
        "name": "شیر ولرم",
        "amount": 2.0,
        "unit": "پیمانه"
      },
      {
        "name": "شکر",
        "amount": 1.0,
        "unit": "پیمانه"
      },
      {
        "name": "نمک",
        "amount": 2.0,
        "unit": "قاشق چای خوری"
      }
    ],
    "instructions": [
      "به نام خدا ابتدا نصف پیمانه آب ولرم رو بایک قاشق غذاخوری شکر و ۱ قاشق غذاخوری مایه خمیر مخلوط میکنیم آب ولرم باید طوری باشه که داغیش رو حس کنیم ولی دستمون نسوزه بعد میذاریم به مدت ۱۰ دقیقه تا عمل بیاد",
      "در ظرف مناسب تخم مرغ ها رو به همراه شکر و زعفران با هم زن دستی یا چنگال مخلوط میکنیم سپس مایه خمیر عمل اومده رو هم اضافه میکنیم در یک ظرف مناسب بزرگ و گود آردو نمک بکینگ پودر رو با هم مخلوط میکنیم وسط آرد رو گود میکنیم بعد مخلوط تخم مرغ و شکر و زعفران و مایه خمیر رو میریزیم داخلش با قاشق هم میزنیم بعد قاشق رو میزاریم کنار دیگه باید با دست مخلوط کنیم",
      "چون مخلوطمون خوب فرم نگرفته کم کم از شیر ولرمی که داشتیم با قاشق غذاخوری اضافه میکنیم باید هواسمون باشه که زیاد شیر نریزم همین که یه خمیری بشه که لطیف بشه یعنی دیگه تیکه تیکه و از هم جدا نباشه خمیر رو بر میداریم روی سینی بزرگ یه کم آرد میپاشیم خمیر رو به مدت ۵ دقیقه ورز میدیم خمیر رو نباید حالت چنگ زدن ورز بدید بلکه باید با کف دست حالت تا کردن ورز بدید بعد از ۵ دقیقه تو یک کاسه بزرگ میذاریم وروش سلفون میکشیم میذاریم یک ساعت استراحت کنه و خوب عمل بیاد",
      "وقتی خمیر عمل بیاد دو برابر میشه و اگه انگشتمون رو فرو کنیم به همون حالت میمونه دیگه زمان پختن هستش",
      "قابلمه رو روی اجاق میذاریم روغن میریزیم تا داغ بشه",
      "از خمیرمون یک گوله برمیداریم و کف سینی که یه کم آرد پاشیدیم پهن میکنیم زیاد هم لازم نیست ناز نازک پهن بشه بعد با چاقو برش میدید یا با قالب به دلخواه قالب میزنید و در روغن سرخ میکنید",
      "من با چاقو برش های مختلف مثل مربع ،مستطیل، گردی ،مثلت ویا لوزی شکل دادم و سرخ کردم بعد از سرخ کردن روی دستمال میذارید یه چند دقیقه روغنش گرفته شه وبعد سریع داخل ظرف دربسته میذارید",
      "تمام خمیرتون رو به همین صورت آماده میکنید و سرخ میکنید",
      "نکته سعی کنید از خمیر تون کم وردارید وحتما برش ها و یا قالب رو کنار هم بزنید که خمیرتون زیاد اضافه نیاد چون اگه خمیر های اضافه رو دوباره گوله کنید پهن کنید و سرخ کنید مثل بقیه بافت لطیفی نداره من همه رو برش زدم که زیاد خمیر اضافه نداشته باشم و اضافه ها رو دیگه دوباره گوله نکرده همون طور حالت نواری مثل حلزونی گرد کردم سرخ کردم همون طور که تو عکس میبینید",
      "نکته حتما وقتی خمیرتون بعد از یک ساعت استراحت خوب عمل اومد باید سریع بپزید چون خمیر مون مایه خمیر داره نباید بیشتر بمونه چون دراین صورت مزه نون ها خوب نمیشه و حالت چسبنده میشه",
      "وقتی خمیر رو پهن کردید میتونید روش رو با هر چی که دوست دارید مدل بدید بعد برش بزنید من باته هسته گیر دستی آلبالو که گردی کوچیک داره رو نون زدم بعد برش زدم",
      "نکته آخر منظور پیمانه های من همون لیوان دسته دار فرانسه سر خالی هستش یعنی پر نباشه یکم مونده باشه تا پرشدن",
      "اینم از بافت نون لطیف و عالی",
      "شکر رو هم بسته به ذائقه ی خودتون میتونید کم وزیاد کنید اگه دوست دارید نونتون شیرین باشه بیشتر بریزید ولی همین اندازه که من گفتم یه نون کم شیرین و عالی میشه"
    ],
    "meal_type": [
      "دسر"
    ],
    "occasion": [
      "شام"
    ]
  },
  {
    "title": "روح افزا - شیرینی عید",
    "location": {
      "province": "مرکزی",
      "city": "اراک",
      "coordinates": {
        "latitude": 34.0917,
        "longitude": 49.6892
      }
    },
    "ingredients": [
      {
        "name": "بادام",
        "amount": null,
        "unit": null
      },
      {
        "name": "شکر",
        "amount": null,
        "unit": null
      },
      {
        "name": "زعفران",
        "amount": null,
        "unit": null
      }
    ],
    "instructions": [
      "آقا بابای ما همیشه این شیرینی را برامون درست می کنند! بنابراین اندازه ی دقیقی برای دستور تهیه ندارم!",
      "ولی آقا بابا فرمودند که برای هر مقدار بادامی که دارید (بادام بدون پوست و پودر شده) (پودر بادام نباید به روغن بیافتد) دو برابر شکر در نظر بگیرید. بعد شکر را با مقدار کمی آب مخلوط می کنیم (در حدی که شکر کاملا مرطوب شود)",
      "روی شعله قرار می دهیم تا شکر بجوشد و قوام بیاید سپس از روی شعله برداشته شروع به هم زدن شکر می کنیم تا خنک شده و سفید رنگ شود(من امسال نقش همزن رو داشتم!!!)",
      "وقتی سفید شد پودر بادام را کم کم اضافه می کنیم و مخوط می کنیم تا گلوله نشود.",
      "بعد زعفران را که با آب کم حل کرده ایم اضافه می کنیم تا به رنگ دلخواهمون برسیم باز هم به هم زدن ادامه می دهیم تا خمیر خنک و سفت شود(در حدی که فرم بگیرد)",
      "می توانید خمیر را نصف کنید و نصفش را زعفرانی درست کنید تا روح افزا دو رنگ داشته باشید. یا اینکه از پودر پسته هم استفاده کنید.",
      "حالا خمیر را روی سینی بزرگ (مجیمه ، مجمه) پهن می کنیم و پودر پسته می پاشیم سپس با چاقو برش میزنیم.",
      "کلی کالری می سوزونیم اما بعدش همش جبران میشه!!! نوش جان"
    ],
    "meal_type": [
      "دسر"
    ],
    "occasion": [
      "عصرانه"
    ]
  },
  {
    "title": "آش اشکنه اراکی (اوگرمه)",
    "location": {
      "province": "",
      "city": "",
      "coordinates": {
        "latitude": 0.0,
        "longitude": 0.0
      }
    },
    "ingredients": [
      {
        "name": "تخم مرغ",
        "amount": 2,
        "unit": "عدد"
      },
      {
        "name": "سیب زمینی",
        "amount": 2,
        "unit": "عدد متوسط"
      },
      {
        "name": "گوجه فرنگی",
        "amount": 2,
        "unit": "عدد"
      },
      {
        "name": "پیاز (برای پیاز داغ)",
        "amount": 1,
        "unit": "عدد متوسط"
      },
      {
        "name": "آرد",
        "amount": 1,
        "unit": "قاشق غذاخوری"
      },
      {
        "name": "آلو سیاه (اختیاری)",
        "amount": 10,
        "unit": "عدد"
      },
      {
        "name": "شنبلیله خشک",
        "amount": 1,
        "unit": "قاشق غذاخوری"
      },
      {
        "name": "رب گوجه فرنگی",
        "amount": 1,
        "unit": "قاشق غذاخوری"
      },
      {
        "name": "لپه",
        "amount": 4,
        "unit": "قاشق غذاخوری"
      },
      {
        "name": "نمک",
        "amount": "به مقدار لازم",
        "unit": null
      },
      {
        "name": "فلفل سیاه",
        "amount": "به مقدار لازم",
        "unit": null
      },
      {
        "name": "زردچوبه",
        "amount": "به مقدار لازم",
        "unit": null
      },
      {
        "name": "روغن سرخ کردنی",
        "amount": "به مقدار کافی",
        "unit": null
      },
      {
        "name": "نان",
        "amount": "برای سرو",
        "unit": null
      }
    ],
    "instructions": [
      "لپه و آلو سیاه را بخیسانید.",
      "پیاز را خرد کرده و در روغن داغ تفت دهید تا طلایی شود.",
      "سیب زمینی‌ها را پوست کرده و به صورت نگینی خرد کنید و به پیاز داغ اضافه کنید.",
      "آرد را به مواد اضافه کرده و تفت دهید تا خامی آن گرفته شود.",
      "لپه را به پیاز داغ و سیب زمینی اضافه کرده و مخلوط کنید.",
      "گوجه فرنگی‌ها را پوست گرفته و خرد کنید و به مواد اضافه کنید.",
      "رب گوجه فرنگی، نمک، فلفل و زردچوبه را اضافه کرده و با مواد مخلوط کنید.",
      "آب جوش را اضافه کنید و اجازه دهید آش روی حرارت ملایم پخته شود.",
      "سبزی خشک شنبلیله و آلو سیاه خیس خورده را به آش اضافه کنید و هم بزنید.",
      "تخم مرغ‌ها را شکسته و به آش اضافه کنید و هم بزنید تا تخم مرغ‌ها سفت شوند.",
      "آش را از روی حرارت بردارید و با نان تازه سرو کنید."
    ],
    "meal_type": [
      "آش و سوپ"
    ],
    "occasion": [
      "ناهار"
    ]
  },
  {
    "title": "آش ترخینه دوغ",
    "location": {
      "province": "",
      "city": "",
      "coordinates": {
        "latitude": 0.0,
        "longitude": 0.0
      }
    },
    "ingredients": [
      {
        "name": "سیرابی شیردان",
        "amount": 800,
        "unit": "گرم"
      },
      {
        "name": "نخود",
        "amount": 0.5,
        "unit": "پیمانه"
      },
      {
        "name": "لوبیا چیتی",
        "amount": 0.5,
        "unit": "پیمانه"
      },
      {
        "name": "عدس",
        "amount": 0.5,
        "unit": "پیمانه"
      },
      {
        "name": "ترخینه",
        "amount": 4,
        "unit": "عدد"
      },
      {
        "name": "سبزی آشی",
        "amount": 500,
        "unit": "گرم"
      },
      {
        "name": "سیر",
        "amount": "به مقدار کافی",
        "unit": null
      },
      {
        "name": "پیاز",
        "amount": "به مقدار کافی",
        "unit": null
      },
      {
        "name": "نعناع خشک",
        "amount": 2,
        "unit": "قاشق غذاخوری"
      },
      {
        "name": "نمک",
        "amount": "به مقدار کافی",
        "unit": null
      },
      {
        "name": "فلفل",
        "amount": "به مقدار کافی",
        "unit": null
      },
      {
        "name": "زردچوبه",
        "amount": "به مقدار کافی",
        "unit": null
      }
    ],
    "instructions": [
      "حبوبات را به مدت ۲۴ ساعت بخیسانید و سپس آب اضافی آن را خالی کنید. حبوبات را در همان ظرف بگذارید تا کمی جوانه بزند.",
      "حبوبات باید خارج از یخچال بماند تا جوانه بزند.",
      "ترخینه را به مدت ۲ ساعت در مقداری آب خیس کنید.",
      "پس از خیس شدن ترخینه، آن را آبکش کنید.",
      "حبوبات جوانه زده را در قابلمه بریزید و سپس بقیه مواد را اضافه کنید.",
      "آب را اضافه کرده و آش را بپزید تا جا بیفتد."
    ],
    "meal_type": [
      "آش و سوپ"
    ],
    "occasion": [
      "ناهار"
    ]
  },
  {
    "title": "آش ویشیل اراک",
    "location": {
      "province": "",
      "city": "",
      "coordinates": {
        "latitude": 0.0,
        "longitude": 0.0
      }
    },
    "ingredients": [
      {
        "name": "رشته آشی",
        "amount": 0.5,
        "unit": "بسته"
      },
      {
        "name": "سبزی آش",
        "amount": 500,
        "unit": "گرم"
      },
      {
        "name": "پیاز",
        "amount": 1,
        "unit": "عدد"
      },
      {
        "name": "تخم مرغ",
        "amount": 1,
        "unit": "عدد"
      },
      {
        "name": "نخود",
        "amount": 1,
        "unit": "پیمانه"
      },
      {
        "name": "آبغوره",
        "amount": "به مقدار دلخواه",
        "unit": null
      },
      {
        "name": "زردچوبه",
        "amount": "به مقدار لازم",
        "unit": null
      }
    ],
    "instructions": [
      "نخود و پیاز را خوب با هم می‌کوبیم.",
      "زردچوبه و آب را به آن اضافه کرده و روی حرارت می‌گذاریم تا به طور کامل بجوش آید.",
      "سپس سبزی و رشته آشی را اضافه کرده و یک عدد تخم مرغ می‌افزاییم.",
      "در پایان با آبغوره و نمک آن را مزه دار می‌کنیم."
    ],
    "meal_type": [
      "غذای اصلی"
    ],
    "occasion": [
      "ناهار"
    ]
  }
]