[
  {
    "title": "آبگوشت کلم قمری",
    "location": {
      "province": "همدان",
      "city": "همدان",
      "latitude": 34.7986,
      "longitude": 48.5146
    },
    "ingredients": [
      {
        "name": "گوشت گوسفند",
        "amount": 300.0,
        "unit": "گرم"
      },
      {
        "name": "پیاز متوسط",
        "amount": 1.0,
        "unit": "عدد"
      },
      {
        "name": "کلم قمری درشت",
        "amount": 1.0,
        "unit": "عدد"
      },
      {
        "name": "گوجه فرنگی",
        "amount": 2.0,
        "unit": "عدد"
      },
      {
        "name": "رب گوجه",
        "amount": 1.0,
        "unit": "قاشق غذاخوری"
      },
      {
        "name": "نخود",
        "amount": null,
        "unit": null
      },
      {
        "name": "نمک، فلفل ،زردچوبه",
        "amount": null,
        "unit": null
      }
    ],
    "instructions": [
      "بسم الله الرحمن الرحیم",
      "نخود رو از شب قبل میخیسونیم.\nمن معمولا نخود رو از قبل میپزم وفریز میکنم تا اگه صبح تصمیم گرفتم آبگوشت یا آش ماست و... درست کنم آماده داشته باشم. \nبعد از پخت کامل خورش ،نخود رو اضافه میکنم واجازه میدم چند دقیقه بجوشه.",
      "ابتداپیاز رو خرد میکنیم با یک قاشق روغن کمی تفت میدیم.گوشت خرد شده رو اضافه میکنیم بافلفل وزردچوبه حسابی تفت میدیم.نخود و گوجه رنده شده یا خرد شده ورب گوجه ونمک رو اضافه میکنیم وخوب تفت میدیم ودر آخر کلم های خرد شده رو اضافه میکنیم",
      "به مقدار کافی ،آب اضافه کرده و چند ساعت میذاریم تا کاملا بپزه.اگه داخل زودپز درست کنیم یک ساعت زمان پختش هست.نوش جان",
      "برای ناهار ،با نون وسبزی تازه ودوغ سرو میکنیم.نوش جان",
      "مدال جدیدم💝",
      "الهی شکر"
    ],
    "meal_type": [
      "غذای اصلی گوشتی"
    ],
    "occasion": [
      "شام"
    ]
  },
  {
    "title": "کباب سرداشی همدان",
    "location": {
      "province": "همدان",
      "city": "همدان",
      "latitude": 34.7986,
      "longitude": 48.5146
    },
    "ingredients": [
      {
        "name": "گوشت چرخکرده",
        "amount": 400.0,
        "unit": "گرم"
      },
      {
        "name": "سیب زمینی متوسط",
        "amount": 2.0,
        "unit": "عدد"
      },
      {
        "name": "پیاز بزرگ",
        "amount": 2.0,
        "unit": "عدد"
      },
      {
        "name": "نمک، فلفل، زردچوبه، سماق",
        "amount": null,
        "unit": null
      },
      {
        "name": "گوجه",
        "amount": 1.0,
        "unit": "عدد"
      }
    ],
    "instructions": [
      "ابتدا کباب را را آماده کنید.\nسیب زمینی ‌و پیاز را ریز رنده کنید و یا داخل غذاساز کاملا ریز کنید و آبش را بگیرید.",
      " با گوشت و ادویه مخلوط کرده و خیلی خوب ورز میدهیم. با دقت و کاملا ورز دهید تا موقع پخت از هم نپاشه.",
      "داخل تابه را با کره چرب میکنیم از مایه گوشتی داخل آن پهن کرده اطراف آن را صاف میکنیم و روی آن به دلخواه حلقه های گوجه و سیب زمینی و فلفل میچینیم بهتره ورقه های سیب زمینی رو به روغن و نمک و ادویه آغشته کنید. خوشمزه تر و چیپسی تر میشه یا خیلی کم دو طرفش و سرخ کنید.\nمن چون به طعم پخت سیب زمینی یه کم حساسم یک کوچولو تو سولاردوم نیم پز کردم.",
      "چیدن گوجه و فلفل و سیب زمینی به سلیقه خودتون روی سطح کباب انجام بدین.",
      "اگر گوشت چرب نبود کمی روغن اطراف کباب میریزیم و در 👈فر قرار میدهیم با حرارت ۱۸۰ درجه سانتیگراد، تا بپزد، این غذا بسیار لذیذ است و در کنار نان یا برنج و سبزی خوردن سرو میشود.",
      "من داخل #سولاردوم با کانوکشن پیش گرمایش ۱۷۰ درجه روشو با کاغذ روغنی پوشاندم و ۵۰ دقیقه زمان دادم. ۱۵ دقیقه آخر کاغذ را برداشتم تا سطحش کمی طلایی بشه.",
      "این کباب خوشمزه روی #گاز و داخل تابه هم میشه تهیه کرد.\nداخل تابه روی گاز با حرارت ملایم و دمکنی هم ۴۵ دقیقه تا ۱ ساعت زمان میبره آماده شه.",
      "واسه پخت داخل #فر یا #توستر دستگاه رو ۱۵دقیقه زودتر روشن کرده تا گرم شود، ظرف کباب رو در طبقه پایین توستر یا وسط فر قرار داده و با دمای ۱۸۰ درجه سانتی گراد، ۱ ساعت زمان داده تا بپزه. ۵ دقیقه آخر هم گریل روشن شود.",
      "نوش نگاه زیباتون عزیزانم.",
      "امیدوارم شما نیز تهیه و لذت ببرید."
    ],
    "meal_type": [
      "غذای اصلی گوشتی"
    ],
    "occasion": [
      "شام"
    ]
  },
  {
    "title": "آبگوشت قورمه همدان",
    "location": {
      "province": "همدان",
      "city": "همدان",
      "latitude": 34.7986,
      "longitude": 48.5146
    },
    "ingredients": [
      {
        "name": "سبزی قورمه سرخ شده",
        "amount": 250.0,
        "unit": "گرم"
      },
      {
        "name": "لوبیا سفید",
        "amount": 1.0,
        "unit": "لیوان"
      },
      {
        "name": "لیمو عمان",
        "amount": 3.0,
        "unit": "عدد"
      },
      {
        "name": "سیب زمینی",
        "amount": 4.0,
        "unit": "عدد"
      },
      {
        "name": "ماهیچه گوسفندی یا به همان مقدار گوشت آبگوشت",
        "amount": 2.0,
        "unit": "عدد"
      },
      {
        "name": "بزرگ",
        "amount": 1.0,
        "unit": "عدد"
      },
      {
        "name": "نمک،فلفل،زردچوبه،روغن",
        "amount": null,
        "unit": null
      }
    ],
    "instructions": [
      "پیاز رو نگینی میکنیم و با گوشت و فلفل و زردچوبه خوب سرخ میکنیم ،سبزی و لوبیای خیس خورده و آب به اندازه کافی اضافه کرده و میگذاریم بپزه،نیم ساعت آخر سیب زمینیها رو پوست میکنیم ،بهمراه لیمو عمانی و نمک به آبگوشت اضافه میکنیم و میگذاریم بپزه و جا بیافته،بجای لیمو عمانی میتوانید از گرد لیمو یا گرد غوره استفاده کنید",
      "این آبگوشت ،مثل آبگوشت معمولی گوشت کوبیده نداره و به همین صورت مخلوط داخلش نان تلیت میکنند و میخورند ،حتما هم در کنار غذا ماست پرچرب و شیرین استفاده می شود"
    ],
    "meal_type": [
      "غذای اصلی گوشتی"
    ],
    "occasion": [
      "شام"
    ]
  },
  {
    "title": "کوفته همدان",
    "location": {
      "province": "همدان",
      "city": "همدان",
      "latitude": 34.7986,
      "longitude": 48.5146
    },
    "ingredients": [
      {
        "name": "نخود",
        "amount": 1.0,
        "unit": "کیلو"
      },
      {
        "name": "آرد نخودچی",
        "amount": 4.0,
        "unit": "ق.غ"
      },
      {
        "name": "تخم مرغ",
        "amount": 1.0,
        "unit": "عدد"
      },
      {
        "name": "گوشت چرخ شده",
        "amount": 1.0,
        "unit": "کیلو"
      },
      {
        "name": "نمک فلفل زردچوبه دلخواه",
        "amount": null,
        "unit": null
      },
      {
        "name": "آب",
        "amount": 4.0,
        "unit": "پیمانه"
      },
      {
        "name": "پیاز داغ",
        "amount": 1.0,
        "unit": "پیمانه"
      },
      {
        "name": "آلو بخارا",
        "amount": 7.0,
        "unit": "عدد"
      },
      {
        "name": "پیاز داغ",
        "amount": null,
        "unit": null
      },
      {
        "name": "گردو",
        "amount": 5.0,
        "unit": "عدد"
      },
      {
        "name": "آلو",
        "amount": 7.0,
        "unit": "عدد"
      },
      {
        "name": "کوفته ریزه",
        "amount": 7.0,
        "unit": "عدد"
      },
      {
        "name": "زیره",
        "amount": 1,
        "unit": "ف غ"
      },
      {
        "name": "تخم مرغ آبپز شده",
        "amount": 5.0,
        "unit": "عدد"
      },
      {
        "name": "نمک فلفل زردچوبه دلخواه",
        "amount": null,
        "unit": null
      }
    ],
    "instructions": [
      "این کوفته هم با لپه درست میشود هم با نخود اما با نخود خوشمزه تر هست بسته به ذائقه شخصیتون یکیشو از شب قبل نخود یا لپه را خیس کنید 🌻🍃 حالا یکیشونو چرخ میکنیم🍃🌻 گوشت را نیز چرخ میکنیم 🍃🌻 دوباره لپه (یا نخود) و گوشت را با هم چرخ میکنیم🍃🌻",
      "آرد نخودچی.نمک.فلفل.تخم مرغ را به مایه چرخ شده اضافه کرده و با دست ورز میدهیم تا حالت چسبناکی پیدا کند 🌻🍃مقداری ازش بر میداریم و کوفته ریزه درست میکنیم*(نکته:اگر کوفته ریزه هایی که درست کردیم ترک نداشت پس کوفته های که بعدا بزرگ درست میکنبم و داخل آب می اندازیم باز نمیشه ولی اگر ترک داشت مقدار دیگر آرد نخودچی بزنین)🌻🍃کوفته ریزه ها را جدا سرخ کنید و کنار بذارین🌻🍃",
      "اندازه دلخواه از مواد بر دارین و داخل دسستون پهن کنید و داخل از مواد میانی (پیاز داغ=دو عدد پیاز را خلالی ریز خرد کنید و داخل روغن سرخ کنید تا طلایی شود؛آلو بخارا..گردو خرد شده..کوفته ریزه(که درست کردیم)..زیره..تخم مرغ آبپز شده به دونیم کنید و نصفشو داخلش بذارین🌻🍃🌻🍃 (مواد میانی اندازه های اون اختیاری و قابل حذف هست)🌻🍃🌻🍃بعد گرد کنید و حالت توپ دراورین",
      "در داخل قابلمه ای آب را به جوش آورید مقداری نمک..زردچوبه..پیاز داغ..آلوبخارا...بریزین...بعد یک کوفته داخل آن بریزین وقتی اومد بالای آب..موقع برداشتش هست بردارین و کوفته بعدی بریزین (مواظب باشین وا نره..گفتم در مرحله قبل که باید آرد نخودچی را اضافه کنید)",
      "🌷🍃کوفته کبابی با سس👈 کوفته ها را طبق مراحل بالا آماده کنید و به شکل دلخواه بیضی یا دایره مدل بدین فقط این بار بجایی اینکه داخل آب بیاندازین آنهارا کبابی میکنیم🌷🍃 داخل ظرفی رب را همراه ادویه های دلخواه و روغن کمی تفت دهید🌷مقداری آب اضافه کنید تا کمی شل شود اما خیلی آبکی نکنین🌷سس تون رو کنار بزاریت🌷🍃حالا کوفته ها رو داخل تابه ای بچنین و کمی روغن بریزین🌷کمی که کبابی شد برش گردونید و سستون رو بیزین روش🌷در تابه تون رو بزنید اجازه بدین 15 دقیقه بپزه و جا بیافتد🌷🍃آماده سرو هست.",
      "با سبزی و نان نوش جان کنید😊🌷🍃",
      "در شهر همدان رسم است🌷🍃 کوفته ای که با آب سرو میشود را..آبش را داخل کاسه ای ریخته و به حالت آبگوشت تلیت میکند و سرو میکند...بعد کوفته هایی که درست شده را با نان سنگک میل میکند🌷🍃🌷 این کوفته را میتوان به مدت 1 ماه در فریزر نگه داشت و برای سرو در صورت دلخواه گرم کرد🌷🌷"
    ],
    "meal_type": [
      "غذای اصلی گوشتی"
    ],
    "occasion": [
      "شام"
    ]
  },
  {
    "title": "آش هویج و جو همدانی🍂",
    "location": {
      "province": "همدان",
      "city": "همدان",
      "latitude": 34.7986,
      "longitude": 48.5146
    },
    "ingredients": [
      {
        "name": "بلغور جو",
        "amount": 1.0,
        "unit": "لیوان"
      },
      {
        "name": "نخود",
        "amount": 0.5,
        "unit": "لیوان"
      },
      {
        "name": "سبزی آشی خرد شده",
        "amount": 0.5,
        "unit": "لیوان"
      },
      {
        "name": "گوشت چرخ کرده",
        "amount": 150.0,
        "unit": "گرم"
      },
      {
        "name": "روغن حیوان",
        "amount": 1.0,
        "unit": "قاشق چایخوری"
      },
      {
        "name": "پیاز بزرگ",
        "amount": 3.0,
        "unit": "عدد"
      },
      {
        "name": "سیر",
        "amount": 5.0,
        "unit": "حبه"
      },
      {
        "name": "کشک",
        "amount": 2.0,
        "unit": "لیوان"
      },
      {
        "name": "نمک",
        "amount": null,
        "unit": null
      },
      {
        "name": "زردچوبه",
        "amount": null,
        "unit": null
      },
      {
        "name": "فلفل سیاه",
        "amount": null,
        "unit": null
      },
      {
        "name": "فلفل قرمز",
        "amount": null,
        "unit": null
      },
      {
        "name": "هویج نگینی خرد شده",
        "amount": 4.0,
        "unit": "لیوان"
      }
    ],
    "instructions": [
      "ابتدا نخود و بلغور جداگانه شسته و چند باری آبشونو عوض کنید و توی یه قابلمه ریخته و بپزید \nمیتونید هر کدومو جداگانه بپزید و بعد از پخت داخل یه قابلمه بزرگتر بریزید کمی نمک هم ‌اضافه کنید اما نه زیاد چون در آخر کشک اضافه میشه و ممکنه شور بشه \nبعد هویج و سبزی رو اضافه کنید",
      "بعد از نیم ساعت پیاز نگینی و سیرو خرد کرده در روغن سرخشون کنید بعد گوشت چرخ کرده رو اضافه کنید بعد ادويه هایی که گفتم اضافه کنید تفت داده بعد به اَش اضافه کنید",
      "حرارت کم کنید بذارید تا آش حسابی جابیفته بعد از این که آش جاافتاد بهش کشک و اضافه کنید هم بزنید حرارت خاموش کنید",
      "در دستور اصلی نوشته شده بود از نعنا داغ اصلا استفاده نکنید و منم استفاده نکردم \nو فقط با پیازداغ مجلسی تزیین کردم",
      "نوش جان🌼"
    ],
    "meal_type": [
      "آش و سوپ"
    ],
    "occasion": [
      "شام"
    ]
  },
  {
    "title": "آش پتله",
    "location": {
      "province": "همدان",
      "city": "همدان",
      "latitude": 34.7986,
      "longitude": 48.5146
    },
    "ingredients": [
      {
        "name": "نخود ",
        "amount": null,
        "unit": null
      },
      {
        "name": "لوبیا ",
        "amount": null,
        "unit": null
      },
      {
        "name": "عدس",
        "amount": null,
        "unit": null
      },
      {
        "name": "سیب زمینی متوسط",
        "amount": 1.0,
        "unit": "عدد"
      },
      {
        "name": "سبزی آش",
        "amount": 0.5,
        "unit": "کیلو"
      },
      {
        "name": "پیاز",
        "amount": 2.0,
        "unit": "عدد"
      },
      {
        "name": "نمک",
        "amount": null,
        "unit": null
      },
      {
        "name": "زردچوبه",
        "amount": null,
        "unit": null
      },
      {
        "name": "بلغور",
        "amount": 2.0,
        "unit": "پیمانه"
      }
    ],
    "instructions": [
      "نخود لوبیا و عدس راشب خیس میکنیم و سپس میپزیم",
      "بلغور را جدامیپزیم",
      "نخود و لوبیا و عدس پخته را اضافه میکنیم",
      "سبزی را اضافه میکنیم",
      "سیب زمینی ها رانگینی خوردمیکنیم و به مواد اضافه میکنیم",
      "بعد ازجاافتادن آش پیازها رو سرخ میکنیم و با نمک و زردچوبه به آش اضافه میکنیم",
      "زیر آش راکم میکنیم تا خوب جابیفته",
      "نکته آش تقریبا باید سفت باشه",
      "با ترشی بادمجان سرو کنید نوش جان😋😍"
    ],
    "meal_type": [
      "آش و سوپ"
    ],
    "occasion": [
      "شام"
    ]
  },
  {
    "title": "ترحلوای هویج",
    "location": {
      "province": "همدان",
      "city": "همدان",
      "latitude": 34.7986,
      "longitude": 48.5146
    },
    "ingredients": [
      {
        "name": "هویج",
        "amount": 250.0,
        "unit": "گرم"
      },
      {
        "name": "شکر",
        "amount": 50.0,
        "unit": "گرم"
      },
      {
        "name": "آرد برنج",
        "amount": 2.0,
        "unit": "قاشق غذاخوری"
      },
      {
        "name": "گلاب",
        "amount": 4.0,
        "unit": "لیوان"
      },
      {
        "name": "روغن",
        "amount": 4.0,
        "unit": "لیوان"
      },
      {
        "name": "زعفران غلیظ",
        "amount": 1.0,
        "unit": "قاشق غذاخوری"
      }
    ],
    "instructions": [
      "هویج رو شسته پوست بگیرید و درسته بپزید بعد رنده ریز بزنید",
      "آرد برنج و بدون روغن تفت میدیم تا بوی خامیش گرفته بشه بعد نصف روغن و اضافه کرده و مجدد کمی تفت میدیم",
      "هویج و با بقیه روغن تفت میدیم بعد شکر و اضافه کرده و مرتب هم میزنیم تا شکر حل بشه بعد گلاب و زعفران و اضافه میکنیم و هم میزنیم در نهایت آرد برنج و اضافه کرده خوب با هم مخلوط میکنیم و با حرارت ملایم و دم کنی میزاریم بپزه",
      "هر چند دقیقه هم میزنیم وقتی به حدی پخت که بشه مثل بقیه حلواها قنداقش کرد حاضره،در ظرف کشیده و به دلخواه تزیین کنید"
    ],
    "meal_type": [
      "دسر"
    ],
    "occasion": [
      "شام"
    ]
  },
  {
    "title": "نان روغنی همدان (اگردک)",
    "location": {
      "province": "همدان",
      "city": "همدان",
      "latitude": 34.7986,
      "longitude": 48.5146
    },
    "ingredients": [
      {
        "name": "آرد کمتر یا بیشتر",
        "amount": 4.0,
        "unit": "لیوان"
      },
      {
        "name": "بکینگ پودر",
        "amount": 0.5,
        "unit": "ق چ"
      },
      {
        "name": "خمیر مایه",
        "amount": 1.0,
        "unit": "ق غ"
      },
      {
        "name": "شگر",
        "amount": "کمی",
        "unit": null
      },
      {
        "name": "آب ولرم",
        "amount": 3.0,
        "unit": "لیوان"
      },
      {
        "name": "تخم مرغ",
        "amount": 1.0,
        "unit": "عدد"
      },
      {
        "name": "روغن",
        "amount": 3.0,
        "unit": "لیوان"
      },
      {
        "name": "نمک",
        "amount": 1.0,
        "unit": "ق چ"
      },
      {
        "name": "زردچوبه",
        "amount": 1.0,
        "unit": "ق چ"
      }
    ],
    "instructions": [
      "مواد خمیرمایه را 10 دقیقه می‌گذاریم تا عمل بیاد\r\nموارد دیگر بجز آرد و بکینگ پودر را در ظرفی دیگی میزنیم تا شکر حل بشه و تخم مرغ هم از لختگی دربیاد\r\nمواد خمیرمایه و آرد و بکینگ پودر را میریزیم و ورز میدیم. کم کم آرد اضافه کنید تا سفت نشه.",
      "دوساعت استراحت در جای گرم. و بعد چونه های کوچک و سرخ کردن در روغن داغ. \r\n🌹شعله ملایم رو به زیاد باشه، اگر کم باشه روغن زیادی میبره و اگر زیاد باشه مغزپخت نمیشه"
    ],
    "meal_type": [
      "نان و شیرینی"
    ],
    "occasion": [
      "شام"
    ]
  },
  {
    "title": "ترش شوربا (آش ترش همدان)",
    "location": {
      "province": "همدان",
      "city": "همدان",
      "latitude": 34.7986,
      "longitude": 48.5146
    },
    "ingredients": [
      {
        "name": "هو الرزاق",
        "amount": null,
        "unit": null
      },
      {
        "name": "سیب زمینی متوسط",
        "amount": 2.0,
        "unit": "عدد"
      },
      {
        "name": "زردآلو خشک",
        "amount": 15.0,
        "unit": "عدد"
      },
      {
        "name": "آلو خورشت",
        "amount": 0.5,
        "unit": "لیوان"
      },
      {
        "name": "کشمش پلویی من نریختم",
        "amount": 3.0,
        "unit": "قاشق غذا خوری"
      },
      {
        "name": "رشته پلویی من رشته آشی ریختم",
        "amount": 1.0,
        "unit": "لیوان"
      },
      {
        "name": "گردو",
        "amount": 4.0,
        "unit": "عدد"
      },
      {
        "name": "روغن کرمانشاهی یاروغن زردیاکره",
        "amount": 2.0,
        "unit": "قاشق غذا خوری"
      },
      {
        "name": "پیاز متوسط",
        "amount": 1.0,
        "unit": "عدد"
      },
      {
        "name": "نمک فلفل سیاه زردچوبه",
        "amount": 1.0,
        "unit": "ق م"
      },
      {
        "name": "نعنا خشک",
        "amount": 1.0,
        "unit": "قاشق غذا خوری"
      }
    ],
    "instructions": [
      "اول پیاز رو نگینی خرد کردم و با روغن زرد محلی(یا کره) تفت دادم تا طلایی رنگ بشه.",
      "سیب‌زمینی ها رو نگینی خرد کردم و به پیاز اضافه کردم و تفت دادم\nزردچوبه و فلفل سیاه هم اضافه کردم",
      "آلوها رو اضافه کردم یه تفتی دادم (من هم‌ از آلو بخارا هم از آلو سیاه استفاده کردم)",
      "برگه زردآلو و رب گوجه و گردو خرد شده و نعنا خشک رو هم اضافه کردم یه تفت کوچولو دادم تا رب رنگش باز بشه \nبعد آب اضافه کردم",
      "وقتی آب جوش اومد در قابلمه رو گذاشتم و صبر کردم حدود ۱ساعت قل بخوره و کامل بپزه",
      "بعد اینکه سیب زمینی و آلوها پختن رشته خرد شده \nرا اضافه کردم نمک و فلفل آش رو اندازه کردم و گذاشتم تا رشته ها بپزن و آش جا بیافته",
      "وقتی آش آماده شد با مقداری نعنا داغ و گردو تزئین کردم \n👈 اصل این آش از رشته پلویی استفاده میکنن ولی من با رشته آشی درست کردم",
      "اگر براتون مفید بود لطفا صلواتی برای سلامتی و تعجیل در فرج امام زمان بفرستید 🌹🌹"
    ],
    "meal_type": [
      "آش و سوپ"
    ],
    "occasion": [
      "شام"
    ]
  },
  {
    "title": "آش چغندر همدان (چغندر سفید)",
    "location": {
      "province": "همدان",
      "city": "همدان",
      "latitude": 34.7986,
      "longitude": 48.5146
    },
    "ingredients": [
      {
        "name": "بلغور جو",
        "amount": 1.0,
        "unit": "لیوان"
      },
      {
        "name": "چغندر سفید نگینی شده",
        "amount": 0.5,
        "unit": "لیوان"
      },
      {
        "name": "پیاز",
        "amount": 1.0,
        "unit": "عدد"
      },
      {
        "name": "سبزی آش خرد شده",
        "amount": 1.0,
        "unit": "لیوان"
      },
      {
        "name": "فلفل سیاه",
        "amount": null,
        "unit": null
      },
      {
        "name": "زردچوبه",
        "amount": null,
        "unit": null
      },
      {
        "name": "نمک",
        "amount": null,
        "unit": null
      },
      {
        "name": "آویشن",
        "amount": null,
        "unit": null
      },
      {
        "name": "کشک",
        "amount": null,
        "unit": null
      },
      {
        "name": "پیاز داغ",
        "amount": null,
        "unit": null
      },
      {
        "name": "نعناع داغ",
        "amount": null,
        "unit": null
      }
    ],
    "instructions": [
      "بلغور جو را شسته و کنار بذارید.\nچغندر سفید را پوست گرفته و تمیز شسته بعد نگینی ریز خرد کنید.",
      "پیاز را نگینی ریز خرد کنید و با روغن تفت بدهید وقتی سبک شد ادویه ها رو اضافه کنید.",
      "بلغور جو شسته شده + چغندر سفید + سبزی آش خرد شده را اضافه کنید و یه کوچولو تفت بدهید.",
      "آب اضافه کنید و بذارید بجوشه بعد در قابلمه رو بذارید و اجازه بدهید با حرارت کم آش بپزه و جا بیافته.\nدر آخر نمک اضافه کنید.",
      "داخل ظرف سرو بکشید به دلخواه با نعناع داغ + پیاز داغ + کشک تزیین کنید.\n👌من دو مدل ساده تزیین کردم 🙂😋"
    ],
    "meal_type": [
      "آش و سوپ"
    ],
    "occasion": [
      "شام"
    ]
  },
  {
    "title": "کباب دیزی همدان",
    "location": {
      "province": "همدان",
      "city": "همدان",
      "latitude": 34.7986,
      "longitude": 48.5146
    },
    "ingredients": [
      {
        "name": "گوشت چرخ کرده",
        "amount": 200.0,
        "unit": "گرم"
      },
      {
        "name": "برنج",
        "amount": 4.0,
        "unit": "لیوان"
      },
      {
        "name": "پیاز بزرگ رنده شده",
        "amount": 1.0,
        "unit": "عدد"
      },
      {
        "name": "تخم مرغ",
        "amount": 1.0,
        "unit": "عدد"
      },
      {
        "name": "پیاز نگینی ریز شده",
        "amount": 1.0,
        "unit": "عدد"
      },
      {
        "name": "رب گوجه",
        "amount": 2.0,
        "unit": "قاشق غ"
      },
      {
        "name": "آب جوشیده",
        "amount": 1.0,
        "unit": "لیوان"
      },
      {
        "name": "نمک، فلفل، زردچوبه",
        "amount": null,
        "unit": null
      }
    ],
    "instructions": [
      "برنج را در حدی که مغز پخت بشه گذاشته بعد آبکش می کنیم",
      "پیاز رو هم آبش را گرفته با گوشت و برنج ، ادویه ها، تخم مرغ خوب ورز داده سرخ میکنیم",
      "پیاز نگینی سرخ کرده رب گوجه زده آب جوشیده ریخته وقتی جوش آمد کبابها رو داخلش ریخته تا مغز پخت بشه"
    ],
    "meal_type": [
      "غذای اصلی گوشتی"
    ],
    "occasion": [
      "شام"
    ]
  },
  {
    "title": "🪷اگردک همدان🪷",
    "location": {
      "province": "همدان",
      "city": "همدان",
      "latitude": 34.7986,
      "longitude": 48.5146
    },
    "ingredients": [
      {
        "name": "آرد",
        "amount": 2.0,
        "unit": "لیوان"
      },
      {
        "name": "شیر ولرم",
        "amount": 1.0,
        "unit": "فنجان"
      },
      {
        "name": "خمیر مایه",
        "amount": 1.0,
        "unit": "ق غ"
      },
      {
        "name": "سرخالی شکر",
        "amount": 1.0,
        "unit": "فنجان"
      },
      {
        "name": "نمک",
        "amount": 1.0,
        "unit": "پنس"
      },
      {
        "name": "زردچوبه",
        "amount": 1.0,
        "unit": "ق مرباخوری"
      },
      {
        "name": "روغن برای سرخ کردن",
        "amount": null,
        "unit": null
      }
    ],
    "instructions": [
      "خمیرمایه و شیر و شکر رو درون ظرفی ریخته،ده دقیقه میذاریم تا عمل بیاد،آرد و نمک و زردچوبه رو با هم سه بار الک کرده و به مواد کم کم اضافه میکنیم،خمیر لطیفی بدست میاد.",
      "روش رو می‌پوشانیم یکساعت در جای گرم استراحت میدیم تا حجمش دوبرابر بشه",
      "پف خمیر رو میگیریم و چونه میگیریم و به چونه ها نیم ساعت زمان استراحت دوباره میدیم.",
      "خمیرها رو یکی یکی پهن میکنیم و به قطر نیم سانت و درون روغن داغ سرخ میکنیم.نوش جان😊\r\n⬅️به بعضی از دستورها تخم مرغ هم اضافه می‌کنند ولی من نزدم.\r\n⬅️شیر و آرد رو کم کم اضافه کنید تا نسبت خمیر لطیف بدست بیاد.\r\n⬅️هر دو طرف رو زیر رو کنید تا یک دست سرخ بشه.\r\n⬅️هیچ احتیاجی به ورز دادن نداره،اگر ورز بدید،خمیر سفت میشه.",
      "🌺برای شادی روح پدر و مادرم صلوات🌺"
    ],
    "meal_type": [
      "دسر"
    ],
    "occasion": [
      "شام"
    ]
  },
  {
    "title": "کاچی همدان بدون شکر",
    "location": {
      "province": "همدان",
      "city": "همدان",
      "latitude": 34.7986,
      "longitude": 48.5146
    },
    "ingredients": [
      {
        "name": "آرد گندم",
        "amount": 2.0,
        "unit": "لیوان"
      },
      {
        "name": "روغن حیوان",
        "amount": 2.0,
        "unit": "ق غذاخوری"
      },
      {
        "name": "نمک",
        "amount": 4.0,
        "unit": "ق چای خوری"
      },
      {
        "name": "و 1",
        "amount": 1.0,
        "unit": null
      }
    ],
    "instructions": [
      "ابتدا روغن حیوانی رو روی حرارت بذارید بعد آرد اضافه کنید آرد تفت بدید تا رنگ کاراملی بشه حرارت حتما ملایم باشه مواظب باشید آرد نسوزه وقتی رنگ کاراملی گرفت بهش نمک اضافه کنید بعد آب سرد و یک باره بهش اضافه کرده مدام هم بزنید تا به غلظت برسه غلظت این کاچی هم باید از ماست چکیده هم کمی روان تر باشه داخل ظرف سرو ریخته روش گردو و پسته آسیاب شده بریزید"
    ],
    "meal_type": [
      "غذای اصلی"
    ],
    "occasion": [
      "شام"
    ]
  },
  {
    "title": "انگشت پیچ همدان",
    "location": {
      "province": "همدان",
      "city": "همدان",
      "latitude": 34.7986,
      "longitude": 48.5146
    },
    "ingredients": [
      {
        "name": "شکر",
        "amount": 1.0,
        "unit": "گرم"
      },
      {
        "name": "سفیده تخم مرغ",
        "amount": 3.0,
        "unit": "عدد"
      },
      {
        "name": "گلاب 2 آتیشه",
        "amount": 5.0,
        "unit": "قاشق غذاخوری"
      },
      {
        "name": "پودر هل من زدم",
        "amount": 0.5,
        "unit": "قاشق چایخوری"
      },
      {
        "name": "جوهر لیمو من 1 قاشق مربا خوری آبلیمو زدم",
        "amount": 8.0,
        "unit": "قاشق چایخوری"
      },
      {
        "name": "آب به  که روی شکر را کاملاً پوشش دهد",
        "amount": "مقداری",
        "unit": null
      },
      {
        "name": "میشه بجای  از شکر ، گلوکز جایگزین کرد تا زودتر قوام بیاید",
        "amount": "مقداری",
        "unit": null
      }
    ],
    "instructions": [
      "مخلوط آب و شکر را روی حرارت قرار داده ، ابتدا حرارت را زیاد کنید تا شکر سریع حل شود.\nبعد از حل شدن شکر ، حرارت را روی متوسط قرار دهید و آنقدر بجوشانید تا شربت حالت خیلی غلیظ پیدا کند.\nبعد آبلیمو و گلاب را اضافه کرده و باز هم زمان داده تا بجوشد و به غلظت مناسب برسد.\nدر آخر مقداری از آنرا داخل قاشق کرده و بر روی شربت برگردانید ، اگر بصورت ممتد و کشدار از قاشق ریخت ، به قوام کافی رسیده است.\nهمچنین مقدار کمی از شربت را داخل ظرفی ریخته وقتی سرد شد بین دو انگشت تست کنید تا ببینید آیا کشدار هست یا نه؟؟",
      "سفیده تخم مرغ را با دور تند همزن آنقدر میزنیم تا کاملاً پف کرده و اگر ظرف را برگردانیم بیرون نریزد.\nاینجا دوست عزیزم شربت را بصورت سرد استفاده کردند ولی من بخاطر اینکه سفیده تخم مرغ نباید بصورت خام مصرف شود ، شربت را بصورت داغ اضافه کردم تا سفیده در اثر داغی شربت پخته شود. \nحالا شربت داغ را کم کم به سفیده اضافه کرده و سریع هم زدم تا حالت سفت و کشدار پیدا کرد.\nاینکار را تا پایان ادامه دادم تا همه شربت با سفیده تخم مرغ مخلوط شد.\nدر این مرحله من مقداری کنجد اضافه کردم.\nظرف را کنار گذاشتم تا خنک شد.",
      "انگشت پیچ در اینجا آماده شده ، من داخل ظرف پلاستیکی کردم و ۵ ساعت داخل فریزر قرار دادم تا حالت بهتری بگیره.\nانگشت پیچ به سبب وجود سفیده تخم مرغ دارای پروتئین بالایی است.\nبفرمائید انگشت پیچ نوش جان😋😊"
    ],
    "meal_type": [
      "دسر"
    ],
    "occasion": [
      "شام"
    ]
  },
  {
    "title": "قووت همدان 🌸 دیماج",
    "location": {
      "province": "همدان",
      "city": "همدان",
      "latitude": 34.7986,
      "longitude": 48.5146
    },
    "ingredients": [
      {
        "name": "نان خشک من لواش خشک شده ریختم",
        "amount": 270.0,
        "unit": "گرم"
      },
      {
        "name": "آب یاشیر",
        "amount": 0.5,
        "unit": "لیوان"
      },
      {
        "name": "سبزی خوردن پیازچه",
        "amount": 220.0,
        "unit": "گرم"
      },
      {
        "name": "سیب زمینی آب پز",
        "amount": 350.0,
        "unit": "گرم"
      },
      {
        "name": "پیاز بزرگ سرخ شده",
        "amount": 2.0,
        "unit": "عدد"
      },
      {
        "name": "نعنا خشک",
        "amount": 1.0,
        "unit": "قاشق غذاخوری"
      },
      {
        "name": "سر پر زردچوبه",
        "amount": 1.0,
        "unit": "قاشق چای خوری"
      },
      {
        "name": "پنیر",
        "amount": 100.0,
        "unit": "گرم"
      },
      {
        "name": "گردو",
        "amount": 20.0,
        "unit": "عدد"
      },
      {
        "name": "نمک یک قاشق چای خوری یا بیشتر",
        "amount": "کمی",
        "unit": null
      }
    ],
    "instructions": [
      "پیازها رو ریز خورد و تفت دادم بعد اینکه کامل سرخ شد نعنا و زردچوبه رو اضافه و تفت دادم و شعله رو خاموش کردم نون ها رو با نوک انگشتام خورد کردم آب رو کم کم بهش اضافه کردم و به همه جای نون ریختم و مخلوط کردم تا نون مرطوب بشه سیب زمینی ها رو نگینی خورد کردم (من له کردم🙈)ونمک رو روی سیب زمینی ها ریختم\nسبزی ها رو ریزخوردکرده\n پنیر رو ریز کردم \n گردوها رو خورد کردم\nهمه رو با پیاز داغ به نون اضافه و باهم مخلوط کردم\n\n🌸اگه از پنیر محلی استفاده میکنید نمک کمتری بریزید.",
      "🌸 برای اینکه سیب زمینی ها خوشرنگ بشه پوستش رو بگیرید خورد کنید روش کمی زردچوبه ریخته بعد آب پز کنید.\n🌸من تو موادلازم سیب زمینی آبپز رو دیدم دیگه توجه نکردم باید ریز خورد بشه 🤦‍♀️ له کرده با مواد اضافه کردم😅\nهمدانیهای عزیز ببخشید🙏😢\n\n🌸دیماج رو میشه هم با قاشق خورد هم میشه با دست فشار بدیدحالت استوانه ای یا توپک بگیره و نوش جان کنید."
    ],
    "meal_type": [
      "غذای اصلی"
    ],
    "occasion": [
      "شام"
    ]
  },
  {
    "title": "حلوا تخم مرغی همدان(بدون آرد)",
    "location": {
      "province": "همدان",
      "city": "همدان",
      "latitude": 34.7986,
      "longitude": 48.5146
    },
    "ingredients": [
      {
        "name": "زرده تخم مرغ",
        "amount": 3.0,
        "unit": "عدد"
      },
      {
        "name": "قاشق کره یا روغن ترجیحا محل",
        "amount": 1.0,
        "unit": null
      },
      {
        "name": "شکر",
        "amount": 1.0,
        "unit": "قاشق غ"
      },
      {
        "name": "گلاب",
        "amount": 0.5,
        "unit": "استکان"
      },
      {
        "name": "زعفران آبکی یا مایع زعفران",
        "amount": 4.0,
        "unit": "استکان"
      },
      {
        "name": "هل",
        "amount": null,
        "unit": null
      },
      {
        "name": "زنجفیل یا وانیل",
        "amount": null,
        "unit": null
      }
    ],
    "instructions": [
      "ابتدا زرده را با همزن برقی یا دستی ۵ دقیقه بهم بزنید",
      "بعد گلاب و زعفران و عطریجات را اضافه کنید و روغن هم که داخل ظرفتون ریختید باشعله کم آب باشد و مواد را بریزید ولی یک زدن بهم بزنید سریع درست می شه فقط از هم زدن دست نکشید تا غلیظ شود.",
      "بعد بذارین در یخچال تا هم بیشتر سفت شود و هم خنک.طعم حلوای آرد برنج می دهد که ایکی ثانیه درست می شه ولی اصلا مقرون به صرفه نیست 😆کلاب مخصول کار خودم بود"
    ],
    "meal_type": [
      "دسر"
    ],
    "occasion": [
      "شام"
    ]
  },
  {
    "title": "نان کماج همدان با آون توستر(بدون ورز،بدون استراحت)",
    "location": {
      "province": "همدان",
      "city": "همدان",
      "latitude": 34.7986,
      "longitude": 48.5146
    },
    "ingredients": [
      {
        "name": "آرد",
        "amount": 500.0,
        "unit": "گرم"
      },
      {
        "name": "شکر",
        "amount": 200.0,
        "unit": "گرم"
      },
      {
        "name": "ماست",
        "amount": 200.0,
        "unit": "گرم"
      },
      {
        "name": "کره یا روغن حیوان",
        "amount": 100.0,
        "unit": "گرم"
      },
      {
        "name": "گلاب",
        "amount": 2.0,
        "unit": "قاشق غذا خوری"
      },
      {
        "name": "پودر هل",
        "amount": 1.0,
        "unit": "قاشق چای خوری"
      },
      {
        "name": "عسل یا شهد",
        "amount": 50.0,
        "unit": "گرم"
      },
      {
        "name": "زرده تخم مرغ",
        "amount": 1.0,
        "unit": "عدد"
      },
      {
        "name": "شیر یا ماست",
        "amount": 1.0,
        "unit": "قاشق چای خوری"
      },
      {
        "name": "چند قطره زعفران دمکرده",
        "amount": null,
        "unit": null
      }
    ],
    "instructions": [
      "آرد و بکینگ پودر رو مخلوط کرده،سه بار الک میکنیم میذاریم کنار.\nکره و شکر رو داخل ظرفی ریخته و خوب با هم مخلوط میکنیم.میتونید با دست تمیز تمام مراحل رو انجام بدید.",
      "شهد،ماست،گلاب،وانیل یا پودر هل رو اضافه کرده،مجدد خوب مخلوط میکنیم تا یکدست بشه مواد.آرد رو میریزیم و فقط در حدی که با مواد مخلوط و یکدست بشه ترکیب میکنیم.نیازی به ورز دادن نیست وگرنه روغن میندازه.",
      "خمیر نیازی به استراحت نداره.فر یا توستر رو با دمای ۱۸۰ درجه روشن میکنیم تا گرم بشه.خمیر رو بین دو نایلون قرار داده و پهن میکنیم با ضخامت متوسط.",
      "با کاتر یا لیوان خمیر رو قالب میزنیم و داخل سینی فر روی کاغذ روغنی میچینیم.اضافات خمیر رو به خمیر اصلی اضافه نکنید.همه رو جمع کنید و جداگانه پهن کنید و قالب بزنید.",
      "میتونید روی چونه ها نقش بندازید یا از مهر استفاده کنید.\nمواد رومال رو با هم خوب مخلوط میکنیم تا یکدست بشن.",
      "نونها رو رومال میزنیم،کمی کنجد یا سیاه دانه هم میپاشیم.به فر یا توستر انتقال میدیم.",
      "میذارم داخل توستر،دمای ۱۵۰ درجه،المنت پایین.۵ دقیقه آخر پخت،المنت بالا برای گریل و طلایی شدن نون.\nحتما کمی که خنک شد داخل نایلون بذارید و لای پارچه بپیچید که نرم بمونن.\nتا یک ماه میتونید نونها رو داخل فریزر نگهداری کنید.\nنون سنتی شیرین و خوشمزه،نوش جانتون💐"
    ],
    "meal_type": [
      "نان و شیرینی"
    ],
    "occasion": [
      "شام"
    ]
  },
  {
    "title": "نان گرده همدان",
    "location": {
      "province": "همدان",
      "city": "همدان",
      "latitude": 34.7986,
      "longitude": 48.5146
    },
    "ingredients": [
      {
        "name": "آرد قناد",
        "amount": 4.0,
        "unit": "لیوان"
      },
      {
        "name": "آب ولرم",
        "amount": 0.5,
        "unit": "لیوان"
      },
      {
        "name": "شیر ولرم",
        "amount": 0.5,
        "unit": "لیوان"
      },
      {
        "name": "شکر",
        "amount": 4.0,
        "unit": "قاشق غ"
      },
      {
        "name": "تخم مرغ کوچک",
        "amount": 1.0,
        "unit": "عدد"
      },
      {
        "name": "روغن مایع",
        "amount": 3.0,
        "unit": "ق غ"
      },
      {
        "name": "رازیانه یا پودرش فرقی ندارع",
        "amount": "مقداری",
        "unit": null
      },
      {
        "name": "نوک قاشق چ نمک",
        "amount": null,
        "unit": null
      },
      {
        "name": "زردچوبه",
        "amount": 0.5,
        "unit": "قاشق چ"
      },
      {
        "name": "خمیر مایه",
        "amount": 1.0,
        "unit": "قاشق غ"
      }
    ],
    "instructions": [
      "ابتدا آرد ۳ بار الک کنید \nشیر و آب ولرم کرده ۱ قاشق غذاخوری شکر و خمیر مایه بهش اضافه کنید مخلوط کرده بزارید کنار ب مدت ۱۰ دقیقه تا عمل بیاد",
      "بعد داخل ظرفی ک خمیر میخواهید درست کنید تخم مرغ شکر نصف روغن و کره بعد نمک زردچوبه رازیانه اضافه کنید مخلوط کرده بعد خمیر مایه عمل اومده اضافه کنید آرد طی چند مرحله بریزید مخلوط کنید تا خمیر شکل بگیره آرد تاجایی ک ب دست نچسبد اضافه کنید بعد باقی کره روغن بریزید ب مدت ۱۰ دقیقه خمیر حسابی ورز بدید بعد خمیر روش پوشانده برای ۱ ساعت بزارید تو محیط گرم استراحت کنه",
      "بعد از ۱ ساعت خمیر ب دو قسمت تقسیم کردم کف سینی فر کاغذ روغنی گذاشتم خمیر چونه کردم داخل سینی پهن کردم ب صورت گرد با ته قاشق یا هر چیز دیگ رو خمیر سوراخ ایجاد کردم ک پف نکنه",
      "بعد رومال زرده تخم مرغ ماست زعفران روغن حیوانی ک باهم مخلوط کرده ام روی خمیر رومال میزنم بعد شنبلیله خشک بعد کنجد میزارم داخل توستر یا فر ب مدت ۲۵ دقیقه درجه ۱۷۰ بپزع در آخر ک نون پخت گریل بالا بزنید روی نانها گریل بشه"
    ],
    "meal_type": [
      "نان و شیرینی"
    ],
    "occasion": [
      "شام"
    ]
  },
  {
    "title": "نان شیرمال همدانی",
    "location": {
      "province": "همدان",
      "city": "همدان",
      "latitude": 34.7986,
      "longitude": 48.5146
    },
    "ingredients": [
      {
        "name": "زرده تخم مرغ",
        "amount": 3.0,
        "unit": "عدد"
      },
      {
        "name": "روغن مایع",
        "amount": 4.0,
        "unit": "لیوان"
      },
      {
        "name": "شیر",
        "amount": 0.5,
        "unit": "لیوان"
      },
      {
        "name": "پودر قند",
        "amount": 3.0,
        "unit": "لیوان"
      },
      {
        "name": "سرپر روغن حیوانی گوسفند",
        "amount": 1.0,
        "unit": "قاشق چ"
      },
      {
        "name": "نوک قاشق چایخوری نمک",
        "amount": null,
        "unit": null
      },
      {
        "name": "نوک قاشق چایخوری پودر هل",
        "amount": null,
        "unit": null
      },
      {
        "name": "زرده تخم مرغ",
        "amount": 1.0,
        "unit": "عدد"
      },
      {
        "name": "برای رومال بعد از پخت",
        "amount": null,
        "unit": null
      },
      {
        "name": "آب جوش",
        "amount": 0.5,
        "unit": "لیوان"
      },
      {
        "name": "شکر",
        "amount": 4.0,
        "unit": "قاشق غذاخوری"
      },
      {
        "name": "زعفران دم کرده",
        "amount": 2.0,
        "unit": "قاشق غ"
      }
    ],
    "instructions": [
      "ابتدا زرده های تخم و پودر هل و پودر قند با دور تند همزن بزنید به مدت ۱۰ دقیقه تا کرمی رنگ بشه بعد شیر و روغن رو اضافه کرده مخلوط کنید\n سپس آرد و نمک و بکینگ پودرو ۴ بار الک کنید و کم کم به مایع اضافه کنید تا جایی که خمیر به دست نچسبه مواظب باشید خیلی آرد نریزید\nبعد که خمیر جمع شد روغن حیوانی رو بهش اضافه کنید به مدت ۱۰ دقیقه حسابی ورز بدید",
      "بعد روشو بپوشانید ۱۵ دقیقه بذارید تو دمای محیط استراحت کنه\nبعد دوباره کمی خمیرو ورز داده به دو قسمت تقسیم کنید هر قسمت به ۴ قسمت تقسیم کرده چونه کنید بذارید کنار\nسطح کار آرد بپاشید چونه ها رو با وردنه باز کنید و قالب گرد یا بیضی بزنید تا تمیز و مرتب در بیاد\nسینی فرو کاغذ روغنی انداخته و چرب کنید",
      "خمیرها رو با فاصله داخل سینی چیده رومال بزنید میتونید بعد با چنگال رو اونها نقش بندازید\nبعد از پخت تا نون ها داغ هستن شهد رو درست کنید و روی نونها بریزید و تمام نوش جااان 👌🏻😋😍"
    ],
    "meal_type": [
      "نان و شیرینی"
    ],
    "occasion": [
      "شام"
    ]
  },
  {
    "title": "آبگوشت فلفل همدان",
    "location": {
      "province": "همدان",
      "city": "همدان",
      "latitude": 34.7986,
      "longitude": 48.5146
    },
    "ingredients": [
      {
        "name": "گوشت آبگوشتی",
        "amount": null,
        "unit": null
      },
      {
        "name": "دنبه",
        "amount": null,
        "unit": null
      },
      {
        "name": "نخود",
        "amount": 1.0,
        "unit": "پیمانه"
      },
      {
        "name": "پیاز",
        "amount": 1.0,
        "unit": "عدد"
      },
      {
        "name": "سیر",
        "amount": 2.0,
        "unit": "حبه"
      },
      {
        "name": "فلفل سبز تند",
        "amount": 1.0,
        "unit": "عدد"
      },
      {
        "name": "گوجه",
        "amount": 1.0,
        "unit": "عدد"
      },
      {
        "name": "سیب زمین",
        "amount": 1.0,
        "unit": "عدد"
      },
      {
        "name": "رب گوجه",
        "amount": 2.0,
        "unit": "قاشق غ"
      },
      {
        "name": "آبلیمو",
        "amount": 1.0,
        "unit": "قاشق غ"
      },
      {
        "name": "روغن حیوان",
        "amount": 2.0,
        "unit": "قاشق غ"
      },
      {
        "name": "زردچوبه فلفل سیاه فلفل قرمز دارچین پودر زنجبیل",
        "amount": null,
        "unit": null
      }
    ],
    "instructions": [
      "ابتدا گوشت دمبه و پیاز سیر گوجه فلفل سبز نخود داخل قابلمه ریخته به مقداری آب و پودر زنجبیل میذاریم تا بپزن",
      "وقتی گوشت و نخود پخته شد دنبه و گوجه پیاز فلفل سیر خارج کنید به همراه نمک زردچوبه فلفل سیاه دارچین بکوبید بعد رب گوجه بهش اضافه کنید مخلوط کرده به آبگوشت اضافه کنید بذارید نیم ساعت قل بخوره بعد نخود خارج کنید به همراه آبلیمو بکوبید نخود را بذارید کنار",
      "بعد سیب زمینی ورقه ای نازک برش بزنيد با روغن حیوانی سرخ کنید به همراه گوشت و نخود کوبيده شده نووش جان کنید 🥰",
      "💕این آبگوشت فلفل همدان که به نظر من از خوشمزه ترین آبگوشت هاست تو روستای ما تو مجالس و مهمانی ها گوشت کوبيده نمیکنن سیب زمینی ورقه ای میکنن با روغن حیوانی سرخ میکنن که خیلی لذیذ میشه اما میشه سیب زمینی همون طوری داخل آبگوشت ریخت گوشت کوبيده کرد💕"
    ],
    "meal_type": [
      "غذای اصلی گوشتی"
    ],
    "occasion": [
      "شام"
    ]
  },
  {
    "title": "آش ترخینه همدانی",
    "location": {
      "province": "همدان",
      "city": "همدان",
      "latitude": 34.7986,
      "longitude": 48.5146
    },
    "ingredients": [
      {
        "name": "ترخینه",
        "amount": 200.0,
        "unit": "گرم"
      },
      {
        "name": "نخود لوبیا عدس",
        "amount": null,
        "unit": null
      },
      {
        "name": "سبزی آش",
        "amount": null,
        "unit": null
      },
      {
        "name": "قاشق کشک",
        "amount": 3.0,
        "unit": null
      },
      {
        "name": "قلم گوسفند",
        "amount": null,
        "unit": null
      },
      {
        "name": "نمک فلفل زردچوبه",
        "amount": null,
        "unit": null
      }
    ],
    "instructions": [
      "ابتدانخود ولوبیا رااز شب قبل خیس کرده روز بعد نخودلوبیا وقلم راباهم گذاشته میپزد",
      "ترخینه ها را ۲ ساعت قبل خیس کرده وقتی نخودلوبیا پخته شد ترخینه‌رو ریخته باعدس و حدود ۲ ساعت میگزاریم میپزد",
      "نمک فلفل زردچوبه و نعناع داغ وپیاز داغ وسبزی آش ریخته از نعناع و پیاز کمی برای تزیین نگه میداریم",
      "این موادراتا ۴۰ دقیقه میگذاریم میپزد در آخر برای تزیین ازکشک و نعناع وپیاز داغ استفاده میکنیم",
      "این ترخینه که‌خودم درست کردم دستورش توپست قبلی هست👇"
    ],
    "meal_type": [
      "آش و سوپ"
    ],
    "occasion": [
      "شام"
    ]
  },
  {
    "title": "آش خیار چنبر همدان",
    "location": {
      "province": "همدان",
      "city": "همدان",
      "latitude": 34.7986,
      "longitude": 48.5146
    },
    "ingredients": [
      {
        "name": "گوشت گوسفند",
        "amount": null,
        "unit": null
      },
      {
        "name": "لپه",
        "amount": 2.0,
        "unit": "پیمانه"
      },
      {
        "name": "عدس",
        "amount": 2.0,
        "unit": "پیمانه"
      },
      {
        "name": "خیار چنبر",
        "amount": 1.0,
        "unit": "کیلو"
      },
      {
        "name": "کشک غلیظ",
        "amount": 1.0,
        "unit": "لیوان"
      },
      {
        "name": "بوته سیر کمترهم میشه",
        "amount": 1.0,
        "unit": null
      },
      {
        "name": "پیاز",
        "amount": 3.0,
        "unit": "عدد"
      },
      {
        "name": "نمک",
        "amount": null,
        "unit": null
      },
      {
        "name": "فلفل",
        "amount": null,
        "unit": null
      },
      {
        "name": "زردچوبه",
        "amount": null,
        "unit": null
      },
      {
        "name": "دارچین",
        "amount": null,
        "unit": null
      },
      {
        "name": "پودر کاری ختیاری",
        "amount": null,
        "unit": null
      },
      {
        "name": "نعناع برای تزئین",
        "amount": null,
        "unit": null
      }
    ],
    "instructions": [
      "میتونید گوشت و حبوبات رو جدا بپزید میتونید مثه من باهم بزارید،حبوبات رو از قبل خیس کردم،و با گوشت و چندتا حبه سیر و یه پیاز درسته و ادویه ها غیر از نمک گذاشتم بپزه،خیار چنبر رو خرد کردم و دونه هاشو درآوردم و با مقدار کمی روغن و زردچوبه تفت دادم و در ظرف رو گذاشتم تا با حرارت کم مقداری نرم شه،نباید له بشه،بعد که گوشت پخت سیر و پیاز رو درآوردم و له کردم،استخوان های گوشت رو هم جدا کردم و خیار به آش اضافه کردم و و بعد کشک رو با همون آب آش رقیق کردم و آروم اروم به آش اضافه کردم و هم زدم،به این دلیل",
      "با آب خود آش رقیق کردم چون به نظرم آب اضافه آش رو ابکی میکرد پس این قسمت رو خودتون تصمیم بگیرید که آب اضافه میخواد یا نه،بستگی به حرارت شعله و میزان آبی که از اول اضافه کردید داره بعد مقداری از سیر داغ و پیاز داغ به آش اضافه کنید،بعد که خورشت جا افتاد خاموش کنید و با نعناع داغ و پیاز داغ و اگه تمایل داشتید سیر داغ تزئین کنید و نوش جان⚘"
    ],
    "meal_type": [
      "آش و سوپ"
    ],
    "occasion": [
      "شام"
    ]
  },
  {
    "title": "آبگوشت بادمجان همدان",
    "location": {
      "province": "همدان",
      "city": "همدان",
      "latitude": 34.7986,
      "longitude": 48.5146
    },
    "ingredients": [
      {
        "name": "گوشت آبگوشت",
        "amount": null,
        "unit": null
      },
      {
        "name": "عدس",
        "amount": 3.0,
        "unit": "لیوان"
      },
      {
        "name": "بادمجان باریک",
        "amount": 2.0,
        "unit": "عدد"
      },
      {
        "name": "پیاز",
        "amount": 2.0,
        "unit": "عدد"
      },
      {
        "name": "کشک",
        "amount": 3.0,
        "unit": "قاشق غذاخوری"
      },
      {
        "name": "نعناع خشک",
        "amount": 1.0,
        "unit": "قاشق غذاخوری"
      }
    ],
    "instructions": [
      "یک پیاز رو نگینی ریز خرد می کنیم وقتی که سبک شد گوشت رو اضافه میکنیم و تفت میدیم زردچوبه اضافه میکنیم و ی تفت کوچولو میدیم و بعد عدس هم اضافه میکنیم و اجازه میدیم بپزه",
      "بادمجان ها رو پوست گرفته حلقه‌ ای خرد می کنیم ونمک میزنیم",
      "وقتی گوشت پخته شد پیاز داغ و نعناع داغ که آماده کردیم رو اضافه میکنیم تا جابیفته",
      "حالا بادمجان های سرخ شده رو بهش اضافه میکنیم و وقتی پخت کشک رو هم میریزیم. کشک نباید بجوشه"
    ],
    "meal_type": [
      "غذای اصلی گوشتی"
    ],
    "occasion": [
      "شام"
    ]
  },
  {
    "title": "رشته پلو مرغ همدان",
    "location": {
      "province": "همدان",
      "city": "همدان",
      "latitude": 34.7986,
      "longitude": 48.5146
    },
    "ingredients": [
      {
        "name": "برنج",
        "amount": 2.0,
        "unit": "پیمانه"
      },
      {
        "name": "رشته پلو",
        "amount": 300.0,
        "unit": "گرم"
      },
      {
        "name": "ران مرغ",
        "amount": 2.0,
        "unit": "عدد"
      },
      {
        "name": "پیاز",
        "amount": 1.0,
        "unit": "عدد"
      },
      {
        "name": "نمک",
        "amount": null,
        "unit": null
      },
      {
        "name": "زردچوبه",
        "amount": null,
        "unit": null
      },
      {
        "name": "زعفران دم کرده",
        "amount": 2.0,
        "unit": "ق غ"
      },
      {
        "name": "روغن",
        "amount": null,
        "unit": null
      }
    ],
    "instructions": [
      "در یک قابلمه یک عدد پیاز را خلالی کرده و با مقدار کمی روغن تفت می دهیم تا پیازها سبک شوند. سپس زردچوبه و فلفل را اضافه می کنیم. ران مرغ را در قابلمه قرار داده و تفت می دهیم تا ران ها کمی سرخ شده و تغییر رنگ دهند. سپس به آن نصف استکان آب و یک قاشق غذاخوری زعفران و کمی نمک اضافه کرده و در آن را می بندیم تا مرغ با حرارت ملایم بپزد.",
      "در یک قابلمه آب ریخته و بعد از به جوش آمدن ، آب روی برنج را خالی کرده و به قابلمه اضافه می کنیم. بعد از اینکه برنج ما نیم پز شد رشته پلویی را اضافه کرده و هم می زنیم تا رشته ها با برنج مخلوط شوند.\n\nبعد از چند دقیقه دانه های برنج را امتحان می کنیم. اگر به اندازه یک نقطه سفید وسط برنج خام مانده بود ، برنج را آبکش می کنیم.",
      "در یک قابلمه یک قاشق روغن ریخته و سیب زمینی حلقه شده را ته آن می چینیم.\n\nمخلوط برنج و رشته را در قابلمه ریخته و زعفران دم کرده را لابه لای برنج می ریزیم.\nدر قابلمه دمی می گذاریم و قالبمه را روی حرارت قرار می دهیم تا رشته پلو دم بکشد.\nبعد از اینکه رشته پلو دم کشید روی آن کره داغ می ریزیم.\nرشته پلو را در ظرف مورد نظر کشیده و مرغ ها را کنار آن قرار داده و سرو می کنیم."
    ],
    "meal_type": [
      "غذای اصلی برنجی"
    ],
    "occasion": [
      "ناهار"
    ]
  },
  {
    "title": "بیرساق محلی همدان",
    "location": {
      "province": "همدان",
      "city": "همدان",
      "latitude": 34.7986,
      "longitude": 48.5146
    },
    "ingredients": [
      {
        "name": "آرد",
        "amount": 500.0,
        "unit": "گرم"
      },
      {
        "name": "مایه خمیر خشک",
        "amount": 7.0,
        "unit": "گرم"
      },
      {
        "name": "نمک",
        "amount": 6.0,
        "unit": "گرم"
      },
      {
        "name": "شکر کم شیرین",
        "amount": 40.0,
        "unit": "گرم"
      },
      {
        "name": "کره یا روغن مایع ",
        "amount": 35.0,
        "unit": "گرم"
      },
      {
        "name": "بهبود دهنده قابل حذف",
        "amount": 2.0,
        "unit": "گرم"
      },
      {
        "name": "شیر اگر خمیر نرم شد کم کم آب اضافه کنید",
        "amount": 300.0,
        "unit": "گرم"
      },
      {
        "name": "مخلوط ادویه زردچوبه، رازیانه،",
        "amount": null,
        "unit": null
      },
      {
        "name": "زیره ی آسیاب شده",
        "amount": 1.0,
        "unit": "قاشق چایخوری"
      }
    ],
    "instructions": [
      "مواد خشک +مایه خمیر + شیر رو ورز بدید و کره یا روغن رو اضافه کنید و به ورز دادنتون ادامه بدید. خمیر تون باید نرم و لطیف بشه اگر نشد کم کم بهش آب اضافه کنید",
      "خمر که آماده شد بگذارید در یک کاسه چرب شده، روشو بپوشونید و به مدت 1 ساعت تا 1 ربع در دمای محیط استراحت بدید تا حجم بگیره(داخل فر گرم و این ها هم نزارید)",
      "خمیر رو از کاسه خارج کنید تقسیم کنید و چانه کنید روی سطح چرب شده و بعد روشنو بپوشونید و بعد دونه دونه با دست یا وردنه بازشون کنید و در روغن داغ سرخ کنید (از آرد برای سطح کار و باز کردن خمیر اصلا استفاده نکنید چون موقع سرخ کردن میسوزه) (من از روغن استفاده کردم که نچسبه)",
      "موقع سرخ کردن بهتره که وسط خمیرو چنگال بزنید سوراخ سوراخ بشه و یکدست سرخ شه",
      "این نون با عسل برای صبحانه خیلی عالیه با پنیر هم میشه میتونید بعد از خنک شدن بسته بندی کنید و بزاریدشون فریزر و هر روز تازه تازه در ماکروفر و فر گرم کنید 😘 نوش جان 😘 😘 😘 😘",
      "تلگرامم::: Cookwit_us@"
    ],
    "meal_type": [
      "دسر"
    ],
    "occasion": [
      "شام"
    ]
  },
  {
    "title": "آش دوغ همدان",
    "location": {
      "province": "همدان",
      "city": "همدان",
      "latitude": 34.7986,
      "longitude": 48.5146
    },
    "ingredients": [
      {
        "name": "نخود لوبیا عدس",
        "amount": 1.0,
        "unit": "پیمانه"
      },
      {
        "name": "سبزی به اندازه من سبزی کوهی ریختم با این سبزی خیلی خوشمزه میشه",
        "amount": null,
        "unit": null
      },
      {
        "name": "سیر",
        "amount": null,
        "unit": null
      },
      {
        "name": "دوغ یا کشک من با دوغ درست کردم",
        "amount": null,
        "unit": null
      },
      {
        "name": "پیاز",
        "amount": null,
        "unit": null
      },
      {
        "name": "نعنا",
        "amount": null,
        "unit": null
      },
      {
        "name": "گردو",
        "amount": null,
        "unit": null
      }
    ],
    "instructions": [
      "بلغور نخود لوبیا عدس را شب خیس می کنیم",
      "حبوباتش با هم میپزم بلغور ش جدا بعد از",
      "پخت با هم مخلوط میکنیم",
      "سبزی اضافه میکنیم زیرش می کشیم پاین",
      "تا جا بیفته نوش جان",
      "طرزتهیه ترحلوا",
      "سه قاشق آرد برنج یک عدد کره متوسط",
      "شکر نصفه پیما نه زعفران دو قاشق",
      "آرد برنج را تفت کوچک مدیم تا خامشی گرفته",
      "بشه شکر با آب می ریزیم توش جوش کهامد",
      "اولش مرتب به هم می زنیم که گوله نشه",
      "بعد زعفران بهش اضافه می کنیم درش",
      "می زنیم زیرش می کشیم پایین تا قوام بیاد"
    ],
    "meal_type": [
      "آش و سوپ"
    ],
    "occasion": [
      "شام"
    ]
  },
  {
    "title": "کباب همدانی",
    "location": {
      "province": "همدان",
      "city": "همدان",
      "latitude": 34.7986,
      "longitude": 48.5146
    },
    "ingredients": [
      {
        "name": "گوشت چرخ کرده",
        "amount": 250.0,
        "unit": "گرم"
      },
      {
        "name": "پیاز متوسط ی دونه برا گوشت ی دونه برا کف مایتابه",
        "amount": 2.0,
        "unit": "عدد"
      },
      {
        "name": "گوجه",
        "amount": 4.0,
        "unit": "عدد"
      },
      {
        "name": "سیب زمینی بزرگ",
        "amount": 1.0,
        "unit": "عدد"
      },
      {
        "name": "فلفل دلمه ای کوچک",
        "amount": 1.0,
        "unit": "عدد"
      },
      {
        "name": "هویج متوسط",
        "amount": 2.0,
        "unit": "عدد"
      },
      {
        "name": "کدو حلوایی",
        "amount": "مقداری",
        "unit": null
      },
      {
        "name": "ادویه جات",
        "amount": null,
        "unit": null
      }
    ],
    "instructions": [
      "طرز تهیه کباب همدانی البته اونجوری که من درست میکنم به این صورته که \r\nتو ی مایتابه اول روغن میریزیم بعد یه ردیف پیاز نگینی، روی اون هویج حلقه شده، بعد ی ردیف سیب زمینی حلقه ای یا خلالی بعد یه ردیف گوجه حلقه ای بعد مقداری فلفل دلمه ای و کدو حلوایی حبه ای بعد گوشت چرخ کرده که با پیاز رنده شده مخلوط کردیم و خوب ورز دادیم.",
      "مخلوط رو به صورت گرد (مث شامی) یا کشیده (مث کباب تابه ای) می چینیم روی گوجه ها و بعد یه قاشق آبلیمو اضافه میکنیم و مقداری زعفرون دم کشیده هم میپاشیم رو کبابا که هم رنگ داشته باشه و هم عطر بهتری.",
      "درب مایتابه رو میگذاریم و اجازه میدیم رو حرارت ملایم کاملا پخته بشه یعنی تقریبا میشه گفت همه بخار پز میشه چون ما سرخ شدنی نداریم و همه مواد چون تقریبا آب میندازن و با آب خودشون بخار پز میشن. لازم به ذکره که بگم عطر و بوی این خورش به خاطر ترکیب بوی پیاز و گوشت و آبلیمو و فلفل دلمه ای و زعفرون هنگام پخار پز واقعا دلپذیره"
    ],
    "meal_type": [
      "غذای اصلی گوشتی"
    ],
    "occasion": [
      "شام"
    ]
  },
  {
    "title": "آش گوجه فرنگی",
    "location": {
      "province": "همدان",
      "city": "رزن",
      "coordinates": {
        "latitude": 34.3204,
        "longitude": 48.3469
      }
    },
    "ingredients": [
      {
        "name": "گوجه فرنگی",
        "amount": "به مقدار کافی",
        "unit": null
      },
      {
        "name": "سبزی آش",
        "amount": "به مقدار لازم",
        "unit": null
      },
      {
        "name": "پیاز",
        "amount": 2,
        "unit": "عدد"
      },
      {
        "name": "لپه",
        "amount": "به مقدار لازم",
        "unit": null
      },
      {
        "name": "برنج",
        "amount": "به مقدار لازم",
        "unit": null
      },
      {
        "name": "نمک",
        "amount": "به مقدار لازم",
        "unit": null
      },
      {
        "name": "فلفل",
        "amount": "به مقدار لازم",
        "unit": null
      },
      {
        "name": "زرچوبه",
        "amount": "به مقدار لازم",
        "unit": null
      },
      {
        "name": "آب",
        "amount": "به مقدار لازم",
        "unit": null
      }
    ],
    "instructions": [
      "گوجه فرنگی‌ها را شسته و خرد کنید.",
      "پیازها را نگینی خرد کرده و در قابلمه با روغن تفت دهید.",
      "سبزی‌ها و لپه را به پیازها اضافه کرده و هم بزنید.",
      "برنج و گوجه‌های خرد شده را نیز اضافه کنید.",
      "آب را اضافه کرده و اجازه دهید تا مواد خوب بپزند.",
      "نمک، فلفل و زرچوبه را به آش اضافه کنید.",
      "پس از پخت کامل، آش آماده سرو است."
    ],
    "meal_type": [
      "آش و سوپ"
    ],
    "occasion": [
      [
        "شام"
      ]
    ]
  },
  {
    "title": "آش اماج",
    "location": {
      "province": "همدان",
      "city": "همدان",
      "coordinates": {
        "latitude": 34.7987,
        "longitude": 48.5146
      }
    },
    "ingredients": [
      {
        "name": "اماج",
        "amount": 1,
        "unit": "پیمانه"
      },
      {
        "name": "سبزی آش (تره، پیازچه)",
        "amount": 500,
        "unit": "گرم"
      },
      {
        "name": "پیاز داغ",
        "amount": 2,
        "unit": "قاشق غذاخوری"
      },
      {
        "name": "سیر",
        "amount": 3,
        "unit": "حبه"
      },
      {
        "name": "عدس",
        "amount": 150,
        "unit": "گرم"
      },
      {
        "name": "لوبیا چشم بلبلی",
        "amount": 150,
        "unit": "گرم"
      },
      {
        "name": "تخم مرغ",
        "amount": 1,
        "unit": "عدد"
      },
      {
        "name": "نمک",
        "amount": "به میزان دلخواه",
        "unit": null
      },
      {
        "name": "فلفل",
        "amount": "به میزان دلخواه",
        "unit": null
      },
      {
        "name": "زردچوبه",
        "amount": "به میزان دلخواه",
        "unit": null
      }
    ],
    "instructions": [
      "لوبیای چشم بلبلی را که از شب قبل خیس کرده‌اید با یک لیتر آب و کمی نمک روی حرارت قرار دهید تا نیم‌پز شود.",
      "عدس را اضافه کرده و بعد از آن که کمی نرم شد پیاز داغ را که با زردچوبه تفت داده‌اید به همراه سبزی و سیر داغ اضافه نمایید.",
      "بعد از چند جوش 2 پیمانه آب سرد ریخته و اماج را اضافه کنید مرتب هم بزنید تا اماج‌ها به هم نچسبند.",
      "بعد از 10 دقیقه نمک و فلفل آش را اندازه کنید، تخم ‌مرغ را بشکنید و کم کم اضافه نموده و هم بزنید تا پخته شود.",
      "سپس در ظرف کشیده، روی آن را با نعنا داغ تزیین کنید."
    ],
    "meal_type": [
      "آش و سوپ"
    ],
    "occasion": [
      [
        "شام"
      ]
    ]
  },
  {
    "title": "آش خشکبار",
    "location": {
      "province": "همدان",
      "city": "همدان",
      "coordinates": {
        "latitude": 34.7987,
        "longitude": 48.5146
      }
    },
    "ingredients": [
      {
        "name": "سبزی آش (جعفری، گشنیز، برگ چغندر یا اسفناج) یا تره کوهی",
        "amount": 500,
        "unit": "گرم"
      },
      {
        "name": "عدس",
        "amount": 0.5,
        "unit": "پیمانه"
      },
      {
        "name": "نخود",
        "amount": 1,
        "unit": "پیمانه"
      },
      {
        "name": "گوشت گوسفندی با استخوان",
        "amount": 200,
        "unit": "گرم"
      },
      {
        "name": "برنج",
        "amount": 3,
        "unit": "قاشق غذاخوری"
      },
      {
        "name": "پیاز",
        "amount": 1,
        "unit": "عدد"
      },
      {
        "name": "برگه زردآلو",
        "amount": 0.5,
        "unit": "پیمانه"
      },
      {
        "name": "برگه هلو",
        "amount": 0.5,
        "unit": "پیمانه"
      },
      {
        "name": "آلبالوی خشک شده",
        "amount": 0.5,
        "unit": "پیمانه"
      },
      {
        "name": "آلوی ترش خشک شده",
        "amount": 0.5,
        "unit": "پیمانه"
      },
      {
        "name": "رشته آش",
        "amount": 1,
        "unit": "بسته کوچک"
      },
      {
        "name": "نمک",
        "amount": "به مقدار لازم",
        "unit": null
      },
      {
        "name": "فلفل سیاه",
        "amount": "به مقدار لازم",
        "unit": null
      },
      {
        "name": "زردچوبه",
        "amount": "به مقدار لازم",
        "unit": null
      },
      {
        "name": "سرکه سیب",
        "amount": 2,
        "unit": "قاشق غذاخوری"
      },
      {
        "name": "لوبیا",
        "amount": 1,
        "unit": "پیمانه"
      },
      {
        "name": "شیره انگور",
        "amount": "به مقدار لازم",
        "unit": null
      },
      {
        "name": "روغن زیتون",
        "amount": "به مقدار لازم",
        "unit": null
      },
      {
        "name": "پیاز، نعناع و سیر داغ",
        "amount": "به مقدار لازم",
        "unit": null
      }
    ],
    "instructions": [
      "حبوبات را از شب قبل خیس کنید. خشکبار را هم جداگانه خیس کنید.",
      "گوشت، حبوبات و پیاز خرد شده را بپزید.",
      "نمک، فلفل سیاه و زردچوبه را به آن ها اضافه کنید.",
      "در 20 دقیقه آخر پختن، خشکبار، سبزی آش یا تره کوهی، رشته آش و برنج را به مواد اضافه کنید.",
      "سرکه سیب را با شیره انگور مخلوط کرده و به سایر مواد اضافه کنید.",
      "آش را بعد از آماده شدن داخل ظرف مورد نظر بکشید و با مخلوط روغن زیتون، پیاز، نعناع و سیر داغ روی آن را تزئین کنید."
    ],
    "meal_type": [
      "آش و سوپ"
    ],
    "occasion": [
      [
        "شام"
      ]
    ]
  },
  {
    "title": "آش برنج همدان با گوشت گوسفند",
    "location": {
      "province": "همدان",
      "city": "همدان",
      "coordinates": {
        "latitude": 34.7987,
        "longitude": 48.5146
      }
    },
    "ingredients": [
      {
        "name": "فلفل سیاه",
        "amount": 1,
        "unit": "قاشق چای‌خوری"
      },
      {
        "name": "عدس",
        "amount": 0.33,
        "unit": "پیمانه"
      },
      {
        "name": "ماست",
        "amount": 200,
        "unit": "گرم"
      },
      {
        "name": "زردچوبه",
        "amount": 1,
        "unit": "قاشق چای‌خوری"
      },
      {
        "name": "پیاز",
        "amount": 2,
        "unit": "عدد"
      },
      {
        "name": "گوشت گوسفند",
        "amount": 150,
        "unit": "گرم"
      },
      {
        "name": "برگ بو",
        "amount": 1,
        "unit": "عدد"
      },
      {
        "name": "نمک",
        "amount": 1,
        "unit": "قاشق چای‌خوری"
      },
      {
        "name": "برنج",
        "amount": 0.5,
        "unit": "پیمانه"
      },
      {
        "name": "سبزی آش",
        "amount": 100,
        "unit": "گرم"
      }
    ],
    "instructions": [
      "گوشت، 1 عدد پیاز، کمی آب، برگ بو، فلفل و زردچوبه را در داخل قابلمه‌ای بریزید و آن را روی شعله ملایم گاز قرار دهید.",
      "پس از پخت کامل گوشت آن را ریش‌ریش کنید و کنار بگذارید.",
      "عدس و برنج را در قابلمه‌های جداگانه بپزید.",
      "زمانی که برنج به مقدار کافی پخت، عدس، سبزی و پیاز خردشده را به آن اضافه کنید.",
      "نمک، فلفل و زردچوبه را هم داخل ترکیبات بریزید.",
      "زمانی که حس کردید سبزی آش پخته شده است، گوشت ریش‌ریش شده را به آن اضافه کرده و اجازه دهید برای دقایقی دیگر روی حرارت باقی بماند. در طی این مدت آش را هم بزنید تا ته نگیرد.",
      "زمانی که آش کاملا جا افتاد، آن را از روی حرارت بردارید و ماست را با آن مخلوط کنید.",
      "آش آماده سرو است و می‌توانید تزئین روی آن را با گردو انجام دهید."
    ],
    "meal_type": [
      "آش و سوپ"
    ],
    "occasion": [
      [
        "شام"
      ]
    ]
  }
]