[
  {
    "title": "بورانی شنگ",
    "location": {
      "province": "آذربایجان غربی",
      "city": "ارومیه",
      "coordinates": {
        "latitude": 37.55,
        "longitude": 44.95
      }
    },
    "ingredients": [
      {
        "name": "نمک برای خیساندن برنج",
        "amount": "1 ",
        "unit": "قاشق غذاخوری"
      },
      {
        "name": "لپه",
        "amount": "یک‌سوم پیمانه",
        "unit": ""
      },
      {
        "name": "پیاز",
        "amount": "1 ",
        "unit": "عدد متوسط"
      },
      {
        "name": "نمک برای پخت برنج",
        "amount": "1 ",
        "unit": "قاشق چای‌خوری"
      },
      {
        "name": "تخم‌مرغ",
        "amount": "2 ",
        "unit": "عدد متوسط"
      },
      {
        "name": "برنج",
        "amount": "یک و نیم",
        "unit": "پیمانه"
      },
      {
        "name": "آب برای شنگ",
        "amount": "سه‌چهارم پیمانه",
        "unit": ""
      },
      {
        "name": "شنگ",
        "amount": "300 ",
        "unit": "گرم"
      },
      {
        "name": "روغن‌مایع",
        "amount": "4 ",
        "unit": "قاشق غذاخوری"
      },
      {
        "name": "فلفل سیاه",
        "amount": "1 ",
        "unit": "قاشق چای‌خوری"
      }
    ],
    "instructions": [
      "آماده‌سازی - مرحله 1: برنج را پاک کنید و با آب ولرم بشویید (تا زمان شفاف شدن آبِ برنج به شستشو ادامه دهید.)؛ بهتر است برنج شسته‌شده را با مقداری آب (درحدی که روی برنج را بگیرد) و نمک در ظرف مناسبی بریزید و به مدت 3 تا 4 ساعت بخیسانید. بعد از گذشت این مدت زمان، آبِ برنج را خالی کنید.",
      "آماده‌سازی - مرحله 2: لپه را پاک کنید و با آب ولرم بشویید. شنگ را پاک کنید، خوب بشویید و ریز خردکنید. پیاز را بشویید، پوست بگیرید و نگینی ریز خردکنید.",
      "روش پخت - مرحله 1: ابتدا لپه را با مقداری آب (درحدی که روی لپه را بگیرد) در قابلمه بریزید و روی حرارت ملایم بگذارید تا بپزد و نرم شود. بعد از پخت، آبکش کنید و کنار بگذارید.",
      "روش پخت - مرحله 2: در این فاصله پیاز را در قابلمه دیگری با کمی روغن سرخ کنید؛ سپس شنگ را در آن تفت دهید. کمی آب بریزید و درب قابلمه را ببندید تا شنگ روی حرارت ملایم بپزد و آبِ سبزی کشیده شود. بعد از پخت، نمک و فلفل بزنید و خوب زیر و رو کرده، شعله را خاموش کنید.",
      "روش پخت - مرحله 3: دو-سوم قابلمه دیگری را از آب پُرکنید و بجوشانید. وقتی آب به‌جوش آمد، برنج و نمک را داخل آب بریزید و اجازه دهید برنج خوب بجوشد. هرازگاهی کفِ ایجادشده روی برنج را با کفگیر بردارید و دور بریزید. بسته به نوع برنج 8 تا 12 دقیقه زمان لازم است تا برنج مغزپخت شود. برای تست، دانه برنج را بین دو انگشت فشار دهید تا له شود. درصورتی‌که سطح برنج نرم ولی داخل آن کمی سفت بود، یعنی برنج برای آبکشی آماده است.",
      "روش پخت - مرحله 4: برنج را آبکش کنید و مقداری آبِ سرد روی آن بگیرید تا نمک اضافی و لعاب برنج گرفته شود. بعد برنج آبکش‌شده و لپه پخته را داخل قابلمه شنگ بریزید و خوب زیر و رو کنید. با کفگیر، برنج را از کناره‌ها به سمت وسط جمع کنید (چیزی شبیه به کوه بسازید). حفره‌هایی روی برنج ایجاد کنید، بعد درب قابلمه را بگذارید (درصورت نیاز دم‌کنی مناسب بگذارید)، شعله را روشن کرده، حرارت را کم کنید و اجازه دهید غذا روی حرارت ملایم بخار کند تا دَم بکشد.",
      "روش پخت - مرحله 5: وقتی غذا دَم‌کشید، در تابه‌ای نیمرو درست کرده و در کنار غذا سرو کنید."
    ],
    "meal_type": [
      ""
    ],
    "occasion": [
      ""
    ]
  },
  {
    "title": "آش دوغ ارومیه",
    "location": {
      "province": "آذربایجان غربی",
      "city": "ارومیه",
      "coordinates": {
        "latitude": 37.55,
        "longitude": 44.95
      }
    },
    "ingredients": [
      {
        "name": "کلم‌برگ‌ سفید خرد شده",
        "amount": "1 ",
        "unit": "پیمانه"
      },
      {
        "name": "دوغ",
        "amount": "2 ",
        "unit": "پیمانه"
      },
      {
        "name": "آرد سفید",
        "amount": "1 ",
        "unit": "قاشق غذاخوری"
      },
      {
        "name": "سبزی‌آش جعفری،گشنیز،شوید و اسفناج یا برگ چغندر",
        "amount": "100 ",
        "unit": "گرم"
      },
      {
        "name": "فلفل‌سبز تند",
        "amount": "1 ",
        "unit": "عدد متوسط"
      },
      {
        "name": "تخم‌مرغ",
        "amount": "1 ",
        "unit": "عدد کوچک"
      },
      {
        "name": "نمک",
        "amount": "1 ",
        "unit": "قاشق چای‌خوری"
      },
      {
        "name": "آب",
        "amount": "",
        "unit": "میزان لازم"
      },
      {
        "name": "نخود",
        "amount": "نصف",
        "unit": "پیمانه"
      },
      {
        "name": "فلفل قرمز",
        "amount": "نصف",
        "unit": "قاشق چای‌خوری"
      },
      {
        "name": "بلغور‌ گندم",
        "amount": "نصف",
        "unit": "پیمانه"
      }
    ],
    "instructions": [
      "آماده سازی - مرحله 1: نخود را پاک کنید و بشویید. سبزی‌ها را پاک کرده، بشویید و ریز خرد کنید. کلم برگ را بشویید و خرد کنید. فلفل‌سبز تند را بشویید و خرد کنید. بلغور گندم را بشویید.",
      "روش پخت - مرحله 1: نخود و بلغورگندم را با مقداری آب (به‌اندازه‌ای که روی آن‌ها را بپوشاند) در قابلمه‌های جداگانه بریزید و روی حرارت ملایم بپزید. نخود باید کاملاً پخته و نرم شده و پس از پخت، آبکشی شود. بلغورگندم باید له شود و لعاب دهد.",
      "روش پخت - مرحله 2: وقتی بلغور گندم و نخود پختند، نخود پخته، فلفل‌سبز، کلم‌برگ و سبزی را به بلغور گندم اضافه کنید، کمی آبِجوش بریزید و اجازه دهید سبزیجات روی حرارت ملایم بپزند.",
      "روش پخت - مرحله 3: در کاسه‌‌‌ای تخم‌مرغ را با دوغ مخلوط کرده، آرد الک‌شده را اضافه کنید و هم‌بزنید تا کاملاً ترکیب شوند. ترکیب به‌دست آمده را در قابلمه دیگری بجوشانید و به قابلمه آش انتقال دهید؛ هم‌بزنید تا مواد باهم ترکیب شوند. اجازه دهید آش روی حرارت ملایم بماند تا به‌جوش آید.",
      "روش پخت - مرحله 4: پس از اینکه آش به جوش آمد، نمک و فلفل قرمز را اضافه کرده، حرارت را کم کنید و اجازه دهید آش روی حرارت ملایم غل بزند تا جا بیفتد. نوش‌جان!"
    ],
    "meal_type": [
      ""
    ],
    "occasion": [
      ""
    ]
  },
  {
    "title": "خورش کردی",
    "location": {
      "province": "آذربایجان غربی",
      "city": "ارومیه",
      "coordinates": {
        "latitude": 37.55,
        "longitude": 44.95
      }
    },
    "ingredients": [
      {
        "name": "نمک",
        "amount": "1 ",
        "unit": "قاشق چای‌خوری"
      },
      {
        "name": "آب",
        "amount": "",
        "unit": "میزان لازم"
      },
      {
        "name": "لیمو‌عُمانی (اَمانی)",
        "amount": "2 ",
        "unit": "عدد متوسط"
      },
      {
        "name": "رب‌ گوجه‌فرنگی",
        "amount": "1 ",
        "unit": "قاشق غذاخوری"
      },
      {
        "name": "سیب‌زمینی",
        "amount": "1 ",
        "unit": "عدد متوسط"
      },
      {
        "name": "تره خردشده",
        "amount": "نصف",
        "unit": "پیمانه"
      },
      {
        "name": "گوجه‌فرنگی",
        "amount": "1 ",
        "unit": "عدد متوسط"
      },
      {
        "name": "فلفل سیاه",
        "amount": "1 ",
        "unit": "قاشق چای‌خوری"
      },
      {
        "name": "پیاز",
        "amount": "1 ",
        "unit": "عدد متوسط"
      },
      {
        "name": "لوبیا سفید",
        "amount": "نصف",
        "unit": "پیمانه"
      },
      {
        "name": "زردچوبه",
        "amount": "1 ",
        "unit": "قاشق چای‌خوری"
      },
      {
        "name": "شنبلیله خردشده-درصورت تمایل",
        "amount": "یک‌چهارم",
        "unit": "پیمانه"
      },
      {
        "name": "روغن‌مایع",
        "amount": "یک‌چهارم",
        "unit": "پیمانه"
      },
      {
        "name": "گوشت سردست گوسفند",
        "amount": "250 ",
        "unit": "گرم"
      }
    ],
    "instructions": [
      "آماده‌سازی - مرحله 1: گوشت را تمیز بشویید تا مو و خرده استخوانی به آن نماند، سپس آن را مکعبی (خورشتی) خرد کنید. لوبیا را پاک کنید و بشویید. پیاز، سیب‌زمینی و گوجه‌فرنگی را بشویید و پوست بگیرید.",
      "آماده‌سازی - مرحله 2: پیاز و گوجه را نگینی خرد کنید. سیب‌زمینی را در ابعاد دلخواه خرد کنید. تره و شنبلیله را پاک کرده، بشویید و ریز خرد کنید.",
      "روش پخت - مرحله 1: ابتدا لوبیا سفید را با مقداری آب بپزید بعد آبکش کنید و کنار بگذارید.",
      "روش پخت - مرحله 2: در قابلمه مدنظر برای پختِ خورش، مقداری روغن بریزید و پیاز را در روغن تفت دهید تا بلوری شود، سپس زردچوبه بزنید و تفت دهید تا پیاز طلایی شود. بعد گوشت را در پیاز تفت دهید تا رنگِ گوشت تغییر کند.مقداری آب بریزید و درب قابلمه را ببندید (اول حرارت را زیاد کنید تا آب به‌جوش بیاید بعد حرارت را کم کنید) تا گوشت روی حرارت ملایم به‌آرامی بپزد.",
      "روش پخت - مرحله 3: در تابه‌ای سبزی را بدون روغن تفت دهید تا آبش کشیده شود، سپس روغن بریزید و سبزی را سرخ کنید و کنار بگذارید.",
      "روش پخت - مرحله 4: وقتی گوشت پخت، سبزی سرخ‌شده، سیب‌زمینی، گوجه، لوبیای پخته و لیموعمانی را به گوشت اضافه کنید. مقداری آب بریزید و درب قابلمه را ببندید تا همه مواد باهم بپزند .",
      "روش پخت - مرحله 5: حالا در تابه دیگری مقداری روغن بریزید تا گرم شود، سپس رب را اضافه کنید و تفت دهید تا رنگ رب بازشده و بوی خامی‌اش گرفته‌شود. بعد نمک و فلفل بپاشید و تفت دهید و محتویات تابه را داخل خورش بریزید؛ درب قابلمه را ببندید تا خورش مزه بگیرد و جابیفتد."
    ],
    "meal_type": [
      ""
    ],
    "occasion": [
      ""
    ]
  },
  {
    "title": "آش جعفری و گوجه‌فرنگی",
    "location": {
      "province": "آذربایجان غربی",
      "city": "ارومیه",
      "coordinates": {
        "latitude": 37.55,
        "longitude": 44.95
      }
    },
    "ingredients": [
      {
        "name": "فلفل‌سبز تند",
        "amount": "1 ",
        "unit": "عدد متوسط"
      },
      {
        "name": "بلغور‌ گندم بلغور خیس خورده",
        "amount": "یک‌سوم پیمانه",
        "unit": ""
      },
      {
        "name": "لوبیا‌قرمز لوبیا قرمز یا چشم بلبلی",
        "amount": "یک‌سوم پیمانه",
        "unit": ""
      },
      {
        "name": "برنج",
        "amount": "1 ",
        "unit": "قاشق غذاخوری"
      },
      {
        "name": "آب",
        "amount": "",
        "unit": "میزان لازم"
      },
      {
        "name": "رب‌ گوجه‌فرنگی",
        "amount": "1 ",
        "unit": "قاشق مرباخوری"
      },
      {
        "name": "آبِ گوشت در صورت تمایل",
        "amount": "1 ",
        "unit": "پیمانه"
      },
      {
        "name": "جعفری",
        "amount": "100 ",
        "unit": "گرم"
      },
      {
        "name": "لیمو‌ترش لیمو ترش یا جوهر لیمو در صورت تمایل",
        "amount": "نصف",
        "unit": "قاشق چای‌خوری"
      },
      {
        "name": "تره",
        "amount": "100 ",
        "unit": "گرم"
      },
      {
        "name": "روغن‌مایع",
        "amount": "",
        "unit": "میزان لازم"
      },
      {
        "name": "آبِ گوشت در صورت تمایل",
        "amount": "1 ",
        "unit": "پیمانه"
      },
      {
        "name": "فلفل قرمز",
        "amount": "نصف",
        "unit": "قاشق چای‌خوری"
      },
      {
        "name": "پیاز",
        "amount": "1 ",
        "unit": "عدد متوسط"
      },
      {
        "name": "گوجه‌فرنگی گوجه فرنگی پوست گرفته شده",
        "amount": "300 ",
        "unit": "گرم"
      },
      {
        "name": "زردچوبه",
        "amount": "نصف",
        "unit": "قاشق چای‌خوری"
      },
      {
        "name": "نمک",
        "amount": "1 ",
        "unit": "قاشق چای‌خوری"
      }
    ],
    "instructions": [
      "آماده سازی - مرحله 1: گوجه‌فرنگی را بشویید، پوست بگیرید و رنده کنید.می‌توانید به‌جای پوست گرفتن و رنده کردن گوجه، فقط سر و ته آن را جدا کنید و در میکسر بیندازید تا پوره شود.بلغور را بخیسانید.لوبیا را پاک کنید و بشویید.سبزی مدنظر را پاک کنید، بشویید و خرد کنید.برنج را پاک کرده و بشویید.پیاز را بشویید، پوست بگیرید و نگینی یا خلالی خرد کنید.فلفل‌سبز را بشویید و خرد کنید.",
      "روش پخت اول - مرحله 1: بلغور و برنج را با مقداری آب در قابلمه‌های جدا بریزید و روی حرارت بگذارید تا بپزند و لعاب بیندازند.",
      "روش پخت اول - مرحله 2: لوبیا را هم در قابلمه‌ای دیگر بپزید و بعد آبکش کنید.",
      "روش پخت اول - مرحله 3: در یک تابه روغن بریزید و پیاز را سرخ کنید، بعد به آن زردچوبه بزنید و رب گوجه، نمک و فلفل را هم اضافه کنید تفت دهید. در ادامه کمی آب یا در صورت تمایل آب گوشت به آن اضافه کنید و اجازه دهید بجوشد.",
      "روش پخت اول - مرحله 4: برنج پخته را به بلغور پخته اضافه کنید، مخلوط پیاز داغ و رب، سبزی و لوبیای پخته را هم در قابلمه بلغور بریزید.",
      "روش پخت اول - مرحله 5: پس از چند دقیقه، گوجه‌فرنگی و فلفل‌سبز را داخل آش بریزید و صبر کنید تا آش بپزد و جا بیفتد.",
      "روش پخت دوم - مرحله 1: لوبیا را بپزید.",
      "روش پخت دوم - مرحله 2: در قابلمه‌ای دیگر، پیاز را با روغن تفت دهید و به آن زردچوبه بزنید، بعد رب گوجه، نمک و فلفل را هم اضافه کنید و کمی آب یا در صورت تمایل آب گوشت در آن بریزید تا مواد با هم بجوشند.",
      "روش پخت دوم - مرحله 3: بعد از چند غل، بلغور را همراه با برنج اضافه کنید تا بپزند و لعاب بیندازند.",
      "روش پخت دوم - مرحله 4: اواسط پخت بلغور و برنج، سبزی و لوبیای پخته را به بلغور، برنج و پیاز داغ اضافه کنید.",
      "روش پخت دوم - مرحله 5: پس از چند دقیقه گوجه‌فرنگی و فلفل‌سبز را اضافه کرده و صبر کنید تا آش بپزد و جا بیفتد. می‌توانید در این مرحله اگر تمایل دارید، مقدار کمی جوهر لیمو هم به آش اضافه کنید."
    ],
    "meal_type": [
      ""
    ],
    "occasion": [
      ""
    ]
  },
  {
    "title": "حاج خورش",
    "location": {
      "province": "آذربایجان غربی",
      "city": "ارومیه",
      "coordinates": {
        "latitude": 37.55,
        "longitude": 44.95
      }
    },
    "ingredients": [
      {
        "name": "روغن‌مایع",
        "amount": "یک‌چهارم",
        "unit": "پیمانه"
      },
      {
        "name": "آب",
        "amount": "",
        "unit": "میزان لازم"
      },
      {
        "name": "لوبیا سفید",
        "amount": "سه‌چهارم پیمانه",
        "unit": ""
      },
      {
        "name": "نمک",
        "amount": "1 ",
        "unit": "قاشق چای‌خوری"
      },
      {
        "name": "پیاز",
        "amount": "1 ",
        "unit": "عدد متوسط"
      },
      {
        "name": "گوجه‌فرنگی",
        "amount": "1 ",
        "unit": "عدد متوسط"
      },
      {
        "name": "سیر حبه",
        "amount": "1 ",
        "unit": "عدد متوسط"
      },
      {
        "name": "لیمو‌عُمانی (اَمانی)",
        "amount": "2 ",
        "unit": "عدد متوسط"
      },
      {
        "name": "رب‌ گوجه‌فرنگی",
        "amount": "یک و نیم",
        "unit": "قاشق غذاخوری"
      },
      {
        "name": "سیب‌زمینی",
        "amount": "1 ",
        "unit": "عدد بزرگ"
      },
      {
        "name": "زردچوبه",
        "amount": "1 ",
        "unit": "قاشق چای‌خوری"
      },
      {
        "name": "فلفل سیاه",
        "amount": "1 ",
        "unit": "قاشق چای‌خوری"
      },
      {
        "name": "گوشت سردست گوسفند",
        "amount": "250 ",
        "unit": "گرم"
      }
    ],
    "instructions": [
      "آماده‌سازی - مرحله 1: لوبیا را پاک کرده و بشویید. گوشت را تمیز بشویید تا مو و خرده استخوانی به آن نماند، سپس آن را مکعبی (خورشتی) خرد کنید. پیاز، سیر ، سیب‌زمینی و گوجه‌فرنگی را بشویید و پوست بگیرید. لیمو عمانی را با چنگال سوراخ کنید و به مدت 15 دقیقه در آب ولرم بخیسانید.",
      "آماده‌سازی - مرحله 2: پیاز و سیر را نگینی ریز خرد کرده یا رنده کنید. سیب‌زمینی را خلالی خرد کنید. گوجه را به شکل دلخواه خرد کنید.",
      "روش اول پخت - مرحله 1: ابتدا لوبیا سفید را با مقداری آب بپزید بعد آبکش کنید و کنار بگذارید.",
      "روش اول پخت - مرحله 2: در قابلمه مدنظر برای پختِ خورش، مقداری روغن بریزید و پیاز را در روغن تفت دهید، سپس گوشت را در پیاز بریزید، فلفل و زردچوبه بزنید و تفت دهید تا رنگِ گوشت تغییر کند.مقداری آب بریزید و درب قابلمه را ببندید (اول حرارت را زیاد کنید تا آب به‌جوش بیاید بعد حرارت را کم کنید) تا گوشت روی حرارت ملایم به‌آرامی بپزد.",
      "روش اول پخت - مرحله 3: اواسط پختِ گوشت، سیر را اضافه کنید، وقتی گوشت پخت، لوبیای پخته را هم داخل قابلمه بریزید.",
      "روش اول پخت - مرحله 4: حالا در تابه دیگری مقداری روغن بریزید تا گرم شود، سپس رب را اضافه کنید و تفت دهید تا رنگ رب بازشده و بوی خامی‌اش گرفته‌شود. بعد محتویات تابه را به‌همراه نمک و لیموعمانی داخل خورش بریزید؛ درب قابلمه را ببندید تا خورش مزه بگیرد و جابیفتد.",
      "روش اول پخت - مرحله 5: سیب‌زمینی و گوجه را جداگانه سرخ کنید. گوجه را به خورش اضافه کنید و سیب‌زمینی را برای تزیین خورش در زمان سرو نگه‌دارید.",
      "روش دوم پخت - مرحله 1: ابتدا در قابلمه روغن بریزید و روی حرارت قرار دهید تا گرم شود، سپس پیاز را اضافه کنید تفت دهید تا سبک شود و گوشت را اضافه کنید و تفت دهید تا رنگ گوشت تغییر کند. سپس زردچوبه و فلفل را بریزید و بعد رب گوجه فرنگی را اضافه کنید. رب را تفت دهید تا بوی خامی آن از بین برود و رنگ رب باز شود.",
      "روش دوم پخت - مرحله 2: سیر را اضافه کنید و تفت دهید تا بوی سیر بلند شود. لوبیا سفید را اضافه کنید و بعد مقداری آب را همراه لیموعمانی اضافه کنید و اجازه دهید تا روی حرارت ملایم گوشت و لوبیا پخته شود.",
      "روش دوم پخت - مرحله 3: در این فاصله در تابه ای روغن بریزید و روی حرارت قرار دهید تا گرم شود و سیب زمینی و گوجه را جداگانه در روغن سرخ کنید. اواخر پخت گوجه سرخ شده را به خورش اضافه کنید و زمان سرو سیب زمینی را برای تزئین روی خورش بریزید. نوش‌جان!"
    ],
    "meal_type": [
      ""
    ],
    "occasion": [
      ""
    ]
  },
  {
    "title": "یارما شورباسی",
    "location": {
      "province": "آذربایجان غربی",
      "city": "ارومیه",
      "coordinates": {
        "latitude": 37.55,
        "longitude": 44.95
      }
    },
    "ingredients": [
      {
        "name": "روغن‌مایع",
        "amount": "6 ",
        "unit": "قاشق غذاخوری"
      },
      {
        "name": "رب‌ گوجه‌فرنگی",
        "amount": "1 ",
        "unit": "قاشق غذاخوری"
      },
      {
        "name": "لوبیا‌قرمز",
        "amount": "یک‌چهارم",
        "unit": "پیمانه"
      },
      {
        "name": "پیاز",
        "amount": "1 ",
        "unit": "عدد متوسط"
      },
      {
        "name": "لوبیا‌سبز در صورت تمایل",
        "amount": "5 ",
        "unit": "عدد متوسط"
      },
      {
        "name": "گوجه‌ خشک",
        "amount": "6 ",
        "unit": "عدد متوسط"
      },
      {
        "name": "نمک",
        "amount": "1 ",
        "unit": "قاشق چای‌خوری"
      },
      {
        "name": "آب",
        "amount": "",
        "unit": "میزان لازم"
      },
      {
        "name": "سیب‌زمینی",
        "amount": "1 ",
        "unit": "عدد متوسط"
      },
      {
        "name": "بلغور‌ گندم",
        "amount": "یک‌سوم پیمانه",
        "unit": ""
      },
      {
        "name": "سبزی‌معطر ریحان، تره، ترخون",
        "amount": "100 ",
        "unit": "گرم"
      },
      {
        "name": "فلفل سیاه",
        "amount": "نصف",
        "unit": "قاشق چای‌خوری"
      },
      {
        "name": "به",
        "amount": "نصف",
        "unit": "عدد متوسط"
      },
      {
        "name": "بادمجان",
        "amount": "1 ",
        "unit": "عدد متوسط"
      },
      {
        "name": "زردچوبه",
        "amount": "نصف",
        "unit": "قاشق چای‌خوری"
      },
      {
        "name": "غوره",
        "amount": "",
        "unit": "میزان لازم"
      },
      {
        "name": "برنج",
        "amount": "یک‌سوم پیمانه",
        "unit": ""
      }
    ],
    "instructions": [
      "آماده سازی - مرحله 1: • برنج و لوبیا قرمز را پاک کنید و بشویید. • پیاز و سیب‌زمینی را بشویید، پوست بگیرید و نگینی خرد کنید. • بادمجان را پوست بگیرید و در ابعاد متوسط خرد کنید. به بادمجان خردشده نمک بزنید و 20 دقیقه استراحت دهید تا تلخی احتمالیش گرفته شود، سپس بشویید. • سبزی را پاک کنید، بشویید و ریز خرد کنید. • در صورت استفاده از لوبیا سبز ، آن را هم بشویید و خرد کنید. • میوه به را هم پوست بگیرید و مربعی خرد کنید. • بامیه را بشویید، سر و ته بامیه را بزنید و درشت خردش کنید.",
      "روش پخت - مرحله 1: برنج، لوبیا قرمز و بلغور گندم را با مقداری آب در ظروف جداگانه بپزید. • لوبیا قرمز را بعد از پخت، آبکشی کنید و کنار بگذارید. • برنج و بلغور گندم باید لعاب بیندازند.",
      "روش پخت - مرحله 2: پیاز را در روغن سرخ کنید، سپس زردچوبه و فلفل بزنید، تفت دهید و کنار بگذارید.",
      "روش پخت - مرحله 3: پس از پختِ بلغور گندم، این مواد را به آن اضافه کنید تا با هم بپزند: برنج پخته، سیب‌زمینی، بادمجان، گوجه‌فرنگی خشک، لوبیاقرمز پخته، سبزی خردشده، پیاز سرخ‌شده، غوره، بامیه، لوبیاسبز و آب.",
      "روش پخت - مرحله 4: در نهایت رب‌گوجه را در کمی روغن تفت دهید و به همراه نمک داخل آش بریزید؛ صبر کنید آش کمی بجوشد تا سبزیجات کاملاً بپزند و آش جا بیفتد."
    ],
    "meal_type": [
      ""
    ],
    "occasion": [
      ""
    ]
  },
  {
    "title": "بربسیل",
    "location": {
      "province": "آذربایجان غربی",
      "city": "ارومیه",
      "coordinates": {
        "latitude": 37.55,
        "longitude": 44.95
      }
    },
    "ingredients": [
      {
        "name": "تخم‌مرغ",
        "amount": "1 ",
        "unit": "عدد کوچک"
      },
      {
        "name": "ماست‌ پر‌چرب",
        "amount": "نصف",
        "unit": "پیمانه"
      },
      {
        "name": "آب",
        "amount": "",
        "unit": "میزان لازم"
      },
      {
        "name": "لپه",
        "amount": "60 ",
        "unit": "گرم"
      },
      {
        "name": "پیاز",
        "amount": "1 ",
        "unit": "عدد متوسط"
      },
      {
        "name": "روغن‌مایع",
        "amount": "5 ",
        "unit": "قاشق غذاخوری"
      },
      {
        "name": "کارده (کاردین یا کوارده) سبزی محلی",
        "amount": "نصف",
        "unit": "پیمانه"
      },
      {
        "name": "نمک",
        "amount": "1 ",
        "unit": "قاشق چای‌خوری"
      },
      {
        "name": "تره",
        "amount": "100 ",
        "unit": "گرم"
      },
      {
        "name": "زردچوبه",
        "amount": "1 ",
        "unit": "قاشق چای‌خوری"
      },
      {
        "name": "ماهیچه گوسفندی",
        "amount": "300 ",
        "unit": "گرم"
      }
    ],
    "instructions": [
      "آماده‌سازی - مرحله1: پیاز را بشویید، پوست بگیرید و نگینی خرد کنید. گوشت را تمیز بشویید تا مو و خرده استخوانی روی آن نماند.",
      "آماده‌سازی - مرحله 2: کارده و تره را پاک کنید، بشویید و خرد کنید. (برای خرد کردن کارده، حتماً از دستکش استفاده کنید.)",
      "روش پخت - مرحله1: در قابلمه‌ای پیاز را سرخ کنید، بعد گوشت را اضافه کنید و تفت دهید. در ادامه زردچوبه بزنید و بعد از یک تفت کوچک، مقداری آب (روی گوشت را بگیرد) بریزید تا گوشت نیم‌پز شود.",
      "روش پخت - مرحله2: در این فاصله تره، کارده و لپه را در یک تابه با کمی روغن تفت دهید سپس به گوشت اضافه کنید.",
      "روش پخت - مرحله3: وقتی گوشت پخت، آن را از قابلمه خارج کنید.",
      "روش پخت - مرحله4: در یک کاسه تخم‌مرغ و ماست مخلوط کنید و به غذایتان اضافه کنید.اجازه دهید خوراکتان خوب بجوشد، اما دقت کنید کم آب نشود تا در صورت تمایل نان در آن تلیت کنید.",
      "روش پخت - مرحله5: پس از آنکه غذا جا افتاد، گوشت را مجدد به قابلمه برگردانید و بگذارید چند غل بزند تا آماده سرو شود."
    ],
    "meal_type": [
      ""
    ],
    "occasion": [
      ""
    ]
  },
  {
    "title": "یِرتیخلی",
    "location": {
      "province": "آذربایجان غربی",
      "city": "ارومیه",
      "coordinates": {
        "latitude": 37.55,
        "longitude": 44.95
      }
    },
    "ingredients": [
      {
        "name": "لپه",
        "amount": "یک‌سوم پیمانه",
        "unit": ""
      },
      {
        "name": "پیاز",
        "amount": "1 ",
        "unit": "عدد متوسط"
      },
      {
        "name": "کلم‌برگ‌ سفید",
        "amount": "یک‌سوم عدد کوچک",
        "unit": ""
      },
      {
        "name": "رب‌ گوجه‌فرنگی",
        "amount": "1 ",
        "unit": "قاشق غذاخوری"
      },
      {
        "name": "فلفل سیاه",
        "amount": "نصف",
        "unit": "قاشق چای‌خوری"
      },
      {
        "name": "روغن‌مایع",
        "amount": "",
        "unit": "میزان لازم"
      },
      {
        "name": "جعفری خشک",
        "amount": "4 ",
        "unit": "قاشق غذاخوری"
      },
      {
        "name": "برنج",
        "amount": "یک‌سوم پیمانه",
        "unit": ""
      },
      {
        "name": "آب",
        "amount": "",
        "unit": "میزان لازم"
      },
      {
        "name": "سماق آب سماق خوشه‌ای جوشانده شده",
        "amount": "یک‌سوم پیمانه",
        "unit": ""
      },
      {
        "name": "شکر",
        "amount": "نصف",
        "unit": "قاشق غذاخوری"
      },
      {
        "name": "نمک",
        "amount": "1 ",
        "unit": "قاشق چای‌خوری"
      },
      {
        "name": "نعنا خشک",
        "amount": "1 ",
        "unit": "قاشق غذاخوری"
      },
      {
        "name": "زردچوبه",
        "amount": "نصف",
        "unit": "قاشق چای‌خوری"
      }
    ],
    "instructions": [
      "آماده سازی - مرحله 1: • برنج و لپه را پاک کنید و بشویید. • پیاز را بشویید، پوست بگیرید و نگینی خرد کنید. • کلم را بشویید و خرد کنید. • سماق خوشه‌ای را در مقداری آب بجوشانید، سپس از صافی رد کنید و آب سماق را کنار بگذارید.",
      "روش پخت - مرحله 1: برنج و لپه را با مقداری آب در ظروفی جداگانه بپزید.",
      "روش پخت - مرحله 2: وقتی برنج و لپه پختند، لپه پخته و سبزی خشک را به همراه مقداری آب به برنج پخته اضافه کنید تا با هم بجوشند و سبزی بپزد.",
      "روش پخت - مرحله 3: در این فاصله پیاز خرد شده را در روغن تفت دهید تا بلوری شود، سپس به آن زردچوبه بزنید و دوباره تفت دهید تا طلایی شود. پیاز داغ که آماده شد، رب گوجه، کلم، نمک و فلفل سیاه را به آن اضافه کنید و تفت دهید، سپس کمی آب بریزید و اجازه دهید کمی بجوشد.",
      "روش پخت - مرحله 4: سبزی که پخت، آب سماق و مخلوط کلم و پیاز را به همراه شکر به غذا اضافه کنید و اجازه دهید آش روی حرارت ملایم بجوشد تا جا بیفتد. نوش‌جان!"
    ],
    "meal_type": [
      ""
    ],
    "occasion": [
      ""
    ]
  },
  {
    "title": "برانی لوبیاسبز",
    "location": {
      "province": "آذربایجان غربی",
      "city": "ارومیه",
      "coordinates": {
        "latitude": 37.55,
        "longitude": 44.95
      }
    },
    "ingredients": [
      {
        "name": "پیاز",
        "amount": "1 ",
        "unit": "عدد متوسط"
      },
      {
        "name": "آب برای مایه لوبیاسبز",
        "amount": "نصف",
        "unit": "پیمانه"
      },
      {
        "name": "لپه",
        "amount": "یک‌سوم پیمانه",
        "unit": ""
      },
      {
        "name": "نمک برای خیساندن برنج",
        "amount": "1 ",
        "unit": "قاشق غذاخوری"
      },
      {
        "name": "لوبیا‌سبز",
        "amount": "250 ",
        "unit": "گرم"
      },
      {
        "name": "رب‌ گوجه‌فرنگی",
        "amount": "1 ",
        "unit": "قاشق غذاخوری"
      },
      {
        "name": "جعفری خشک",
        "amount": "1 ",
        "unit": "قاشق غذاخوری"
      },
      {
        "name": "نعنا خشک",
        "amount": "1 ",
        "unit": "قاشق غذاخوری"
      },
      {
        "name": "فلفل سیاه",
        "amount": "1 ",
        "unit": "قاشق چای‌خوری"
      },
      {
        "name": "برنج",
        "amount": "سه‌چهارم پیمانه",
        "unit": ""
      },
      {
        "name": "نمک برای مایه لوبیاسبز",
        "amount": "1 ",
        "unit": "قاشق چای‌خوری"
      },
      {
        "name": "نمک برای پختن برنج",
        "amount": "1 ",
        "unit": "قاشق چای‌خوری"
      },
      {
        "name": "روغن‌مایع",
        "amount": "یک‌چهارم",
        "unit": "پیمانه"
      }
    ],
    "instructions": [
      "آماده‌سازی - مرحله 1: برنج را پاک کنید و با آب ولرم بشویید (تا زمان شفاف شدن آبِ برنج به شستشو ادامه دهید.)؛ بهتر است برنج شسته‌شده را با مقداری آب (درحدی که روی برنج را بگیرد) و نمک در ظرف مناسبی بریزید و به مدت 3 تا 4 ساعت بخیسانید. بعد از گذشت این مدت زمان، آبِ برنج را خالی کنید. لپه را پاک کنید و با آبِ ولرم بشویید.",
      "آماده‌سازی - مرحله 2: پیاز را پوست گرفته و نگینی خرد کنید. لوبیاسبز و پیاز را بشویید. سر و ته لوبیاسبز را بگیرید و در ابعاد دلخواه خرد کنید.",
      "روش پخت - مرحله 1: ابتدا لپه را با مقداری آب (درحدی که روی لپه را بگیرد) در قابلمه بریزید و روی حرارت ملایم بگذارید تا بپزد و نرم شود. بعد از پخت، آبکش کنید و کنار بگذارید.",
      "روش پخت - مرحله 2: در قابلمه دیگری روغن بریزید و پیاز را در آن تفت دهید تا طلایی شود، سپس لوبیاسبز را در آن تفت دهید. رب گوجه، نمک، زردچوبه و فلفل‌سیاه را هم اضافه کنید و تفت دهید. در نهایت زعفران و آب را روی مواد بریزید، حرارت را کم کنید تا غذا روی حرارت ملایم بپزد و کم‌آب شود؛ بعد از پختِ لوبیاسبز، شعله را خاموش کنید.",
      "روش پخت - مرحله 3: دو-سوم قابلمه را از آب پُرکنید و بجوشانید. وقتی آب به‌جوش آمد، برنج و نمک را داخل آب بریزید و اجازه دهید برنج خوب بجوشد. هرازگاهی کفِ ایجادشده روی برنج را با کفگیر بردارید و دور بریزید. بسته به نوع برنج 8 تا 12 دقیقه زمان لازم است تا برنج مغزپخت شود. برای تست، دانه برنج را بین دو انگشت فشار دهید تا له شود. درصورتی‌که سطح برنج نرم ولی داخل آن کمی سفت بود، یعنی برنج برای آبکشی آماده است.",
      "روش پخت - مرحله 4: برنج را آبکش کنید و مقداری آبِ سرد روی آن بگیرید تا نمک اضافی و لعاب برنج گرفته شود. بعد برنج آبکش‌شده و لپه پخته را داخل قابلمه لوبیاسبز بریزید، نعناع و جعفری خشک را هم روی برنج مخلوط بپاشید و خوب زیر و رو کنید. با کفگیر، برنج را از کناره‌ها به سمت وسط جمع کنید (چیزی شبیه به کوه بسازید). حفره‌هایی روی برنج ایجاد کنید، بعد درب قابلمه را بگذارید (درصورت نیاز دم‌کنی مناسب بگذارید)، شعله را روشن کرده، حرارت را کم کنید و اجازه دهید غذا روی حرارت ملایم بخار کند تا دَم بکشد."
    ],
    "meal_type": [
      ""
    ],
    "occasion": [
      ""
    ]
  },
  {
    "title": "بورانی هویج آذربایجان غربی",
    "location": {
      "province": "آذربایجان غربی",
      "city": "ارومیه",
      "coordinates": {
        "latitude": 37.55,
        "longitude": 44.95
      }
    },
    "ingredients": [
      {
        "name": "نمک برای هویج",
        "amount": "1 ",
        "unit": "قاشق چای‌خوری"
      },
      {
        "name": "هویج",
        "amount": "2 ",
        "unit": "عدد بزرگ"
      },
      {
        "name": "زعفران دم‌کرده",
        "amount": "4 ",
        "unit": "قاشق غذاخوری"
      },
      {
        "name": "آب",
        "amount": "",
        "unit": "میزان لازم"
      },
      {
        "name": "رب‌ گوجه‌فرنگی",
        "amount": "1 ",
        "unit": "قاشق غذاخوری"
      },
      {
        "name": "نمک برای خیساندن برنج",
        "amount": "1 ",
        "unit": "قاشق غذاخوری"
      },
      {
        "name": "دارچین پودر",
        "amount": "1 ",
        "unit": "قاشق چای‌خوری"
      },
      {
        "name": "نمک برای پختن برنج",
        "amount": "1 ",
        "unit": "قاشق چای‌خوری"
      },
      {
        "name": "آب جوش",
        "amount": "نصف",
        "unit": "پیمانه"
      },
      {
        "name": "جعفری خشک",
        "amount": "1 ",
        "unit": "قاشق غذاخوری"
      },
      {
        "name": "برنج",
        "amount": "یک و نیم",
        "unit": "پیمانه"
      },
      {
        "name": "پیاز",
        "amount": "1 ",
        "unit": "عدد متوسط"
      },
      {
        "name": "نعنا خشک",
        "amount": "1 ",
        "unit": "قاشق غذاخوری"
      },
      {
        "name": "روغن‌مایع",
        "amount": "یک‌چهارم",
        "unit": "پیمانه"
      },
      {
        "name": "لپه",
        "amount": "یک‌سوم پیمانه",
        "unit": ""
      }
    ],
    "instructions": [
      "آماده‌سازی - : برنج را پاک کنید و با آب ولرم بشویید (تا زمان شفاف شدن آبِ برنج به شستشو ادامه دهید.)؛ بهتر است برنج شسته‌شده را با مقداری آب (درحدی که روی برنج را بگیرد) و نمک در ظرف مناسبی بریزید و به مدت 3 تا 4 ساعت بخیسانید. بعد از گذشت این مدت زمان، آبِ برنج را خالی کنید. لپه را پاک کنید و با آب ولرم بشویید. هویج و پیاز را بشویید و پوست بگیرید. هویج را نگینی درشت و پیاز را نگینی ریز خرد کنید.",
      "مراحل پخت - مرحله 1: ابتدا لپه را با مقداری آب (درحدی که روی لپه را بگیرد) در قابلمه بریزید و روی حرارت ملایم بگذارید تا بپزد و نرم شود. بعد از پخت، آبکش کنید و کنار بگذارید.",
      "مراحل پخت - مرحله 2: در این فاصله پیاز را در قابلمه دیگری با کمی روغن سرخ کنید؛ سپس هویج را در آن تفت دهید. حالا دارچین، رب گوجه، نمک و زعفران را اضافه کرده و کمی آب بریزید و اجازه دهید هویج روی حرارت ملایم بپزد و کم‌آب شود. بعد شعله را خاموش کنید.",
      "مراحل پخت - مرحله 3: دو-سوم قابلمه را از آب پُرکنید و بجوشانید. وقتی آب به‌جوش آمد، برنج و نمک را داخل آب بریزید و اجازه دهید برنج خوب بجوشد. هرازگاهی کفِ ایجادشده روی برنج را با کفگیر بردارید و دور بریزید. بسته به نوع برنج 8 تا 12 دقیقه زمان لازم است تا برنج مغزپخت شود. برای تست، دانه برنج را بین دو انگشت فشار دهید تا له شود. درصورتی‌که سطح برنج نرم ولی داخل آن کمی سفت بود، یعنی برنج برای آبکشی آماده است.",
      "مراحل پخت - مرحله 4: برنج را آبکش کنید و مقداری آبِ سرد روی آن بگیرید تا نمک اضافی و لعاب برنج گرفته شود. بعد برنج آبکش‌شده و لپه پخته را داخل قابلمه هویج بریزید و خوب زیر و رو کنید. نعناع و جعفری خشک را روی برنج بپاشید (درصورت تمایل مخلوط کنید). با کفگیر، برنج را از کناره‌ها به سمت وسط جمع کنید (چیزی شبیه به کوه بسازید). حفره‌هایی روی برنج ایجاد کنید، بعد درب قابلمه را بگذارید (درصورت نیاز دم‌کنی مناسب بگذارید)، شعله را روشن کرده، حرارت را کم کنید و اجازه دهید غذا روی حرارت ملایم بخار کند تا دَم بکشد."
    ],
    "meal_type": [
      ""
    ],
    "occasion": [
      ""
    ]
  },
  {
    "title": "قَره‌ماش شورباسی",
    "location": {
      "province": "آذربایجان غربی",
      "city": "ارومیه",
      "coordinates": {
        "latitude": 37.55,
        "longitude": 44.95
      }
    },
    "ingredients": [
      {
        "name": "آب",
        "amount": "",
        "unit": "میزان لازم"
      },
      {
        "name": "گوجه‌ خشک 2 تا 6 عدد",
        "amount": "2 ",
        "unit": "عدد متوسط"
      },
      {
        "name": "برنج",
        "amount": "1 ",
        "unit": "پیمانه"
      },
      {
        "name": "زردچوبه",
        "amount": "نصف",
        "unit": "قاشق چای‌خوری"
      },
      {
        "name": "سیب‌زمینی در صورت تمایل",
        "amount": "1 ",
        "unit": "عدد کوچک"
      },
      {
        "name": "نمک",
        "amount": "1 ",
        "unit": "قاشق چای‌خوری"
      },
      {
        "name": "رب‌ گوجه‌فرنگی",
        "amount": "1 ",
        "unit": "قاشق غذاخوری"
      },
      {
        "name": "فلفل قرمز",
        "amount": "نصف",
        "unit": "قاشق چای‌خوری"
      },
      {
        "name": "ماش",
        "amount": "نصف",
        "unit": "پیمانه"
      },
      {
        "name": "پیاز",
        "amount": "1 ",
        "unit": "عدد متوسط"
      },
      {
        "name": "روغن‌مایع",
        "amount": "",
        "unit": "میزان لازم"
      },
      {
        "name": "آبِ گوشت",
        "amount": "",
        "unit": "میزان لازم"
      },
      {
        "name": "لوبیا‌چیتی لوبیا چیتی یا قرمز",
        "amount": "یک‌چهارم",
        "unit": "پیمانه"
      }
    ],
    "instructions": [
      "آماده سازی - مرحله 1: ماش، برنج و لوبیا را پاک کنید و بشویید.پیاز را بشویید، پوست بگیرید و نگینی خرد کنید.",
      "مراحل پخت - مرحله 1: برنج، لوبیا و ماش را جداگانه بپزید و آبکش کنید.",
      "مراحل پخت - مرحله 2: وقتی مواد مرحله قبل پختند، پیاز را در روغن تفت دهید تا سبک و عسلی شود، سپس رب، نمک، فلفل و زردچوبه را در آن تفت دهید.",
      "مراحل پخت - مرحله 3: پس از اینکه برنج پخت و لعاب داد، آب یا آب گوشت، لوبیا پخته، ماش پخته، گوجه فرنگی خشک و پیاز سرخ‌شده را اضافه کرده و صبر کنید مواد با هم بجوشند و آش جا بیفتد.نوش جان!"
    ],
    "meal_type": [
      ""
    ],
    "occasion": [
      ""
    ]
  }
]