[
  {
    "title": "اشکنه زردآلو",
    "location": {
      "province": "زنجان",
      "city": "زنجان",
      "coordinates": {
        "latitude": 36.6733,
        "longitude": 48.4744
      }
    },
    "ingredients": [
      {
        "name": "نخود",
        "amount": "نصف",
        "unit": "پیمانه"
      },
      {
        "name": "گوجه‌فرنگی",
        "amount": "1 ",
        "unit": "عدد کوچک"
      },
      {
        "name": "فلفل سیاه",
        "amount": "1 ",
        "unit": "قاشق چای‌خوری"
      },
      {
        "name": "آرد سفید",
        "amount": "1 ",
        "unit": "قاشق غذاخوری"
      },
      {
        "name": "زردچوبه",
        "amount": "1 ",
        "unit": "قاشق چای‌خوری"
      },
      {
        "name": "نمک",
        "amount": "1 ",
        "unit": "قاشق چای‌خوری"
      },
      {
        "name": "روغن‌مایع",
        "amount": "4 ",
        "unit": "قاشق غذاخوری"
      },
      {
        "name": "آب",
        "amount": "",
        "unit": "میزان لازم"
      },
      {
        "name": "برگه‌ زردآلو",
        "amount": "12 ",
        "unit": "عدد متوسط"
      },
      {
        "name": "پیاز",
        "amount": "1 ",
        "unit": "عدد کوچک"
      }
    ],
    "instructions": [
      "آماده سازی - مرحله 1: گوجه و پیاز را خوب بشویید، سپس آن‌ها را پوست بگیرید (گرفتن پوست گوجه اختیاری است) و خرد کنید. برگه زردآلو را 1 تا 2 ساعت بخیسانید.",
      "آماده سازی - مرحله 2: نخود را پاک کنید و بشویید. بهتر است نخود را از شب قبل یا حداقل 8 ساعت قبل از پخت بخیسانید. برای این کار نخود را با مقداری آب ( به اندازه‌ای که آب حبوبات را کامل بپوشاند) در کاسه بریزید و اجازه دهید خوب خیس بخورد. چند بار در این مدت آب آن را عوض کنید تا نفخ حبوبات گرفته شود. این کار به کمتر شدن زمان پخت حبوبات هم کمک می‌کند.",
      "روش پخت - مرحله 1: نخود را به همراه آب (درحدی که روی نخود را بگیرد) در قابلمه بریزید تا بپزد. بعد از پخت آبکش کنید و کنار بگذارید.",
      "روش پخت - مرحله 2: در قابلمه روغن بریزید و پیاز را در آن تفت دهید تا طلایی شود. حالا زردچوبه و آرد را به پیاز اضافه کرده و تفت دهید، سپس گوجه را اضافه کنید و مجدد تفت بدهید. بعد نمک، فلفل و آب را اضافه کرده، درب قابلمه را ببندید و صبر کنید گوجه بپزد.",
      "روش پخت - مرحله 3: در پایان برگه زردآلو و نخود پخته را هم داخل قابلمه بریزید و صبر کنید، غذا جا بیفتد. نوش جان!"
    ],
    "meal_type": [
      ""
    ],
    "occasion": "",
    "images": {
      "تصویر نهایی": "https://statics.hesetazegi.com/files/images/recipes/dried-apricot-eshkeneh/dried_apricot_eshkeneh_w_hese_tazegi.jpg"
    },
    "quality_label": "Good",
    "difficulty_label": "Medium",
    "healthy_label": "Healthy"
  },
  {
    "title": "آش ماست زنجان",
    "location": {
      "province": "زنجان",
      "city": "زنجان",
      "coordinates": {
        "latitude": 36.6733,
        "longitude": 48.4744
      }
    },
    "ingredients": [
      {
        "name": "نمک",
        "amount": "1 ",
        "unit": "قاشق چای‌خوری"
      },
      {
        "name": "سبزی‌آش",
        "amount": "150 ",
        "unit": "گرم"
      },
      {
        "name": "تره کوهی تازه یا خشک",
        "amount": "یک‌چهارم",
        "unit": "پیمانه"
      },
      {
        "name": "نخود",
        "amount": "یک‌چهارم",
        "unit": "پیمانه"
      },
      {
        "name": "روغن‌مایع",
        "amount": "یک‌چهارم",
        "unit": "پیمانه"
      },
      {
        "name": "آبِ قلم گوساله یا آب گوشت",
        "amount": "3 ",
        "unit": "پیمانه"
      },
      {
        "name": "برنج",
        "amount": "نصف",
        "unit": "پیمانه"
      },
      {
        "name": "لوبیا‌چیتی",
        "amount": "یک‌چهارم",
        "unit": "پیمانه"
      },
      {
        "name": "سیر حبه",
        "amount": "3 ",
        "unit": "عدد متوسط"
      },
      {
        "name": "آب",
        "amount": "",
        "unit": "میزان لازم"
      },
      {
        "name": "خرفه تازه یا خشک",
        "amount": "نصف",
        "unit": "پیمانه"
      },
      {
        "name": "پیاز",
        "amount": "2 ",
        "unit": "عدد متوسط"
      },
      {
        "name": "کدو‌سبز",
        "amount": "1 ",
        "unit": "عدد بزرگ"
      },
      {
        "name": "برگ‌ بو",
        "amount": "1 ",
        "unit": "عدد متوسط"
      },
      {
        "name": "لوبیا‌چشم‌بلبلی",
        "amount": "یک‌چهارم",
        "unit": "پیمانه"
      },
      {
        "name": "ماست‌ کم‌چرب یا بدون‌چربی",
        "amount": "4 ",
        "unit": "قاشق غذاخوری"
      },
      {
        "name": "گوشت گردن گوسفند",
        "amount": "200 ",
        "unit": "گرم"
      },
      {
        "name": "پیاز",
        "amount": "1 ",
        "unit": "عدد کوچک"
      },
      {
        "name": "برگ‌ بو",
        "amount": "1 ",
        "unit": "عدد"
      },
      {
        "name": "زردچوبه",
        "amount": "نصف",
        "unit": "قاشق چای‌خوری"
      },
      {
        "name": "فلفل سیاه",
        "amount": "نصف",
        "unit": "قاشق چای‌خوری"
      },
      {
        "name": "آب",
        "amount": "",
        "unit": "میزان لازم"
      },
      {
        "name": "نمک",
        "amount": "نصف",
        "unit": "قاشق چای‌خوری"
      }
    ],
    "instructions": [
      "آماده سازی - مرحله 1: برنج، نخود ، لوبیا و عدس را جداگانه پاک کنید و بشویید. سبزی را پاک کرده، بشویید و خرد کنید. کدو سبز را بشویید و مکعبی خرد کنید. سیر و پیاز را بشویید و پوست بگیرید . پیاز (برای پخت گوشت) خرد نشود. پیاز (برای آش) را نگینی خرد کنید. سیر را رنده کنید.",
      "روش پخت - مرحله 1: نخود، لوبیا چیتی و چشم‌بلبلی را با مقداری آب در ظروف جداگانه‌ای (روی حرارت ملایم) بپزید. وقتی حبوبات کاملاً پختند و نرم شدند، آبکشی کنید و کنار بگذارید.",
      "روش پخت - مرحله 2: در فاصله پختِ حبوبات، گوشت را با پیاز(درسته)، برگ بو، فلفل سیاه و زردچوبه به همراه مقداری آب در قابلمه بریزید و درب ظرف را بگذارید (اول حرارت زیاد باشد، وقتی شروع به غل زدن کرد حرارت را ملایم کنید) تا گوشت کاملاً بپزد. وقتی گوشت پخت، به آن نمک بزنید و اجازه دهید کمی بجوشد، سپس از آب خارج کرده، ریش ریش یا له کنید و کنار بگذارید. آبِ گوشت را هم در ظرف دیگری برای اضافه کردن به آش نگه‌دارید.",
      "روش پخت - مرحله 3: وقتی گوشت و حبوبات پختند، برنج را با مقدار ی آب بپزید تا وا برود و لعاب بیندازد.",
      "روش پخت - مرحله 4: در این فاصله، پیاز خردشده را در روغن سرخ کنید تا طلایی شود، سپس زردچوبه بزنید، تفت دهید و کنار بگذارید.",
      "روش پخت - مرحله 5: سیر داغ تهیه کنید. (روش پخت در دستورات مکمل آمده است)",
      "روش پخت - مرحله 6: پس از پختِ برنج، گوشت، سبزی، آبِ گوشت، حبوبات پخته، خرفه، تره کوهی، پیاز سرخ‌شده و سیرداغ را به آش اضافه کرده، مخلوط کنید.",
      "روش پخت - مرحله 7: کدو را اضافه کنید، سپس نمک و در صورت تمایل فلفل بپاشید و هم‌بزنید. پس از پختِ کدو، آش چا افتاده را با ماست تزیین و سرو کنید. چاشنی این آش ماست است که به میزان دلخواه در کنار آن سرو می شود."
    ],
    "meal_type": [
      ""
    ],
    "occasion": "",
    "images": {
      "تصویر نهایی": "https://statics.hesetazegi.com/files/images/recipes/yogurt-aash-zanjan/yogurt_aash_zanjan_w_hese_tazegi.jpg"
    },
    "quality_label": "Good",
    "difficulty_label": "Hard",
    "healthy_label": "Healthy"
  },
  {
    "title": "آش گندم زنجان",
    "location": {
      "province": "زنجان",
      "city": "زنجان",
      "coordinates": {
        "latitude": 36.6733,
        "longitude": 48.4744
      }
    },
    "ingredients": [
      {
        "name": "نعنا خشک",
        "amount": "1 ",
        "unit": "قاشق غذاخوری"
      },
      {
        "name": "زردچوبه",
        "amount": "نصف",
        "unit": "قاشق چای‌خوری"
      },
      {
        "name": "لوبیا‌چشم‌بلبلی",
        "amount": "یک‌چهارم",
        "unit": "پیمانه"
      },
      {
        "name": "لوبیا‌چیتی",
        "amount": "یک‌چهارم",
        "unit": "پیمانه"
      },
      {
        "name": "نمک",
        "amount": "1 ",
        "unit": "قاشق مرباخوری"
      },
      {
        "name": "سیر حبه",
        "amount": "3 ",
        "unit": "عدد متوسط"
      },
      {
        "name": "عدس",
        "amount": "یک‌چهارم",
        "unit": "پیمانه"
      },
      {
        "name": "نخود",
        "amount": "یک‌چهارم",
        "unit": "پیمانه"
      },
      {
        "name": "گندم",
        "amount": "نصف",
        "unit": "پیمانه"
      },
      {
        "name": "فلفل سیاه",
        "amount": "نصف",
        "unit": "قاشق چای‌خوری"
      },
      {
        "name": "لوبیا سفید",
        "amount": "یک‌چهارم",
        "unit": "پیمانه"
      },
      {
        "name": "ماش",
        "amount": "یک‌چهارم",
        "unit": "پیمانه"
      },
      {
        "name": "روغن‌مایع",
        "amount": "5 ",
        "unit": "قاشق غذاخوری"
      },
      {
        "name": "فلفل قرمز",
        "amount": "نصف",
        "unit": "قاشق چای‌خوری"
      },
      {
        "name": "پیاز",
        "amount": "1 ",
        "unit": "عدد متوسط"
      },
      {
        "name": "آب",
        "amount": "",
        "unit": "میزان لازم"
      }
    ],
    "instructions": [
      "آماده سازی - مرحله 1: گندم، نخود، لوبیاسفید، لوبیا چشم‌بلبلی، لوبیا چیتی، ماش و عدس را جداگانه پاک کنید و بشویید. سیر و پیاز را بشویید و پوست بگیرید. پیاز را خلالی خرد کنید. سیر را رنده کرده یا با پرس سیر له کنید. پیاز را خلالی خرد کنید. سیر را رنده کرده یا با پرس سیر له کنید.",
      "روش پخت - مرحله 1: نخود، لوبیاسفید، لوبیا چشم‌بلبلی، لوبیا چیتی، ماش و عدس را با مقداری آب جداگانه روی حرارت ملایم بپزید؛ وقتی پختند و نرم شدند، آبکش کنید و کنار بگذارید. در قابلمه مدنظر برای پخت آش گندم را با مقداری آب روی حرارت ملایم بپزید.",
      "روش پخت - مرحله 2: در این فاصله پیاز خردشده را در روغن سرخ کنید تا طلایی شود، سپس با زردچوبه تفت دهید و کنار بگذارید.",
      "روش پخت - مرحله 3: سیر داغ تهیه کنید. (به دستور پخت سیرداغ مراجعه کنید)",
      "روش پخت - مرحله 4: حالا حبوبات پخته، نمک، فلفل سیاه، فلفل قرمز، پیاز داغ و سیرداغ را به آش اضافه کنید و منتظر بمانید تا آش بجوشد و طعم‌ها با هم ترکیب شوند.",
      "روش پخت - مرحله 5: نعناع داغ تهیه کنید. (به دستورپخت نعناداغ مراجعه کنید)",
      "روش پخت - مرحله 6: پس از جا افتادن آش، آن را در ظرف سرو بکشید و با نعناع داغ تزیین کنید. نوش جان!"
    ],
    "meal_type": [
      ""
    ],
    "occasion": "",
    "images": {
      "تصویر نهایی": "https://statics.hesetazegi.com/files/images/recipes/wheat-aash-zanjan/wheat_aash_zanjan_w_hese_tazegi.jpg"
    },
    "quality_label": "Good",
    "difficulty_label": "Hard",
    "healthy_label": "Healthy"
  },
  {
    "title": "شش انداز خرما",
    "location": {
      "province": "زنجان",
      "city": "زنجان",
      "coordinates": {
        "latitude": 36.6733,
        "longitude": 48.4744
      }
    },
    "ingredients": [
      {
        "name": "خرما",
        "amount": "6 ",
        "unit": "عدد متوسط"
      },
      {
        "name": "کشمش پلویی",
        "amount": "1 ",
        "unit": "قاشق غذاخوری"
      },
      {
        "name": "نمک",
        "amount": "1 ",
        "unit": "قاشق چای‌خوری"
      },
      {
        "name": "تخم‌مرغ",
        "amount": "3 ",
        "unit": "عدد متوسط"
      },
      {
        "name": "شیره انگور یا شیره خرما- در صورت تمایل",
        "amount": "1 ",
        "unit": "قاشق غذاخوری"
      },
      {
        "name": "روغن‌مایع",
        "amount": "4 ",
        "unit": "قاشق غذاخوری"
      },
      {
        "name": "پیاز",
        "amount": "1 ",
        "unit": "عدد متوسط"
      }
    ],
    "instructions": [
      "آماده سازی - مرحله 1: پیاز را بشویید و پوست بگیرید، سپس نگینی خرد کنید. هسته خرما و در صورت نیاز پوست آن را بگیرید. کشمش را پاک کنید و بشویید. ترجیحاً 5 دقیقه بخیسانید، سپس آبکش کنید.",
      "روش پخت - مرحله 1: در تابه‌ای روغن بریزید و پیاز را در آن سرخ کنید.",
      "روش پخت - مرحله 2: حالا کشمش را در پیاز تفت دهید.",
      "روش پخت - مرحله 3: خرما را اضافه کنید و تفت دهید.",
      "روش پخت - مرحله 4: در آخر تخم‌مرغ را در ظرفی هم زده و به غذا اضافه کنید، سپس درب تابه را بگذارید تا بپزد. در صورتی که تمایل دارید از شیره استفاده کنید، آن را قبل از سرو روی غذا بریزید تا نسوزد. نوش جان!"
    ],
    "meal_type": [
      ""
    ],
    "occasion": "",
    "images": {
      "تصویر نهایی": "https://statics.hesetazegi.com/files/images/recipes/shishandaz/shishandaz_w_hese_tazegi.jpg"
    },
    "quality_label": "Good",
    "difficulty_label": "Medium",
    "healthy_label": "Healthy"
  },
  {
    "title": "شیرین‌پلو زنجانی",
    "location": {
      "province": "زنجان",
      "city": "زنجان",
      "coordinates": {
        "latitude": 36.6733,
        "longitude": 48.4744
      }
    },
    "ingredients": [
      {
        "name": "زردچوبه",
        "amount": "1 ",
        "unit": "قاشق چای‌خوری"
      },
      {
        "name": "نمک برای جوشاندن برنج",
        "amount": "1 ",
        "unit": "قاشق مرباخوری"
      },
      {
        "name": "برگه‌ زردآلو خردشده",
        "amount": "نصف",
        "unit": "پیمانه"
      },
      {
        "name": "نمک برای خیساندن برنج",
        "amount": "2 ",
        "unit": "قاشق غذاخوری"
      },
      {
        "name": "پیاز",
        "amount": "1 ",
        "unit": "عدد متوسط"
      },
      {
        "name": "روغن‌مایع",
        "amount": "یک‌چهارم",
        "unit": "پیمانه"
      },
      {
        "name": "هویج",
        "amount": "2 ",
        "unit": "عدد متوسط"
      },
      {
        "name": "برنج",
        "amount": "2 ",
        "unit": "پیمانه"
      },
      {
        "name": "فلفل سیاه",
        "amount": "1 ",
        "unit": "قاشق چای‌خوری"
      },
      {
        "name": "نمک برای گوشت",
        "amount": "1 ",
        "unit": "قاشق چای‌خوری"
      },
      {
        "name": "گوشت ران گوسفند",
        "amount": "200 ",
        "unit": "گرم"
      }
    ],
    "instructions": [
      "آماده‌سازی - مرحله 1: برنج را پاک کنید و با آب ولرم بشویید (تا زمان شفاف شدن آبِ برنج به شستشو ادامه دهید.)؛ بهتر است برنج شسته‌شده را با مقداری آب (درحدی که روی برنج را بگیرد) و نمک در ظرف مناسبی بریزید و به مدت 3 تا 4 ساعت بخیسانید. بعد از گذشت این مدت زمان، آبِ برنج را خالی کنید.",
      "آماده‌سازی - مرحله 2: برگه زردآلو را بشویید و خرد کنید، سپس به‌مدت 1 تا 20 دقیقه در آب بخیسانید. هویج و پیاز را بشویید و پوست بگیرید، سپس پیاز را نگینی ریز و هویج را نگینی درشت خرد کنید. گوشت را با دقت بشویید تا مو یا خرده استخوانی به آن نماند، سپس خرد کنید.",
      "مراحل پخت - مرحله 1: در یک قابلمه کمی روغن بریزید و پیاز را در آن تفت دهید. پیاز که طلایی شد، گوشت را در آن تفت دهید تا رنگ گوشت کمی برگردد. به گوشت، فلفل و زردچوبه بزنید، سپس کمی آب به آن اضافه کنید، درب قابلمه را ببندید و اجازه دهید روی حرارت ملایم بپزد.",
      "مراحل پخت - مرحله 2: بعد از پختِ گوشت، برگه زردآلو، هویج و نمک را به آن اضافه کرده و بگذارید آبِ غذا کم شود تا گوشت سس غلیظی داشته باشد.",
      "مراحل پخت - مرحله 3: دو-سوم قابلمه را از آب پُرکنید و بجوشانید. وقتی آب به‌جوش آمد، برنج و نمک را داخل آب بریزید و اجازه دهید برنج خوب بجوشد. هرازگاهی کفِ ایجادشده روی برنج را با کفگیر بردارید و دور بریزید. بسته به نوع برنج 8 تا 12 دقیقه زمان لازم است تا برنج مغزپخت شود. برای تست، دانه برنج را بین دو انگشت فشار دهید تا له شود. درصورتی‌که سطح برنج نرم ولی داخل آن کمی سفت بود، یعنی برنج برای آبکشی آماده است.",
      "مراحل پخت - مرحله 4: برنج را آبکش کنید و مقداری آبِ سرد روی آن بگیرید تا نمک اضافی و لعاب برنج گرفته شود. در قابلمه مدنظر برای پخت برنج، کمی روغن ریخته (درصورت تمایل ته‌دیگ مورد نظرتان را بچینید)، سپس چند کفگیر از برنج آبکش‌شده را بریزید و بعد مخلوط گوشت و هویج و برگه را اضافه کنید. این کار را تکرار کنید تا برنج و باقی مواد تمام شوند. با کفگیر، برنج را از کناره‌ها به سمت وسط جمع کنید (چیزی شبیه به کوه بسازید). حفره‌هایی روی برنج ایجاد کنید، بعد درب قابلمه را بگذارید (درصورت تمایل از دم‌کنی مناسب استفاده کنید.) و اجازه دهید روی حرارت ملایم برنج بخار کند تا دَم بکشد."
    ],
    "meal_type": [
      ""
    ],
    "occasion": "",
    "images": {
      "تصویر نهایی": "https://statics.hesetazegi.com/files/images/recipes/shirin-polo/shirin_polo_w_hese_tazegi.jpg"
    },
    "quality_label": "Good",
    "difficulty_label": "Medium",
    "healthy_label": "Healthy"
  },
  {
    "title": "اریک‌پلو",
    "location": {
      "province": "زنجان",
      "city": "زنجان",
      "coordinates": {
        "latitude": 36.6733,
        "longitude": 48.4744
      }
    },
    "ingredients": [
      {
        "name": "نمک",
        "amount": "یک و نیم",
        "unit": "قاشق مرباخوری"
      },
      {
        "name": "آب برای پخت برنج",
        "amount": "3 ",
        "unit": "گرم"
      },
      {
        "name": "برگه‌ زردآلو",
        "amount": "1 ",
        "unit": "پیمانه"
      },
      {
        "name": "روغن‌مایع",
        "amount": "یک‌چهارم",
        "unit": "پیمانه"
      },
      {
        "name": "برنج",
        "amount": "2 ",
        "unit": "پیمانه"
      }
    ],
    "instructions": [
      "آماده‌سازی - مرحله 1: برنج را پاک کنید و با آب ولرم بشویید (تا زمان شفاف شدن آبِ برنج به شستشو ادامه دهید.)؛ بهتر است برنج شسته‌شده را با مقداری آب (درحدی که روی برنج را بگیرد) در ظرف مناسبی بریزید و به مدت 3 تا 4 ساعت بخیسانید. بعد از گذشت این مدت زمان، آبِ برنج را خالی کنید. بهتر است برگه زردآلو را هم بشویید و به مدت 1 تا 2 ساعت در یک کاسه آب بخیسانید، بعد آبکش کنید.",
      "روش پخت - مرحله 1: برنج را به‌همراه برگه زردآلو، نمک، روغن و آب در قابلمه بریزید و روی حرارت زیاد بگذارید و صبر کنید تا بجوشد و آب آن تبخیر شود. به‌محض اینکه آب برنج کشیده شد، حرارت را کم کنید، دانه‌های برنج را از دیواره‌ها به‌سمت مرکز قابلمه جمع کنید، درِ قابلمه را بگذارید و منتظر بمانید تا برنج بخار کند و دَم‌بکشد؛ به همین سادگی. نوش جان!"
    ],
    "meal_type": [
      ""
    ],
    "occasion": "",
    "images": {
      "تصویر نهایی": "https://statics.hesetazegi.com/files/images/recipes/arik-polo/arik_polo_w_hese_tazegi.jpg"
    },
    "quality_label": "Good",
    "difficulty_label": "Easy",
    "healthy_label": "Healthy"
  },
  {
    "title": "آش شله پتله",
    "location": {
      "province": "زنجان",
      "city": "زنجان",
      "coordinates": {
        "latitude": 36.6733,
        "longitude": 48.4744
      }
    },
    "ingredients": [
      {
        "name": "سبزی‌آش",
        "amount": "نصف",
        "unit": "پیمانه"
      },
      {
        "name": "فلفل سیاه",
        "amount": "1 ",
        "unit": "قاشق چای‌خوری"
      },
      {
        "name": "سیب‌زمینی",
        "amount": "1 ",
        "unit": "عدد متوسط"
      },
      {
        "name": "بلغور‌ گندم",
        "amount": "نصف",
        "unit": "پیمانه"
      },
      {
        "name": "عدس",
        "amount": "نصف",
        "unit": "پیمانه"
      },
      {
        "name": "نعنا خشک",
        "amount": "1 ",
        "unit": "قاشق غذاخوری"
      },
      {
        "name": "نمک",
        "amount": "1 ",
        "unit": "قاشق چای‌خوری"
      },
      {
        "name": "آب",
        "amount": "",
        "unit": "میزان لازم"
      },
      {
        "name": "زردچوبه",
        "amount": "نصف",
        "unit": "قاشق چای‌خوری"
      },
      {
        "name": "روغن‌مایع",
        "amount": "",
        "unit": "میزان لازم"
      },
      {
        "name": "پیاز",
        "amount": "1 ",
        "unit": "عدد متوسط"
      }
    ],
    "instructions": [
      "آماده سازی - مرحله 1: عدس را پاک کنید و بشویید. سبزی را پاک کرده، بشویید و ریز خرد کنید. پیاز و سیب زمینی را بشویید و پوست بگیرید، سپس نگینی خرد کنید.",
      "روش پخت اول - مرحله 1: عدس و بلغور گندم را با مقداری آب در ظروف جداگانه روی حرارت ملایم بپزید.",
      "روش پخت اول - مرحله 2: در این فاصله در یک تابه پیاز خردشده را در روغن سرخ کنید تا طلایی شود، سپس زردچوبه بزنید و تفت دهید و کنار بگذارید.",
      "روش پخت اول - مرحله 3: وقتی بلغور گندم پخت و لعاب داد، پیاز داغ، عدس پخته، سبزی خردشده، سیب زمینی، نمک و فلفل سیاه را به بلغور اضافه کنید و درب قابلمه را ببندید تا همه مواد بپزند و آش جابیفتد.",
      "روش پخت اول - مرحله 4: نعناداغ تهیه کنید. (به طرز تهیه نعناداغ مراجعه شود.)",
      "روش پخت اول - مرحله 5: آش را در ظرف سرو بکشید و با نعناع داغ تزیین کنید. نوش جان!"
    ],
    "meal_type": [
      ""
    ],
    "occasion": "",
    "images": {
      "تصویر نهایی": "https://statics.hesetazegi.com/files/images/recipes/ash-shale-patel/aash_e_shole_pateleh_w_hese_tazegi.jpg"
    },
    "quality_label": "Good",
    "difficulty_label": "Medium",
    "healthy_label": "Healthy"
  },
  {
    "title": "آش ترش زنجان",
    "location": {
      "province": "زنجان",
      "city": "زنجان",
      "coordinates": {
        "latitude": 36.6733,
        "longitude": 48.4744
      }
    },
    "ingredients": [
      {
        "name": "عدس",
        "amount": "یک‌چهارم",
        "unit": "پیمانه"
      },
      {
        "name": "برگه‌ زردآلو",
        "amount": "یک‌چهارم",
        "unit": "پیمانه"
      },
      {
        "name": "فلفل سیاه",
        "amount": "نصف",
        "unit": "قاشق چای‌خوری"
      },
      {
        "name": "پیاز",
        "amount": "2 ",
        "unit": "عدد متوسط"
      },
      {
        "name": "شلغم",
        "amount": "1 ",
        "unit": "عدد کوچک"
      },
      {
        "name": "اسفناج یا برگ چغندر",
        "amount": "150 ",
        "unit": "گرم"
      },
      {
        "name": "زردچوبه",
        "amount": "نصف",
        "unit": "قاشق چای‌خوری"
      },
      {
        "name": "نمک",
        "amount": "1 ",
        "unit": "قاشق چای‌خوری"
      },
      {
        "name": "شیره انگور",
        "amount": "نصف",
        "unit": "پیمانه"
      },
      {
        "name": "هویج",
        "amount": "1 ",
        "unit": "عدد متوسط"
      },
      {
        "name": "گوشت‌ چرخ‌کرده",
        "amount": "100 ",
        "unit": "گرم"
      },
      {
        "name": "چغندر‌ قرمز",
        "amount": "1 ",
        "unit": "عدد کوچک"
      },
      {
        "name": "سرکه انگور",
        "amount": "یک‌چهارم",
        "unit": "پیمانه"
      },
      {
        "name": "آب",
        "amount": "",
        "unit": "میزان لازم"
      },
      {
        "name": "روغن‌مایع",
        "amount": "8 ",
        "unit": "قاشق غذاخوری"
      },
      {
        "name": "سیب‌زمینی",
        "amount": "1 ",
        "unit": "عدد متوسط"
      }
    ],
    "instructions": [
      "آماده سازی - مرحله 1: نخود، لوبیا چیتی و عدس را جدا گانه پاک کرده وبشویید.سبزی را پاک کرده، شسته و خرد کنید.پیاز ها را شسته و پوست بگیرید، سپس 1 پیاز را به صورت نگینی یا خلالی خرد کرده (برای پیاز داغ) و پیاز دیگر را (برای کوفته قلقلی) رنده کنیدهویج، شلغم، چغندر قرمز و سیب زمینی را شسته، پوست بگیرید و نگینی خرد کنید.آلو و برگه زردآلو را بشویید.",
      "طرز تهیه کوفته قلقلی - مرحله 1: یک عدد پیاز را با دندانه ریز رنده کرده و آب آن را خوب بگیرید. پیاز رنده شده را به همراه گوشت، نمک، کمی فلفل و زردچوبه مخلوط کرده و خوب ورز دهید تا چسبناک شود.",
      "طرز تهیه کوفته قلقلی - مرحله 2: از مواد به اندازه گردو های خیلی کوچک، گرد کرده و درون روغن سرخ کنید؛ این کار به کوفته قلقلی ها کمک می کند در زمان پخت وا نروند. می توانید کوفته های آماده شده را قبل از سرخ کردن، چند ساعتی در یخچال استراحت دهید.",
      "مراحل پخت - مرحله 1: نخود، لوبیا چیتی و عدس را در ظروفی جداگانه بپزید. بعد از پخت، آن ها را به همراه مقدار کافی آبجوش در قابلمه مدنظر برای پخت آش بریزید. البته میتوانید اول نخود و لوبیا چیتی را باهم بپزید. بعد از اینکه نخود و لوبیا چیتی پختند، عدس را به آن ها اضافه کنید تا بپزد.",
      "مراحل پخت - مرحله 2: چغندر، هویج و شلغم نگینی خرد شده را به طور همزمان در ظرفی جداگانه بپزید و آن ها را به قابلمه حبوبات اضافه کنید.",
      "مراحل پخت - مرحله 3: سیب زمینی نگینی خرد شده و اسفناج خرد شده را داخل آش بریزید.",
      "مراحل پخت - مرحله 4: پیاز خرد شده را در روغن سرخ کرده تا طلایی شود و بعد با زردچوبه تفت دهید.",
      "مراحل پخت - مرحله 5: سیر داغ تهیه کنید.",
      "مراحل پخت - مرحله 6: پس از چند غل، کوفته قلقلی ها را به همراه فندق، گردو، سیر داغ و پیاز سرخ شده به آش اضافه کرده، نمک و فلفل غذا را اندازه کنید و اجازه دهید کمی بجوشند.",
      "مراحل پخت - مرحله 7: آلو خشک و برگه زردآلو را در آش بریزید و پس از چند جوش بردارید تا برگه ها باز نشوند.",
      "مراحل پخت - مرحله 8: در هنگام سرو، برای ملس شدن مزه آش، شیره انگور و سرکه (به میزان دلخواه) را به آن اضافه کرده و میل کنید. نوش جان!"
    ],
    "meal_type": [
      ""
    ],
    "occasion": "",
    "images": {
      "تصویر نهایی": "https://statics.hesetazegi.com/files/images/recipes/sour-aash-zanjan/sour_aash_zanjan_w_hese_tazegi.jpg"
    },
    "quality_label": "Good",
    "difficulty_label": "Hard",
    "healthy_label": "Healthy"
  }
]