[
  {
    "title": "کتلت به طرز اردبیلی ها",
    "location": {
      "province": "آذربایجان غربی",
      "city": "اردبیل",
      "coordinates": {
        "latitude": 38.2432,
        "longitude": 48.2976
      }
    },
    "ingredients": [
      {
        "name": "۵ سیب زمینی متوسط",
        "amount": "",
        "unit": ""
      },
      {
        "name": "۱ پیاز بزرگ",
        "amount": "",
        "unit": ""
      },
      {
        "name": "گوشت چرخکرده",
        "amount": "",
        "unit": ""
      },
      {
        "name": "نمک و زردچوبه و فلفل قرمز در صورت ترجیح خودتان بزنید",
        "amount": "",
        "unit": ""
      }
    ],
    "instructions": [
      "1 اول سیب زمینی ها را پوست کنده و رنده ریز میکنیم",
      "2 بعد گوشت چرخکرده را اضافه میکنیم و پیاز را رنده کرده و نمک و غیره را اضافه میکنیم",
      "3 بعد با دمای کم شروع به پخت آن میکنیم توجه داشته باشید اگر دما زیاد باشد کتلت سفت میشود و داخلش نمیپزد"
    ],
    "meal_type": "غذای اصلی",
    "occasion": []
  }
]